year,country,life_evaluation,gdp_per_capita,pm2_5,intentional_homicide_rate,healthy_life_expectancy,degree_of_urbanization,sdg_index_score,gdp_per_capita_n,healthy_life_expectancy_n,pm2_5_n,intentional_homicide_rate_n,degree_of_urbanization_n,sdg_index_score_n,urban_happiness_index_raw,urban_happiness_index,urban_happiness_index_pca_raw,urban_happiness_index_pca,pca_happiness_index_raw,pca_happiness_index,sustainable_happiness_index_raw,sustainable_happiness_index
2011,Afghanistan,4.258,2757.052587477253,41.9026051489319,4.19453539608613,50.93310189,79.197,37.89358036796536,1.1073306989786662,3.4369272381709712,4.219182935856381,1.3453653974783397,7.551293487957182,1.1351244400557876,2.027192982071699,1.0,3.3631936878785975,1.980847328679082,2.19710473128272,1.1747649589078373,2.19710473128272,1.1747649589078373
2011,Albania,5.134,12153.06365917855,21.9489443809331,4.87720435898422,67.00329306,62.579,69.26289697181903,1.6785806155653882,8.048919923001744,2.5116323324471836,1.4024810137523838,5.589258540168967,6.7176476567948,3.288767807755085,2.996544563198479,4.901618869060834,4.961184622707985,4.976034219246484,5.8128114270520514,4.976034219246484,5.8128114270520514
2011,Algeria,5.368,14641.964093568453,15.9157535272917,0.758738181010027,65.35785983,77.002,69.14321018589254,1.8298984625419616,7.576696167860348,1.9953371622325884,1.0579088321488699,7.2921367476517815,6.6963480451517015,3.1114149096932966,2.7158692063476098,5.049615136263178,5.2478926146957745,4.787437728611309,5.49804299155072,4.787437728611309,5.49804299155072
2011,Angola,4.178,11034.591968781438,21.5236235344248,4.35620071002768,51.05446448,71.739,51.35704564977507,1.6105808170372375,3.4717571522255715,2.4752351581871848,1.3588911537932447,6.670750905179199,3.531099732173851,2.4081627126391707,1.6029155217928919,3.7034458153648426,2.6400058742644132,2.791677290189924,2.1671093738485965,2.791677290189924,2.1671093738485965
2011,Argentina,6.242,29425.759387608403,15.7163051408834,6.01715853502966,65.96714709,85.301,70.78391580510993,2.728709858581148,7.751555841672219,1.97826920580493,1.4978554760871026,8.271973553025134,6.988330090115665,3.466863392282723,3.278395281665137,5.390165530819264,5.9076289826430255,5.15444508917319,6.110580013382185,5.15444508917319,6.110580013382185
2011,Armenia,4.474,10990.177099035009,26.4617308757386,2.42878652522919,64.57398915,76.89,71.09339866071429,1.6078805232163553,7.351732705772716,2.8978176741675563,1.19763371429759,7.278913260219342,7.043406050118624,3.417902293345341,3.2009103684427282,5.485372813878396,6.092070722049711,4.9209479638611775,5.720872206089549,4.9209479638611775,5.720872206089549
2011,Australia,7.345,53257.04732376032,5.4379673679775,1.10321388892905,69.65596114,80.457,75.12525789831088,4.177582272821074,8.810210541814222,1.0986921662715858,1.0867294515391346,7.700057721572125,7.760920814139386,3.313538566205214,3.0357462990789634,5.322091141334139,5.775750848930437,5.856210969970975,7.281830589906609,5.856210969970975,7.281830589906609
2011,Austria,7.227,61272.172466289885,16.7900255714223,0.917401680155648,69.6239956,56.31,82.90816157106784,4.6648783747692715,8.801036734540421,2.0701536970958667,1.0711834411122354,4.84909744450858,9.145976185140725,3.705325431417257,3.655780814469643,5.666221559516195,6.442422671429845,6.528993642950228,8.404708055403761,6.528993642950228,8.404708055403761
2011,Azerbaijan,4.582,19358.077810034483,23.504172387075705,2.27956547808754,62.40031259,77.17,68.99386676587302,2.1166243451091593,6.727908117262352,2.644722222628474,1.1851491097062634,7.311971978800441,6.6697707014353975,3.2685783838383884,2.9645931610823544,5.249242570098424,5.634623859898914,4.727097618067383,5.397335061461874,4.727097618067383,5.397335061461874
2011,Bahrain,5.568,53132.3284162611,54.6856108835961,0.994424592783129,64.54082046,97.786,58.10569126984127,4.169999729020089,7.34221360584247,5.313098955046991,1.0776275763535166,9.746038201185916,4.732097233373333,3.186191719355735,2.834209577243959,5.6962240296801285,6.5005454074824645,5.176436724528387,6.147284156876891,5.176436724528387,6.147284156876891
2011,Bangladesh,4.807,4352.42643359325,69.2015582728483,2.58218128044816,61.53790024,97.147,56.60192476445123,1.2043247499183471,6.480403939655999,6.55531285312659,1.210467512893536,9.670593482709766,4.464485046123352,3.362651061938194,3.113470810019227,5.954484131845837,7.000863670248211,4.358763130804318,4.782583058884814,4.358763130804318,4.782583058884814
2011,Belarus,5.566,25404.75660824116,17.2267917168315,3.93761674954488,61.84040702,72.006,75.3064911276224,2.4842446823717923,6.567220520847406,2.1075303120345286,1.3238702546975665,6.702274754683319,7.793173308608833,3.548059128830465,3.406894125379362,5.463852532090028,6.050380232855694,5.038888544697827,5.917715593721209,5.038888544697827,5.917715593721209
2011,Belize,6.451,11641.77173757032,18.1926127367792,37.8859632506156,64.39294465,59.3,66.53521445972328,1.6474955662459134,7.299774648721871,2.1901812242942937,4.164164507510842,5.202117332213884,6.232225830620974,4.505015886031596,4.921355869470524,4.667176929219082,4.507008452724916,4.724007810592927,5.392178158162883,4.724007810592927,5.392178158162883
2011,Bosnia and Herzegovina,4.857,12487.649056603705,34.5560460093254,1.36298129441799,66.94670309,52.05,69.41800739962653,1.698922426458513,8.03267913750555,3.590495215960131,1.1084629362275622,4.346132654667576,6.7452513045034435,3.246917631598679,2.9303132624678945,4.9849470769022695,5.122613445189669,5.128331458987334,6.066996241005621,5.128331458987334,6.066996241005621
2011,Brazil,6.697,18627.81045293967,15.0149383266817,26.7470983503833,63.25101288,78.427,70.07098017570665,2.0722262315221256,6.972051044559179,1.9182491753590876,3.2322294585388547,7.460382011859161,6.861455164740487,4.274634089774802,4.556757976890319,5.252659855538214,5.641244047455076,4.839178948781868,5.584399332907684,4.839178948781868,5.584399332907684
2011,Bulgaria,3.889,22321.033168819,30.8419877010684,1.73441146879584,64.84955708,60.141,73.38424528478059,2.2967633411830928,7.4308180921187414,3.2726616826000647,1.1395387056931991,5.301411554809257,7.451088009733494,3.4628090237567792,3.271978914381261,5.386635666120782,5.900790699226683,5.2796259514297645,6.319507464972106,5.2796259514297645,6.319507464972106
2011,Burkina Faso,3.926,1939.866599894059,42.704603891547,0.55963484448214,51.66966859,49.145,48.12507261904761,1.0576481875724495,3.648314905956253,4.287814624688243,1.0412508172308748,4.003148449388677,2.955933728152779,2.223265112276645,1.310300061150455,3.466456941145778,2.180895617396266,2.7840123813542608,2.154316604723697,2.7840123813542608,2.154316604723697
2011,Cambodia,4.101,3921.979115633081,21.1793343979383,1.82033262639221,59.15056359,65.897,54.21390772907648,1.1781548154000385,5.795260928626815,2.4457723378260408,1.1467273141312666,5.9810043553549885,4.039510517340979,2.404918585232907,1.597781426847877,3.769535855485006,2.7680397973588224,3.436217568852357,3.2428501495591187,3.436217568852357,3.2428501495591187
2011,Cameroon,4.376,4307.851955585272,52.6477399727018,4.12706343595528,50.05536433,73.442,51.74185457940752,1.2016147523832608,3.18502487042078,5.138706509268401,1.3397203443214898,6.871818754263525,3.59958081548243,2.830566680183944,2.271404086803808,4.5935201200364535,4.364315692588567,3.0317888171681915,2.5678566488283163,3.0317888171681915,2.5678566488283163
2011,Canada,7.499,53681.10848093447,7.40657220393887,1.76238467720832,70.02853914,75.099,77.22967282913164,4.203363947492892,8.917136899587529,1.2671571118574696,1.1418790889894581,7.067455528152386,8.135425154075051,3.442625241754738,3.2400364410530305,5.416658471055758,5.958952829119996,6.030994657931693,7.573545392367981,6.030994657931693,7.573545392367981
2011,Chile,6.128,25372.27414807724,23.8820538505398,3.66532251337043,68.36719666,80.724,75.0958737076649,2.4822698440582167,8.44034734035302,2.6770597334470456,1.3010887105638609,7.731581571076245,7.755691566446238,3.662721426100277,3.588356517904421,5.824757438500401,6.749548684678786,5.60070222487199,6.855385285008049,5.60070222487199,6.855385285008049
2011,China,4.68,11404.917983554236,52.7272298089351,0.883293080721741,66.81696284,83.032,66.62370038784745,1.6330955526452011,7.995444914365434,5.145508916075013,1.0683297392702156,8.00407986566616,6.247972898188497,3.500962463630456,3.332359829881732,5.965464656837778,7.022135857249434,5.179949784191387,6.153147470081824,5.179949784191387,6.153147470081824
2011,Colombia,6.202,14852.369951306107,19.4233780082529,35.6322084408409,66.81985658,79.375,67.4151205818691,1.8426905216151988,7.996275390342393,2.2955049544305948,3.9756037234605355,7.572309387626594,6.3888150358453695,4.585608559062798,5.048900316219386,5.2252032087728715,5.588053246027316,5.005498118049811,5.861986813608066,5.005498118049811,5.861986813608066
2011,Costa Rica,7.251,19264.456646177645,19.3112349144129,10.282368146525,69.18762856,73.225,70.74105749936338,2.110932452918329,8.67580352635443,2.2859082187848845,1.854704972311965,6.846198247363173,6.980702971875198,3.624457884602191,3.5278013576464153,5.220452958980767,5.578850753254491,5.312430258410903,6.3742580085871134,5.312430258410903,6.3742580085871134
2011,Croatia,5.623,28769.02294908822,24.2670565479156,1.14463944324737,67.24932529,55.159,76.03317749766575,2.688782209192354,8.119528843143954,2.710006649597518,1.0901953276708696,4.713202497769849,7.922495333161846,3.4572575507772445,3.263193257780172,5.301148506563207,5.735179415098945,5.609497803700995,6.870065147703321,5.609497803700995,6.870065147703321
2011,Cyprus,6.416,41212.6875,23.6802164434596,0.785002954663899,70.40229958,73.816,72.94358576815343,3.4453205191726983,9.024402606443408,2.6597873346497742,1.0601062789570137,6.915975756939707,7.372667685398282,3.386763627298391,3.1516309019096083,5.477157072097514,6.076154652859492,5.850672756995737,7.272587286238456,5.850672756995737,7.272587286238456
2011,Czechia,6.36,39708.16262801955,20.5894906583766,0.81939793117267,67.28853165,59.372,79.62590076069763,3.353849819419057,8.130780697188875,2.3952959843831163,1.06298394058629,5.21061814556331,8.561860904317768,3.6020602573829503,3.492355294564982,5.581109220803662,6.277537514615102,5.914709626048677,7.3794651237756845,5.914709626048677,7.3794651237756845
2011,Denmark,7.856,60391.779933220576,13.4610916735072,0.825726922413442,69.0239629,63.355,83.42188172481113,4.611353090769329,8.628833031810029,1.7852774955714499,1.0635134567277227,5.680878417379441,9.23739847276641,3.7254242723522175,3.687588861664584,5.782051069451237,6.666815129659897,6.456421631118086,8.283585024171032,6.456421631118086,8.283585024171032
2011,Dominican Republic,5.036,15258.085814850285,12.37191949007,25.2674003329003,64.34410881,84.845,66.5506669149478,1.8673568562372966,7.285759225105875,1.692070708071713,3.1084302692374375,8.218135068478773,6.23497576907631,4.0360057338146085,4.179109234209333,5.050615144159968,5.249829895016965,4.644188661995136,5.258959621367432,4.644188661995136,5.258959621367432
2011,Ecuador,5.425,12449.078554921784,18.9757073503174,15.2875203821371,65.87894631,76.117,65.79125485527544,1.6965774530756201,7.726243053053018,2.2571951770431635,2.2734618955340196,7.187647583565095,6.099829839449277,3.602140267269651,3.4924819167050587,4.9158793624331665,4.988810977729132,4.7177714019986166,5.3817695627019235,4.7177714019986166,5.3817695627019235
2011,El Salvador,5.956,8945.931329700064,31.7764794212371,71.7719022936632,64.40046295,76.703,63.88268238265003,1.4835963757942192,7.301932329625326,3.352631564778983,6.9992374296077555,7.256834758881252,5.760177870813421,6.108073353895853,7.458324431937974,5.381850761605549,5.89152107107086,4.863937156441215,5.62572089867226,4.863937156441215,5.62572089867226
2011,Estonia,5.33,32453.100847670903,8.57915434602602,4.89694750660617,66.33367241,63.383,76.8220578134284,2.9127633407815576,7.856745137602996,1.367501773799348,1.404132827596139,5.684184289237551,8.06288547087471,3.5037997387536723,3.336850048064777,5.157646704303588,5.4571783928418585,5.454715641105943,6.611732985744894,5.454715641105943,6.611732985744894
2011,Finland,7.579,55053.39068503226,6.90854689697724,2.04148255432524,68.91819484,59.196,85.36711360698125,4.286794680879881,8.59847860018887,1.2245381947924245,1.1652298609135803,5.189838379598047,9.583574396242588,3.767141073362945,3.753609085401122,5.669804335695398,6.4493634584071025,6.398917951750999,8.18761111114122,6.398917951750999,8.18761111114122
2011,France,6.746,50085.68297791092,15.4920531594036,1.34308688468283,69.96634497,62.191,79.62488398692811,3.984772621554396,8.8992877617618,1.9590786617366627,1.1067984670130717,5.54344860156373,8.561679957973091,3.5750523930198295,3.449613156992142,5.514565658033208,6.148624997953139,6.20326476247327,7.8610650122059615,6.20326476247327,7.8610650122059615
2011,Germany,6.572,57950.95897296767,15.4585841988169,0.91271260058552,69.09884746,72.235,80.52063204312027,4.462958334813052,8.650324191390727,1.9562145284575727,1.0707911284629699,6.729312063808575,8.721088413796041,3.660060326117389,3.5841451111810154,5.8154342250857525,6.731487149428489,6.296815492236254,8.017201622957986,6.296815492236254,8.017201622957986
2011,Ghana,4.705,5005.367324981874,30.3930045479609,1.62099472513754,54.88318904,74.78,57.88319397334693,1.2440216411731033,4.570564843817701,3.234239587380383,1.1300496743150346,7.029792202340348,4.692501333372478,2.7531489379232412,2.1488842257071994,4.505020544915347,4.192868561154814,3.443017158185042,3.2541986963379723,3.443017158185042,3.2541986963379723
2011,Greece,6.133,33906.49174356758,18.8826332091494,1.65633803374762,69.21048122,67.39,74.9162777820219,3.0011252447547667,8.682362023365078,2.249230282392449,1.133006678312783,6.15727816550349,7.723730448606311,3.424509397906256,3.21136664770657,5.358987767107755,5.847229391508913,5.7052789145464535,7.029924275038438,5.7052789145464535,7.029924275038438
2011,Guatemala,6.277,10032.093282970902,31.96363951634,38.4055692334411,61.39007406,72.983,57.22500847975555,1.5496318370629223,6.43797922587542,3.368647940773488,4.207637431492577,6.817626069160939,4.575369811341064,4.3143964122395735,4.6196850796835935,4.624837060676323,4.424984906318004,4.151169214399241,4.436107829858296,4.151169214399241,4.436107829858296
2011,Guyana,5.993,10958.85988384375,17.0102709095446,17.4227001700724,57.11145549,72.999,62.54087278499277,1.6059765283796934,5.210056213804548,2.0890013694293534,2.452102079974355,6.819515138794143,5.5213877394898505,3.4859898656240773,3.3086644782164836,4.54764236484124,4.275438322114463,3.847097128527008,3.9286100793578536,3.847097128527008,3.9286100793578536
2011,Haiti,3.789,3300.874441051747,14.1411517955388,9.21844574684968,52.85756286,78.743,46.10721881207029,1.1403934727580736,3.9892293123647984,1.843474188661069,1.765691721632972,7.497691137114971,2.5968339151829225,2.2973048507515834,1.427473957064794,3.284527430248616,1.828449939281081,2.462741968174762,1.6181147645473777,2.462741968174762,1.6181147645473777
2011,Honduras,5.564,5488.433715963321,33.3998623380405,83.17933330780821,61.60674587,54.386,58.31024766997707,1.27339066101016,6.500161983513953,3.4915538663747636,7.953642108722777,4.621936821115601,4.768500348790592,6.20821145084876,7.616801098537648,4.523344505452867,4.228366928987247,4.375742700008022,4.81092204025046,4.375742700008022,4.81092204025046
2011,Hungary,4.943,28415.117344289694,23.5710586394975,1.45777335776427,65.27843027,62.676,79.20935797882673,2.6672657863531324,7.553900636319742,2.6504460675915893,1.1163937305219547,5.600711024820276,8.487732424570341,3.666368400492983,3.594128150904419,5.707183558910252,6.521776920128686,5.6192563460321505,6.886352201041409,5.6192563460321505,6.886352201041409
2011,Iceland,6.888,57837.860459941294,5.11666915910621,0.940035157314884,70.84840583,73.856,81.06394617180204,4.456082276915783,9.152430875671351,1.0711968130724199,1.0730770748741782,6.92069843102272,8.817777282592619,3.5643369211606126,3.4326550530041073,5.622759315764316,6.358224786787604,6.325712496160197,8.065430859277184,6.325712496160197,8.065430859277184
2011,India,4.975,5098.674587754443,55.0258281992835,3.77728016164146,58.23393254,80.78,57.57421958450047,1.2496944490986173,5.532196497558896,5.3422133260612545,1.3104556664753269,7.738193314792466,4.6375158607561815,3.184281697687048,2.8311868129175206,5.280777752630602,5.695715866012876,3.999765334676126,4.183414038002615,3.999765334676126,4.183414038002615
2011,Iraq,4.882,12267.584894064485,51.6251483019676,8.18993599583675,61.22202479,84.924,58.28358069561158,1.685543170779167,6.3897506767727785,5.051197402808908,1.6796412762991384,8.227462349792727,4.76375466033982,3.390463608289874,3.1574864221546965,5.363457500807538,5.855888450267691,4.342188951809855,4.754920675697113,4.342188951809855,4.754920675697113
2011,Ireland,7.284,59797.05373434632,9.21023784264142,0.917110164037163,69.16682738,54.057,78.15033517528225,4.575195482087697,8.669833784676753,1.421507252692497,1.0711590513660099,4.58309282678281,8.299267388417249,3.3532722255586167,3.0986280401719215,5.042308261407603,5.2337372616105275,6.122504346490783,7.726275495690413,6.122504346490783,7.726275495690413
2011,Israel,7.199,39036.0247356871,19.8490631652087,1.9676021588745,70.60583022,92.651,71.26167528909001,3.3129858068077813,9.082813972735755,2.331933304850783,1.1590486449127453,9.13976491577898,7.073352771515374,3.4129945165241047,3.193143413260721,5.688763245835875,6.486091891896722,5.701346599537965,7.023361222677539,5.701346599537965,7.023361222677539
2011,Italy,6.578,49473.01492356342,20.9109626019682,0.914393555930683,70.51863201,76.264,76.48993714455479,3.9475242006797724,9.05778891221245,2.4228062050710077,1.0709317658812298,7.205003410820171,8.003780857020352,3.5502557772586085,3.410370499818027,5.738500379331357,6.582445900962515,6.134148206301278,7.745709152824768,6.134148206301278,7.745709152824768
2011,Jamaica,6.208,9932.483809469626,19.9260997656634,41.0433859018324,64.02516696,74.916,66.1299253968254,1.543575873208194,7.19422593446075,2.338525774028267,4.428330817044376,7.045849294222595,6.160100076920626,4.7341580560277885,5.28399195287333,5.05957581998119,5.2671890988679895,4.6857845764974835,5.328383399546204,4.6857845764974835,5.328383399546204
2011,Japan,6.059,41640.660872125074,12.8987119186209,0.345052544691282,72.11954868,91.159,78.43885875823526,3.4713400450398084,9.517236836195272,1.7371513947538344,1.023297752187421,8.963609172482553,8.350613409777944,3.6076272911457967,3.501165577368725,6.023287086613786,7.1341532280002,6.143103828747821,7.7606561290752,6.143103828747821,7.7606561290752
2011,Jordan,5.706,11988.4963110815,29.1117532656141,1.89828811842751,66.29735017,91.197,66.14229210593328,1.6685754034433558,7.846320998686129,3.124595476170533,1.1532494737892078,8.968095712861416,6.1623008720983234,3.262338309514773,2.9547177369607454,5.499427806933847,6.119298968494747,4.830238217447081,5.569477209993253,4.830238217447081,5.569477209993253
2011,Kazakhstan,5.594,27946.160343294392,20.658217702199,8.3206363060125,60.57142757,73.757,69.08647301587303,2.6387545760472872,6.203035435636588,2.401177356554066,1.6905763402446352,6.909009812667262,6.68625102668981,3.4767537389243977,3.2940475580213073,5.130078288423826,5.403771065018083,4.708678124040317,5.366592838750842,4.708678124040317,5.366592838750842
2011,Kenya,4.18,4307.106115568585,21.8008758316208,5.31122951314829,54.34378906,69.64,55.7781626984127,1.201569407497642,4.415762157549603,2.498961246992547,1.438793802974967,6.422928582673033,4.317887308059653,2.664373171366938,2.0083893692362382,4.011473583872412,3.2367372963112975,3.187388594197822,2.827553413147842,3.187388594197822,2.827553413147842
2011,Kuwait,6.574,64844.501901940814,64.3121796188421,1.88329056827335,69.70496446,95.887,58.45833768823771,4.88206552754754,8.824274030604219,6.1369003338392,1.1519947011743532,9.521829249094822,4.794854635546261,3.35584403011217,3.1026981296303284,5.93776095248589,6.96846643980059,5.877350439823146,7.317112465143445,5.877350439823146,7.317112465143445
2011,Lebanon,5.049,17353.19608452942,25.8236773224029,3.29669003490076,66.55678241,87.911,64.39204216763629,1.9947334161052157,7.920775594803372,2.8432157270525145,1.2702470108078892,8.580128036941806,5.8508241817059465,3.1722617544937197,2.8121642771598068,5.206038412310097,5.550925956166793,4.797627122441467,5.515049138079873,4.797627122441467,5.515049138079873
2011,Liberia,4.04,1601.0337404599568,21.4654808181205,3.81410073040029,51.70360633,54.932,47.47341752397929,1.0370481434461154,3.658054715953777,2.47025954837485,1.3135362656976695,4.686401322348743,2.8399643640934347,2.0893764663907577,1.098410411344965,3.004932544085783,1.2868005457041378,2.493357143488786,1.6692116370487629,2.493357143488786,1.6692116370487629
2011,Lithuania,5.588,29251.87747185385,16.3104488377446,6.96681994220841,63.87498451,58.1,75.9654501145913,2.7181383480632553,7.151124993503492,2.0291135315596405,1.5773090611635747,5.060437109723463,7.9104424824989925,3.618843072862652,3.5189154623164356,5.181490152986427,5.503369472003162,5.2843682910077465,6.327422452173353,5.2843682910077465,6.327422452173353
2011,Luxembourg,7.051,129887.62696287331,15.1964907412119,0.771331163321661,70.26109833,62.236,74.117078612013,8.836496773111168,8.983879184836283,1.9337856695686426,1.0589624261813328,5.548761609907121,7.581503954554314,3.2681294433128003,2.9638826762602775,5.075193630944266,5.297444937782807,7.070467080976835,9.308429786275529,7.070467080976835,9.308429786275529
2011,Malawi,4.624,1533.228895724054,19.1678879677523,2.24696688131315,50.98246482,54.049,49.98040082972582,1.0329258077438708,3.451093931625545,2.273641188282906,1.1824217424966363,4.582148291966207,3.286110280660448,2.1138358123060534,1.137119311611837,3.1121263126382965,1.494463284206021,2.536838710015954,1.741782577381791,2.536838710015954,1.741782577381791
2011,Malaysia,5.823,24115.818120395797,18.2222758028205,1.81743121597224,65.22203312,80.465,66.77902511671334,2.4058810025029307,7.5377151883375895,2.192719665080008,1.1464845671291224,7.701002256388729,6.275614683184254,3.087459303836182,2.677957515611201,5.011497816004674,5.174049263387938,4.82021989231914,5.552756577937773,4.82021989231914,5.552756577937773
2011,Malta,5.96,37740.84736654288,14.6398808384871,0.70649991698626,70.10967732,94.119,75.62369248366014,3.234242821253308,8.940422788887904,1.886153328500403,1.0535383087986687,9.313087054625596,7.849622862700944,3.5205562525325607,3.3633685912397944,5.920081178673794,6.93421603237961,5.8083265578083925,7.2019112793693125,5.8083265578083925,7.2019112793693125
2011,Mauritius,5.477,19678.60226397328,15.9689639909968,2.48781940296999,63.88767844,91.51,64.87590578179989,2.136111291876176,7.154768031204939,1.9998906905532183,1.2025727101738377,9.005050637561002,5.936933161825446,3.055362326116848,2.627161443070735,5.063730964774915,5.275238715542432,4.528493896535849,5.065864510230083,4.528493896535849,5.065864510230083
2011,Mexico,6.74,20457.600167778302,17.9603910904213,23.6134785680132,64.99708929,77.354,65.77566875477464,2.1834720797864944,7.473158439293153,2.1703086697303187,2.970054620124057,7.3336962795823055,6.09705611731172,3.954124512385092,4.049525555029149,4.955499922455398,5.065566502852443,4.789582899682638,5.501623292221909,4.789582899682638,5.501623292221909
2011,Mongolia,4.562,10960.095928386429,46.1738692440549,9.68970892806502,59.21664641,65.407,64.07770566378066,1.6060516762628234,5.814226072177937,4.584699803550368,1.8051200367977833,5.923151597838064,5.794884460327794,3.5637648039991663,3.4317496311575835,5.224503785984821,5.586698278723727,4.421453921428721,4.887214285153796,4.421453921428721,4.887214285153796
2011,Montenegro,5.147,20110.48697250475,28.7991539019875,3.31917415785834,66.52035962,80.805,71.12868537475595,2.162368615525648,7.910322598988691,3.0978445336646847,1.2721281488248453,7.7411449860943495,7.049685718332875,3.511163095856044,3.348503158360209,5.645117370198606,6.401538263625805,5.23369318247085,6.2428454561789,5.23369318247085,6.2428454561789
2011,Morocco,4.793,7503.79296875,20.0117884593084,1.33991288287498,62.59007784,76.176,65.59712670401494,1.395918592944388,6.782368946979731,2.3458586530543317,1.106532913605545,7.19461352783754,6.065282548377554,3.005193185090485,2.5477647051861907,4.864386655419998,4.889055957492194,4.340532462346693,4.752155986942895,4.340532462346693,4.752155986942895
2011,Mozambique,4.693,1275.5295982258067,15.6051763609066,3.58999788532633,46.38167076,50.336,48.94239365079366,1.0172584462351453,2.1307096048513623,1.9687592708856272,1.2947866625945377,4.143766070210422,3.1013852116157916,2.051369376378509,1.0382611063793676,2.856888501429256,1.0,2.092392650214225,1.0,2.092392650214225,1.0
2011,Myanmar,5.322,4078.6122091996535,34.0895925194937,2.13477102911342,57.68494956,68.798,54.9580255326373,1.1876776481161588,5.374643581039572,3.550578082593714,1.173034857212479,6.323516293225587,4.171934661826702,2.6401669737710973,1.9700810967328581,4.237367920567526,3.674354493687775,3.5322798866296488,3.403178612594423,3.5322798866296488,3.403178612594423
2011,Namibia,4.886,10965.272975953529,19.1486949521859,14.350110071867,53.2875184,38.051,58.96043865546219,1.6063664255716845,4.112622480766197,2.271998730505724,2.1950333005889284,2.6933147924647116,4.884209158058665,2.9960279598019914,2.533259992229257,3.496625563599527,2.2393402344684397,3.3808233170357704,3.1503968810950576,3.3808233170357704,3.1503968810950576
2011,Nepal,4.474,3176.650406024168,52.7488588178893,2.47228294102196,59.8589232,70.574,59.68091048881674,1.1328410157520048,5.998553428696657,5.147359835949832,1.2012728494109977,6.5332030225114135,5.012425235810713,3.1456023070025054,2.7699735375676253,5.141441267841598,5.425784167601365,4.172988564951941,4.472524429202205,4.172988564951941,4.472524429202205
2011,New Zealand,7.372,41961.92022636408,7.14580979286737,0.889862312060794,69.0459536,74.133,77.72816826073233,3.490871671589766,8.635144154463234,1.2448421583485034,1.0688793551408184,6.953402949047593,8.224138030912393,3.4212467612539488,3.206203260377303,5.422130564329515,5.969553724021918,5.808290987402417,7.201851912193384,5.808290987402417,7.201851912193384
2011,Nicaragua,5.115,5976.252475193953,21.7376057725567,12.682480356333,66.13089688,65.628,61.23440126050421,1.3030486108990462,7.798550480729929,2.493546860690766,2.055510773425419,5.949244372146717,5.288886416315668,3.2338063513912445,2.909563597301942,4.376709150842201,3.944295385362694,4.4224507171334215,4.888877941902797,4.4224507171334215,4.888877941902797
2011,Niger,4.122,1325.926469874159,68.6712649060334,4.83806653628145,51.30897594,51.292,44.6338641504329,1.0203224282276804,3.544799531081455,6.509932570830677,1.399206541080002,4.2566379807944585,2.334633858071351,2.5795470211008986,1.8741451011334904,3.949202023581144,3.116100780630492,2.9068060209768896,2.3592597704387868,2.9068060209768896,2.3592597704387868
2011,North Macedonia,4.369,17201.236162643956,30.0063660364587,1.47026715489338,65.62542853,71.145,68.96067143082612,1.9854946985218533,7.653485850947216,3.2011526851175343,1.1174390262090512,6.600619195046439,6.66386321766943,3.281011688003904,2.9842698741309093,5.274219724226808,5.683011226966271,5.015278578423931,5.878310448263601,5.015278578423931,5.878310448263601
2011,Norway,7.524,84670.83443983554,8.33134144870997,2.24108049961155,69.83909679,62.709,82.08130573511457,6.0874483992859245,8.862768739112362,1.3462949853676611,1.1819292573584752,5.604607230938763,8.998827875874142,3.6483884153893182,3.565673365049235,5.533575733538268,6.185452552313954,6.736290741069122,8.750687893305793,6.736290741069122,8.750687893305793
2011,Pakistan,5.149,4246.067108824967,55.1733849833434,6.80258538196207,55.7744433,84.209,52.61062204005145,1.1978584149025135,4.826346376467899,5.35484061679192,1.56356834841439,8.143044550558852,3.7541877704326803,3.08536064976166,2.674636225191307,4.991144417735139,5.134619336820887,3.5513000700524073,3.434923388749942,3.5513000700524073,3.434923388749942
2011,Panama,6.863,24999.47026554821,15.1716286040201,14.8639320731842,67.18397539,66.152,65.7283371827519,2.4596044613577526,8.100774040692254,1.9316580721389025,2.238022306762299,6.011111402634203,6.088632930952944,3.4732787022594183,3.2885480304315573,4.5765953383037115,4.331527904915573,4.943109273001903,5.75785953593537,4.943109273001903,5.75785953593537
2011,Paraguay,5.398,13107.810443598915,14.3574917202928,11.2990930113132,64.69857352,62.142,62.986438866342,1.7366264199817105,7.387487240177812,1.8619876520976952,1.9397694331115272,5.537663325812039,5.6006812422822545,3.1469907198609812,2.772170813613113,4.231083946578547,3.6621807706733933,4.41213883357781,4.871667359442115,4.41213883357781,4.871667359442115
2011,Peru,5.258,12724.883204942873,29.706354612961,5.5180019181967,68.53336165,70.975,66.43516524064171,1.71334556691845,8.48803511893935,3.1754789657344356,1.456093451830644,6.580547830193629,6.214420945184904,3.3227107092706802,3.050261959979469,5.084077220907748,5.314654805897861,5.048157787606009,5.9331860040064885,5.048157787606009,5.9331860040064885
2011,Philippines,4.825,6388.31296959977,24.6822130997902,8.64032540631909,61.43255175,82.338,61.47265602240896,1.3281006804700313,6.45016992065161,2.7455340061515425,1.717323183843018,7.922141470325864,5.331286534769907,3.2074146974132107,2.8677966626810676,4.8431972605904905,4.848006484030147,4.107090659657411,4.362540513369439,4.107090659657411,4.362540513369439
2011,Poland,5.803,28521.6612623568,25.8393780636571,1.10446216454824,66.57402172,59.827,77.57150679973618,2.67374334410016,7.925723113521133,2.8445593306405628,1.086833888733653,5.264338563257596,8.196258359377826,3.5809856340823987,3.459002992572605,5.571220892796339,6.258381202630422,5.657358353245358,6.949944631417867,5.657358353245358,6.949944631417867
2011,Portugal,5.327,36127.2949766157,10.2621187703881,1.07984686066494,68.86846299,70.058,77.26457915711738,3.1361435681638468,8.584206030187879,1.5115228109287617,1.0847744450977521,6.472280526840532,8.141637128306188,3.42251131701345,3.208204522510229,5.374205979371318,5.8767111018399225,5.726319799514727,7.065041611637444,5.726319799514727,7.065041611637444
2011,Qatar,6.569,149025.11632502364,98.0607408213711,0.220878544410392,64.75578356,93.005,62.26494299719887,10.0,7.4039059798920865,9.024960660994408,1.0129087130825114,9.181560581413654,5.472282925827442,3.896860136830098,3.958900032585527,7.050786204211816,9.124691329700997,7.337288912925784,9.75375668667176,7.337288912925784,9.75375668667176
2011,Romania,5.178,26150.74762317356,22.3185237720693,1.01074789871675,65.27195228,54.762,73.91808739495798,2.5295987482410887,7.5520415145347926,2.5432593867346016,1.0789932685538337,4.666329957495934,7.546091226149503,3.3169137702758045,3.0410878334847187,5.074745099176563,5.296576012877525,5.284471185491114,6.327594183553095,5.284471185491114,6.327594183553095
2011,Russian Federation,5.284,34444.64453125,13.5706689279912,11.2292273482455,60.75641253,78.496,68.59202162967752,3.033843355954143,6.256124367392196,1.7946546574461353,1.933924110386489,7.468528624652358,6.598257833282271,3.512971969422303,3.351365847604402,5.028315077416523,5.206628755704003,4.7129285295100765,5.373686785597131,4.7129285295100765,5.373686785597131
2011,Serbia,4.564,17986.58402835389,28.1010565404824,1.75156114676202,65.39609436,64.271,73.74627556818182,2.0332415454928547,7.587669115898277,3.0381042892686208,1.140973536451846,5.789027653880464,7.515515376378824,3.4705084470300593,3.2841638766705206,5.4387862710141,6.001820242015552,5.243399160580073,6.259044779581795,5.243399160580073,6.259044779581795
2011,Sierra Leone,3.586,2590.52839404167,24.8500575155607,2.92770708400218,48.52647717,52.971,51.37051987522281,1.0972065163990767,2.7462487337053068,2.7598974273182204,1.2393759887158333,4.454872225428976,3.533497622358694,2.2807638443130216,1.4012964717484933,3.348689515053979,1.9527489019781927,2.5165396052641587,1.7079032754749477,2.5165396052641587,1.7079032754749477
2011,Singapore,6.549,100153.72940594528,16.7516267296423,0.30874685632986,72.25753327,99.937,70.23967571428572,7.028763005071049,9.556837106843414,2.0668676852600427,1.0202602305221427,10.0,6.891476435926302,3.2922645333636824,3.0020784153019884,5.689121582225393,6.486786084450609,6.6027470407155455,8.527802825350484,6.6027470407155455,8.527802825350484
2011,Slovenia,5.922,38233.29056228515,21.1444823610094,0.780943418696957,68.81327766,49.548,78.85410090824209,3.264181923319578,8.568368363070073,2.44278984667417,1.0597666371816585,4.050729390775044,8.424510427435543,3.5111622504587183,3.3485018204503207,5.3066158722128955,5.745771151340117,5.973595129548061,7.477745307822503,5.973595129548061,7.477745307822503
2011,Spain,6.761,42271.83467882382,12.0942948150579,0.819183054272952,70.77351418,77.264,77.46137459893049,3.5097135613838137,9.130937681327795,1.6683127527345913,1.0629659628734929,7.3230702628955235,8.17665909377467,3.487034959053194,3.310318423397902,5.60447239904003,6.322798182638867,5.990420275250913,7.5058265556343375,5.990420275250913,7.5058265556343375
2011,Sri Lanka,4.26,10618.492599972198,28.5251295739551,3.48421308761825,65.23811462,82.608,65.94807703081233,1.5852831957477145,7.542330426549539,3.0743946809223273,1.2859361592878216,7.95401952038621,6.127738111946569,3.263084819016772,2.955899148841554,5.276220410047362,5.686887085628471,4.720048197265795,5.385569544778965,4.720048197265795,5.385569544778965
2011,Sweden,7.379,56846.136829062525,8.22573808359796,0.857210073297811,70.72455485,66.867,85.5177181690858,4.395788388680294,9.11688681725122,1.337257892279046,1.0661474999649834,6.0955292018680804,9.610376174397748,3.7855867313160823,3.782800836339086,5.889390644751912,6.874760334475113,6.580013884063073,8.48986107930099,6.580013884063073,8.48986107930099
2011,Switzerland,7.499,76527.33615399452,14.9579088964769,0.581221136763671,70.50295163,74.36,78.69508833562271,5.592347586716482,9.053288791641986,1.9133688359020558,1.0430568380897949,6.980204124468699,8.39621234910597,3.5593241673437293,3.424721963205546,5.707639867911382,6.522660911596263,6.563645569532177,8.462542284877344,6.563645569532177,8.462542284877344
2011,Tajikistan,4.614,2572.480748954979,32.6607402415778,1.61026778305936,62.17734621,81.092,64.45590089285714,1.0961092725078463,6.663918877641927,3.4283028972176623,1.129152202859865,7.775030172639975,5.862188561129277,3.151516970943723,2.779333973345652,5.224853560898159,5.587375885429266,4.337982749866756,4.747900504746036,4.337982749866756,4.747900504746036
2011,Thailand,5.804,16768.168854248648,27.0474933399381,4.79225300638159,66.20724983,57.595,70.74647203548086,1.9591654762689827,7.820463054335316,2.9479447691817424,1.3953735442160293,5.000813349425408,6.981666549563723,3.3970752581118777,3.167949894663149,5.035566602833362,5.2206768822575444,5.126004415748344,6.0631123948258026,5.126004415748344,6.0631123948258026
2011,Trinidad and Tobago,6.263,34769.76202513761,14.0082614945374,25.2332824127606,64.00174931,87.022,59.18570154364154,3.0536095460796036,7.187505290670424,1.8321019940397143,3.105575787576963,8.475166605446818,4.924297226250001,3.695716825700435,3.6405744159958573,4.569400548833334,4.31758969092666,4.524030360952202,5.058414848214968,4.524030360952202,5.058414848214968
2011,Turkmenistan,6.568,9837.563455134585,33.5785187835555,1.75950488940016,61.06037968,74.011,55.37427469474969,1.5378049940465481,6.343360060944238,3.5068425357016144,1.1416381510468523,6.938998793094401,4.2460108886309245,2.668890982329718,2.0155391717938564,4.375986449310583,3.9428953209634114,3.8831705042388496,3.988816714156976,3.8831705042388496,3.988816714156976
2011,Uganda,4.313,2384.465327315405,34.1383520886805,11.2518403976957,52.87313258,56.969,48.76917693452381,1.0846784862828172,3.9936976745631827,3.5547507220283996,1.9358160350606393,4.9269035000262384,3.0705593459357936,2.651302885374831,1.987704580743527,3.522672861171467,2.289800752998607,2.8546195919148563,2.2721603733347684,2.8546195919148563,2.2721603733347684
2011,United Arab Emirates,6.977,73190.4056300014,57.1500411170482,0.708390053731386,68.87477264,90.429,62.84560887021474,5.389471997390298,8.586016839986968,5.5239945586717605,1.0536964474147585,8.877420370467545,5.575618958238199,3.4026748825665076,3.176811754882013,5.958663356636794,7.008959936259047,6.074886053536433,7.646800339371206,6.074886053536433,7.646800339371206
2011,Uruguay,5.898,26099.31164877044,12.548000498889,5.98168012770136,66.55796,85.799,73.27693201112615,2.5264715918485385,7.921113551981869,1.7071389823274319,1.4948871690318426,8.330770845358662,7.431990403967782,3.5533955276475235,3.415339409660844,5.5125838166486645,6.1447856459577,5.244793353318093,6.261371693860294,5.244793353318093,6.261371693860294
2011,Zambia,4.705,3335.6433950065702,22.4770513593954,5.9773668355394,50.46861683,51.868,47.49236191829004,1.1425073231883183,3.3036244245160677,2.5568255127975354,1.4945262967007578,4.324644487589863,2.8433357324404835,2.1787321556738446,1.2398230426031707,2.971866819227586,1.2227434734757363,2.448694686863742,1.5946697855532026,2.448694686863742,1.5946697855532026
2012,Afghanistan,4.04,2985.319144528449,34.3492255147613,6.37433845786952,51.25516665,79.952,39.18337201539202,1.1212086361884,3.52935677441287,3.572796385434922,1.5277389958052234,7.640433961274073,1.3646573912336533,2.093013656180137,1.104166559415986,3.292266773910486,1.8434430990583097,2.208235247440635,1.193341843056368,2.208235247440635,1.193341843056368
2012,Albania,5.55,12463.518369846022,19.0674970188242,5.39518158737926,67.74143899,63.243,70.68286236949324,1.6974553514739994,8.260760814842087,2.2650501519105766,1.4458176677143721,5.667654929947002,6.970346493036215,3.3495228731267375,3.0926943856149443,4.954289536041577,5.063221663588616,5.078192289297942,5.983313729484263,5.078192289297942,5.983313729484263
2012,Algeria,5.422,14697.539613385314,16.1392471454087,1.38925169697228,65.50732171,77.353,69.88569403276462,1.8332772911552295,7.619590312051233,2.014462808744823,1.110660853978628,7.33357821273023,6.828481408640655,3.1810947559969227,2.8261432190100377,5.124586425980495,5.393131871995411,4.844923675239039,5.593987308554618,4.844923675239039,5.593987308554618
2012,Angola,5.589,11516.813324658757,21.343442353859,4.83370121625773,51.67331406,72.401,51.98643686444274,1.6398984612182779,3.649361121324504,2.4598160084293843,1.3988413158289086,6.7489111612530825,3.643106987947546,2.4621185109632284,1.6883049522125875,3.7654613766010403,2.7601464519299057,2.8787671583471868,2.312462776001276,2.8787671583471868,2.312462776001276
2012,Argentina,6.562,28825.96668653608,14.0989689010505,6.28057846262278,66.15198684,85.396,71.46274367625838,2.692244221424885,7.804603099532934,1.839864353464684,1.5198945496660068,8.283189903972294,7.109135155737981,3.4921852515703407,3.3184691793535945,5.403910578164531,5.934256782104689,5.176937653870745,6.148120210320194,5.176937653870745,6.148120210320194
2012,Armenia,4.316,11796.274117799436,26.175282946909,2.22410225395655,64.86642185,77.08,71.09947366071428,1.6568888578400611,7.435658121403305,2.873304661773222,1.1805087695136482,7.3013459621136585,7.04448716479415,3.4067935487170518,3.183329878375833,5.481755518551232,6.085063062334483,4.950341916531796,5.7699308522190185,4.950341916531796,5.7699308522190185
2012,Australia,7.35,54403.8836902433,5.39664894010799,1.06333429077178,69.93422223,80.675,75.47482976402682,4.24730656046747,8.890068839576651,1.0951563085028873,1.0833929180956863,7.725796295324552,7.823131065032716,3.3302491600344184,3.0621921702063006,5.3531782760156625,5.835974867614689,5.911688170821117,7.3744223007002745,5.911688170821117,7.3744223007002745
2012,Austria,7.369,61376.63459304276,14.2633315811578,0.960671644685274,69.64677579,56.598,83.72978076125264,4.671229365709861,8.807574433347341,1.8539298222956109,1.074803630141738,4.883100697906281,9.292192574310056,3.7177457815537176,3.6754370267157452,5.670578998653448,6.450864185860358,6.544651338956584,8.430840824146578,6.544651338956584,8.430840824146578
2012,Azerbaijan,4.604,19523.373716135644,24.1972460640639,2.15439538519976,63.06423479,77.332,69.51730793650793,2.1266738514211303,6.918447501474093,2.704032561172779,1.1746767323419622,7.331098808836647,6.762922953509242,3.299592050612397,3.0136748061199006,5.311583526396743,5.755394814036914,4.815687840649021,5.545192562250047,4.815687840649021,5.545192562250047
2012,Bahrain,5.312,54516.84065947874,60.1462862483855,0.739947200656415,64.79778525,97.769,59.68648031746032,4.254174012917369,7.415960067175888,5.780400650840181,1.0563366815434962,9.744031064700636,5.013416449553387,3.3258073889093076,3.0551627068639196,5.962164481665608,7.015742543318569,5.368212978055802,6.467359631695255,5.368212978055802,6.467359631695255
2012,Bangladesh,4.804,4592.048409198117,73.0293458531385,2.65299368492385,62.28676798,97.233,57.04513740981241,1.2188930632730313,6.6953218894333055,6.882878860609752,1.216392044901416,9.680747231988246,4.543359728473849,3.438178403294887,3.2329989582421095,6.092441300743225,7.268123268227208,4.490877673716411,5.003082856306054,4.490877673716411,5.003082856306054
2012,Belarus,5.504,25879.131940070107,16.9065715512912,3.59291188230382,63.08645628,72.177,76.21536187007437,2.51308531130147,6.92482485867177,2.0801272132623447,1.2950304626531832,6.722464186388205,7.9549170942585885,3.576056980561229,3.4512029983184,5.528722756200628,6.176051049060262,5.182653114784544,6.157659341636724,5.182653114784544,6.157659341636724
2012,Bosnia and Herzegovina,4.813,12626.926323775278,30.9238504274899,1.71656816607988,67.103335,52.106,69.84100025497379,1.707390075830895,8.077631012407924,3.279667151397146,1.1380458427004831,4.352744398383797,6.8205276474761405,3.2368699730100627,2.9144120271867378,4.925055642486944,5.006587864118701,5.120594649872302,6.054083469974151,5.120594649872302,6.054083469974151
2012,Brazil,6.849,18832.219552707476,13.6373535030931,28.6413621085766,63.48118734,78.548,70.42088262880911,2.0846537052980567,7.038108934880771,1.800361243710043,3.390713361887114,7.474668100960278,6.923724247382806,4.3568239317629835,4.686830073155206,5.255268202503407,5.64629710679863,4.869190321669057,5.634488456300874,4.869190321669057,5.634488456300874
2012,Bulgaria,3.981,22618.810427891854,26.2195407538234,1.92701571481315,65.03633307,60.118,73.68201297852477,2.3148673252151157,7.484421032523715,2.877092059272905,1.1556529730850778,5.298696017211524,7.504079124730162,3.4262102017382716,3.214058307824343,5.288243145419232,5.710178310345353,5.256522848325417,6.280948276543469,5.256522848325417,6.280948276543469
2012,Burkina Faso,4.259,2003.6646118745,41.9889050064991,0.693972911642403,52.11796699,49.335,48.80262247023809,1.0615269195943806,3.776972301475048,4.226568115727703,1.05249023474057,4.025581151282994,3.0765113557286465,2.2551864655481855,1.3608181937469173,3.505508678216894,2.256549181712093,2.846584572299262,2.258749887566422,2.846584572299262,2.258749887566422
2012,Burundi,3.706,999.2200681631588,40.4265824547151,4.96473671628838,53.34471532,75.533,51.61361731150794,1.0004596371664982,4.129037455164713,4.092871104084755,1.4098044234913047,7.1186965419530885,3.576759549264196,2.7141899672540246,2.0872284923381548,4.313545578421346,3.8219308057831363,3.0744125754445184,2.638995903130666,3.0744125754445184,2.638995903130666
2012,Cameroon,4.42,4382.1112079735485,54.6446439640503,4.22883189715635,50.52252987,73.586,52.59884257278669,1.2061294971413163,3.3190969564521624,5.309593177886419,1.3482348201431011,6.888820380962376,3.7520914815553414,2.9050076984135327,2.389213040501608,4.716949877957063,4.603431845407296,3.1396075607555725,2.7478066421840746,3.1396075607555725,2.7478066421840746
2012,Canada,7.477,54034.78216803184,6.91602708094203,1.57205168149969,70.08354106,75.241,77.36738953823954,4.22486627041605,8.932921929772185,1.225178317564441,1.1259548461455569,7.084221021147085,8.159933393627623,3.435874589977872,3.229352986668272,5.416880159007553,5.959382297435033,6.0405849066627315,7.589551562890936,6.0405849066627315,7.589551562890936
2012,Chile,6.587,26676.81101540189,21.5652714471192,2.47729352143792,68.38526702,80.894,75.44765630676514,2.5615818596525726,8.445533362550927,2.478799211885347,1.2016920604838628,7.751652935929055,7.8182952422458145,3.600347448593695,3.4896446356279394,5.7894880725873845,6.681222575711604,5.605257222880173,6.862987598242609,5.605257222880173,6.862987598242609
2012,China,4.978,12217.93438131015,48.6578207635684,0.824083830524219,67.15763099,83.131,67.4790159735689,1.6825245652184706,8.093213447367573,4.797265956964525,1.0633759871620208,8.01576848402162,6.400185940481621,3.489601236264295,3.3143797653882263,5.926857628342758,6.947343811303512,5.211612902081912,6.205993363703324,5.211612902081912,6.205993363703324
2012,Colombia,6.416,15279.479000805788,18.5684399142815,35.9613009153726,67.04399187,79.638,67.98951726933197,1.868657499201566,8.060600096063514,2.222342937935875,4.003137301981863,7.603360969722412,6.491035396074241,4.619324001926152,5.1022577412204715,5.255135576156895,5.6460401744164015,5.049998058740438,5.936257425239893,5.049998058740438,5.936257425239893
2012,Costa Rica,7.257,19970.68560136275,18.5556568857618,8.72653951862736,69.2949856,73.274,71.36743737373736,2.153869102168953,8.706613980188324,2.2212490199668364,1.724536302387477,6.851983523114866,7.092174325725516,3.5796359564198577,3.4568670181188055,5.243291453785359,5.623094970417723,5.347897779503561,6.433453469159295,5.347897779503561,6.433453469159295
2012,Croatia,5.661,28259.163807394827,20.5974954444333,1.19739770261642,67.37374372,55.18,76.52267044817928,2.6577842686896513,8.155235754340463,2.3959810004019912,1.0946093565211295,4.71568190166343,8.00960611709063,3.4369271487057924,3.2310187462910025,5.243244011148226,5.623003061456206,5.591782020879759,6.840497422325498,5.591782020879759,6.840497422325498
2012,Cyprus,6.466,39190.22265625,24.8549561269072,1.88776871744135,70.5910277,73.984,73.12684852761618,3.322360588147141,9.078565789672162,2.7603166299326096,1.1523693662952217,6.935810988088366,7.405281357617676,3.4597325406041515,3.2671101300752463,5.531522775024871,6.18147542759225,5.865301500541609,7.297002728454673,5.865301500541609,7.297002728454673
2012,Czechia,6.29,39347.0492956846,18.3649701006501,0.999301916232803,67.44204182,59.421,79.86918167700355,3.331895187884407,8.1748366622734,2.204930844632221,1.0780356384593626,5.216403421315003,8.60515548355959,3.5936151023798266,3.478990151282481,5.54336861613355,6.20442396124028,5.906878064866877,7.366394211096313,5.906878064866877,7.366394211096313
2012,Denmark,7.693,60161.70106602562,9.66883000239718,0.840498959524879,69.25649466,63.553,84.37928850691793,4.597364970417989,8.69556744490854,1.4607516464012213,1.0647493617550452,5.70425565409036,9.407779793356545,3.726582056863794,3.689421149631088,5.761378150794257,6.626766207422108,6.474258890149438,8.313355493918486,6.474258890149438,8.313355493918486
2012,Dominican Republic,4.963,15487.277635632054,11.9047106498909,22.5214243986665,64.10236522,84.846,66.84427321959087,1.8812910467682407,7.216381104031244,1.652088934990485,2.8786877200937893,8.21825313533085,6.2872263180107915,3.926522838954197,4.005843666407298,5.048418639421869,5.245574683214961,4.627074332625722,5.230395724647393,4.627074332625722,5.230395724647393
2012,Ecuador,5.865,12961.026742376513,18.0424343279012,12.3425125579607,66.06980989,76.305,66.79248641456581,1.727702401433869,7.781019093079467,2.177329585906719,2.0270673090632307,7.209844151755261,6.278010272757909,3.5149524269528274,3.35450008239945,4.960046120688784,5.07437369367767,4.768488046875661,5.466415883044676,4.768488046875661,5.466415883044676
2012,El Salvador,5.809,9162.562126135075,28.8449690841345,42.4273897096406,65.00252012,76.635,64.51796977760802,1.4967668928837874,7.474717036074459,3.1017652048051847,4.544123733823557,7.248806212940128,5.873234418281176,4.8376878403185914,5.447836239987211,5.2156135965531085,5.569475625689699,4.78022060610966,5.485997579936674,4.78022060610966,5.485997579936674
2012,Estonia,5.426,33765.43020750718,8.66776188531885,4.76328730334428,66.44041383,63.43,77.75141982853746,2.992549117066839,7.8873789143266615,1.3750844353943938,1.3929501236861672,5.6897334312850925,8.22827590929645,3.5464941992796195,3.4044174973404058,5.2330042270378385,5.603165885855933,5.5320143158438455,6.740744839738733,5.5320143158438455,6.740744839738733
2012,Ethiopia,4.561,1576.768757339334,24.5351118806919,8.51054794891045,56.71607505,58.035,48.39472628968254,1.0355729036365986,5.096585771685025,2.7329457007596636,1.7064653305331126,5.0527627643385635,3.0039216360759458,2.396180252899706,1.5839523066434342,3.2520159338430545,1.7654665544487291,2.9788396799980568,2.479484288281963,2.9788396799980568,2.479484288281963
2012,Finland,7.389,53957.66809862787,6.69926003675058,1.64389487458514,69.05624378,59.486,86.38581858043916,4.2201779611560335,8.638097338677632,1.2066283030376852,1.13196561925988,5.2240777666999,9.764864420413458,3.8005497241971318,3.806480987113856,5.748700109130285,6.602205480746176,6.443841387306194,8.26258853770642,6.443841387306194,8.26258853770642
2012,France,6.764,49935.626908161736,13.9323322128474,1.22388195514924,70.00449094,62.189,80.49067490450724,3.9756496525973115,8.910235293918369,1.8256042845580476,1.0968251660674546,5.54321246785958,8.71575720355878,3.593531132775963,3.4788572625685856,5.540383123253731,6.198640270307749,6.230263137673441,7.906125428198934,6.230263137673441,7.906125428198934
2012,Germany,6.672,58110.376851224464,12.9545311145046,0.814420905242925,69.19733035,72.29,81.18214186401833,4.472650474271136,8.678587848210746,1.7419281674333564,1.0625675368552892,6.73580574067272,8.838811537315111,3.6572119961725145,3.5796373978453797,5.801805922234259,6.705085514991243,6.310025081276368,8.039248489587203,6.310025081276368,8.039248489587203
2012,Ghana,5.091,5339.7132190304455,29.0418637003495,2.09468981730321,55.40156191,75.064,58.29521805449452,1.264348890963346,4.719332948637621,3.1186146202901437,1.1696814557280577,7.063323188329747,4.76582565942998,2.7785769791519246,2.189126164936142,4.510344880580323,4.20318321040936,3.493982312904227,3.3392597807834585,3.493982312904227,3.3392597807834585
2012,Greece,5.435,31250.22685659556,17.7408338148344,1.50249393628294,69.20302115,67.399,75.0695663441134,2.8396321299068017,8.680221053920198,2.1515198789028953,1.1201352854205138,6.1583407671721675,7.751009874790279,3.410912550563859,3.1898485331362383,5.340310342876769,5.811046270826223,5.659701071544893,6.953854639347926,5.659701071544893,6.953854639347926
2012,Guatemala,5.965,10126.83305662243,29.6585058561654,34.1624967821479,61.70783699,73.005,58.20294822171292,1.5553917374486166,6.529174177644644,3.1713842698042662,3.8526400445860216,6.820223539906595,4.749405203408806,4.151381697285425,4.3617010614254985,4.621058827248013,4.417665466848555,4.181175348109891,4.4861882090410425,4.181175348109891,4.4861882090410425
2012,Haiti,4.341,3266.43832519352,13.6823892132522,10.2584264457666,53.20168201,79.067,49.24405142602496,1.138299857907956,4.087988249686772,1.8042152109069027,1.8527018857974418,7.535944797187384,3.1550686104288754,2.496805009722726,1.7431991519895618,3.5296817188530323,2.3033787678363886,2.6552917221948684,1.9394812153490388,2.6552917221948684,1.9394812153490388
2012,Honduras,5.142,5600.6077605497,28.4877328595734,82.2941714854712,60.28447761,54.674,58.59171416687887,1.2802105139375537,6.120683514465729,3.071194426946355,7.879584892513019,4.655940074513302,4.81859048220126,6.122422908847974,7.481033767397689,4.418247177836969,4.024765552184686,4.2271982777211115,4.563000696389679,4.2271982777211115,4.563000696389679
2012,Hungary,4.775,28179.656464434003,20.2847528931058,1.2504256741433,65.48443968,62.635,79.33833524045397,2.652950455416358,7.613023386128715,2.3692178044932257,1.099045950885494,5.595870283885187,8.510685381007303,3.6211867217980744,3.522624476989845,5.62859493526512,6.369529928334132,5.595955689240382,6.847463294573441,5.595955689240382,6.847463294573441
2012,Iceland,7.355,58203.63794595362,4.28469553971635,0.311681349455571,70.95868842,73.974,81.72543720821662,4.478320475315011,9.184080934650966,1.0,1.0205057453945567,6.9346303195676136,8.935497063201275,3.5606625501162927,3.426840062579154,5.652254886774042,6.415365524838582,6.361514292650607,8.125184227070347,6.361514292650607,8.125184227070347
2012,India,4.772,5303.501977676549,53.0196291324327,3.71306379435684,58.56535664,81.051,58.33670823996265,1.2621473536891707,5.627312075750031,5.170531223865045,1.3050829930542722,7.770189431704885,4.773209305257131,3.1957168474358046,2.849283865581736,5.293359567770441,5.720090176409319,4.042992717084346,4.25556074383806,4.042992717084346,4.25556074383806
2012,Iraq,4.817,13357.014388232255,53.0903644919475,8.01370560566433,61.40384556,85.316,57.7897006302521,1.7517772889513767,6.441931515962528,5.176584459270129,1.6648969303746033,8.273744555806266,4.675863139910102,3.3791323028268216,3.13955371150161,5.3718795892850295,5.872204267695868,4.362704575559733,4.789161348836545,4.362704575559733,4.789161348836545
2012,Ireland,7.076,59303.03198135613,8.18207039845128,1.10866383834203,69.28346489,54.137,78.34909503862151,4.5451604083703385,8.703307645516759,1.333520994925289,1.0871854224947546,4.592538174948839,8.334638944822498,3.3587420204789677,3.1072844346145754,5.033443545875019,5.21656395827028,6.122729891875764,7.726651932005459,6.122729891875764,7.726651932005459
2012,Israel,7.301,39245.50781176866,20.7683305581639,1.68248807914477,70.60439883,92.767,71.45936921281333,3.325721763462657,9.08240317736068,2.410600352957188,1.1351945263615824,9.153460670619719,7.108534631959795,3.4232919800006467,3.20943998505359,5.729828557458765,6.565646283762932,5.725190946930882,7.0631575513321225,5.725190946930882,7.0631575513321225
2012,Italy,6.021,47795.957936054125,19.0010283847063,0.87557696185202,70.56086005,76.352,77.32928940242766,3.8455640543032734,9.069907959802768,2.2593620449704286,1.06768416885697,7.215393293802803,8.153153045320495,3.5668523231162474,3.4366358807731308,5.755481092412989,6.615342042481403,6.1340288344855445,7.745509920699319,6.1340288344855445,7.745509920699319
2012,Jamaica,5.374,9829.035100150444,20.6965656842447,39.7485238581317,65.1363361,74.82,66.42691471437061,1.5372864950754277,7.513120955128362,2.4044590160271317,4.319995961301309,7.034514876423361,6.212952671105478,4.702815428320997,5.234389700458019,5.094819582737969,5.335465607736114,4.7878200097955865,5.498681020656625,4.7878200097955865,5.498681020656625
2012,Japan,6.064,42394.9433175064,13.3798864588537,0.335344134410932,72.54169749,91.155,78.6264646167558,3.517198205563335,9.638389547014585,1.778328293873888,1.0224854963704149,8.96313690507425,8.383999985393,3.6229077900565994,3.5253482072074247,6.050493226594497,7.186858731396064,6.201786781924376,7.858598255674544,6.201786781924376,7.858598255674544
2012,Jordan,5.414,12104.1217423938,31.5006699984411,2.21427674702976,66.46730966,91.604,66.06986341142519,1.6756050905614759,7.89509776283943,3.329028951113396,1.1796867167855645,9.016148921656084,6.149411370112811,3.305583896042645,3.0231573878691096,5.5677736476998065,6.251702975279151,4.872297511998896,5.639674371667773,4.872297511998896,5.639674371667773
2012,Kazakhstan,5.671,28881.24175637276,20.7632597816078,7.31533714170016,61.05473679,74.121,69.32829153589465,2.695604783560516,6.341740604951091,2.4101664171662174,1.6064678126418468,6.951986146822689,6.729285356041197,3.4491670278598896,3.2503893485587527,5.155512751399698,5.453044360520393,4.768343003978723,5.466173805763194,4.768343003978723,5.466173805763194
2012,Kenya,4.403,4387.937900754086,21.0458966700434,5.40918613326198,54.90716869,70.414,56.21734014939309,1.2064837429738786,4.577446776286013,2.434353296707034,1.4469893604559523,6.514312326179357,4.396043882119831,2.685565925427573,2.0419286227450772,4.044307153292071,3.3003446219287174,3.245411705628525,2.924394260750313,3.245411705628525,2.924394260750313
2012,Kuwait,6.515,64908.262639237,66.1535213079572,1.8279755171148,69.62826452,95.953,58.33616537647538,4.885941993377987,8.802261874154746,6.2944746330561925,1.147366757898979,9.529621661331795,4.77311269658505,3.3714972792201436,3.127470666912045,5.978100823929356,7.046615461780913,5.888905162556332,7.336397352073883,5.888905162556332,7.336397352073883
2012,Latvia,5.046,27496.545458363544,17.834456118302,3.44042305407829,64.56782742,58.098,78.74412540106952,2.6114193096717027,7.34996434761286,2.159531682984232,1.282272458595061,5.060200976019311,8.404939047229316,3.6272542234651914,3.532226790874888,5.422127835773017,5.969548438084851,5.464066983977107,6.627340421256972,5.464066983977107,6.627340421256972
2012,Lebanon,4.931,17323.30137642822,25.2379752530515,3.70530098694703,66.60195663,88.885,64.63045652517417,1.9929159055277084,7.933740168154055,2.793093800376134,1.3044335164362848,8.695125150863202,5.893252702000699,3.2000369585679804,2.856120792110201,5.233772904249209,5.60465501733151,4.807809355751727,5.532043333667426,4.807809355751727,5.532043333667426
2012,Liberia,4.196,1668.972895887763,18.6592253145268,3.08709483452429,52.01646646,55.403,47.84757402776962,1.0411786448445222,3.7478426105513734,2.230111971737343,1.2527111922952627,4.742010809676234,2.90654972824022,2.043418280207847,1.025677851301807,2.967649120166415,1.2145726726069286,2.4993744832087392,1.679254605521563,2.4993744832087392,1.679254605521563
2012,Lithuania,5.426,30932.09831802608,16.4159435450745,6.75962941837572,64.13359705,58.006,75.7332086113233,2.8202908477675113,7.225344343483107,2.0381413261709707,1.5599744303278489,5.049338825628379,7.869112491149269,3.598980821313887,3.487481837029021,5.162990314045299,5.467530381091114,5.315919070158785,6.380080851906948,5.315919070158785,6.380080851906948
2012,Malawi,4.113,1518.1480384923818,18.8598593107935,1.77598671180007,52.12809136,55.439,50.3928045319264,1.0320089358532454,3.779877899789627,2.247281387684267,1.1430171055546035,4.746261216350947,3.3595021645601766,2.118545497892081,1.144572771335135,3.1663535810116072,1.5995158745192497,2.6389662931618396,1.912233997024309,2.6389662931618396,1.912233997024309
2012,Malaysia,5.76,25006.35877815372,18.5246158481105,2.02947587841498,65.49192273,80.739,67.08456071428573,2.460023262721573,7.615170950615979,2.2185926581499142,1.1642253203070967,7.733352573857376,6.329988184160636,3.117569746931516,2.7256097358629177,5.050696348147612,5.249987208661958,4.874461640059538,5.643286311643848,4.874461640059538,5.643286311643848
2012,Malta,5.964,38937.14877556738,12.9665997589316,2.81287028800276,70.28808549,94.164,76.23730845004668,3.3069744384154074,8.991624244194178,1.7429609514078492,1.2297681484141458,9.318400062968989,7.958822735359114,3.620958209784102,3.522262838179499,5.934691314686267,6.9625197378580586,5.860061382204386,7.288256946148256,5.860061382204386,7.288256946148256
2012,Mauritius,5.477,20313.03289414685,15.4132045281263,2.17194008548136,64.007356,91.482,64.5060753645048,2.1746828135358554,7.189114357606381,1.9523311265609884,1.1761446127106154,9.001744765702892,5.871117673497196,3.015681230157125,2.5643628878148257,5.018067770339609,5.18677700612381,4.518366992239903,5.048962659029295,4.518366992239903,5.048962659029295
2012,Mexico,7.088,20898.93572090796,16.8850710128223,22.2285552341782,65.1809795,77.493,66.29948117307529,2.210303987070148,7.525933188165789,2.0782872873528557,2.8541847710415844,7.35010757202078,6.190274437089217,3.9078617888186162,3.9763110398573147,4.964785308395996,5.0835547562603525,4.818217436936065,5.549414470425756,4.818217436936065,5.549414470425756
2012,Mongolia,4.834,12078.918532006182,43.5127011393132,7.11868784339173,59.64088763,66.033,63.59010406520563,1.674072809285754,5.9359792848526105,4.35696819801397,1.5900151152538435,5.997061447237236,5.708110263779637,3.397537335239962,3.168681169224969,5.118786132271083,5.381895165868957,4.398404324723369,4.848744399158329,4.398404324723369,4.848744399158329
2012,Montenegro,5.299,19576.412051459018,24.1979418272443,2.68333491176563,66.68864336,81.157,69.5507952508276,2.1298984266582357,7.958618438760956,2.7040921016677455,1.2189305488671185,7.782704518024873,6.768882398275497,3.346419069953008,3.08778236515798,5.4057333192338195,5.937787914624233,5.093190043487253,6.008345052210916,5.093190043487253,6.008345052210916
2012,Morocco,4.885,7628.64404296875,18.1645611167978,1.14824532150367,62.76038495,76.421,66.86530884687208,1.4035091720943027,6.831245474781153,2.1877806843040246,1.0904970140957855,7.223539906596002,6.290969844819456,3.0386345792645177,2.6006884258919962,4.91944000771354,4.99570889129016,4.399076681171467,4.849866565252482,4.399076681171467,4.849866565252482
2012,Myanmar,4.439,4340.999450691742,34.2629904984601,2.88136755643538,58.22744535,68.882,55.55074035735505,1.2036300228709318,5.530334735461072,3.5654167544072024,1.2354989841665274,6.3334339087999165,4.277414940905709,2.705061024222057,2.0727811989971907,4.293651134240394,3.7833899949190655,3.6141408530566816,3.5398049530108455,3.6141408530566816,3.5398049530108455
2012,Nepal,4.156,3316.500734520208,54.5107288886808,2.33158518920432,60.04891159,70.68,60.69238887987013,1.1413435055722432,6.053078297480952,5.298133287372519,1.1895013477898866,6.545718108831402,5.192429208246367,3.214151685604273,2.878458493332224,5.268712027827647,5.672341359374794,4.265164107048436,4.626365845230067,4.265164107048436,4.626365845230067
2012,New Zealand,7.221,42693.42345165709,6.61667168493178,0.929351914175937,69.2666896,74.208,77.21701337031023,3.535344922338702,8.69849329614484,1.1995607382623565,1.0721832594982805,6.962257962953246,8.133172260788456,3.3906695167027756,3.1578122889316216,5.37019340923239,5.868937690057384,5.801475738828556,7.190477230066891,5.801475738828556,7.190477230066891
2012,Nicaragua,5.507,6275.787302480032,19.8316265447103,11.4042929452756,66.22468329,65.563,63.02318739495798,1.3212594499238461,7.825466292264521,2.3304411519972463,1.948571003692301,5.94157002676182,5.6072210568650975,3.244214291445603,2.926035007246548,4.4585663067935535,4.102874390470682,4.500165901153939,5.018584951860667,4.500165901153939,5.018584951860667
2012,Niger,4.152,1411.5200140983138,62.3698389723865,4.41784034939735,51.62439969,51.133,44.84976348755411,1.0255262646882048,3.6353231603421685,5.970682967439917,1.364048244829818,4.237865351314478,2.3730555768858963,2.4898776113376786,1.7322359817509008,3.7940807888760366,2.815589838309484,2.862074022655924,2.284601853523591,2.862074022655924,2.284601853523591
2012,North Macedonia,4.574,17189.995630545585,28.7826561726187,1.43048214400664,65.62949139,71.096,68.78562784541847,1.9848113071364466,7.65465185329288,3.096432727176336,1.114110406425871,6.594833919294747,6.63271224004949,3.2543141354044676,2.94201883011199,5.226931793242242,5.591401972259154,4.990428607574804,5.836835729300965,4.990428607574804,5.836835729300965
2012,Norway,7.655,85925.87233520574,6.94681114643302,0.538013921608383,70.13404373,62.946,82.42852330479977,6.163751022555779,8.947415717813689,1.227812688781618,1.0394418989974958,5.63258907488062,9.060619153271277,3.576052954019614,3.451196625989462,5.521712351061196,6.162470036386481,6.77019550939352,8.807275112111206,6.77019550939352,8.807275112111206
2012,Oman,6.853,41964.08285785523,54.1182539525814,1.09948801917507,64.18773593,73.166,61.23684452380954,3.491003153241874,7.24088168936055,5.264546928370449,1.086417726004914,6.839232303090728,5.289321222540453,3.1980612953456387,2.852994144697004,5.352984693985263,5.835599847918112,5.15074273921755,6.104400773782922,5.15074273921755,6.104400773782922
2012,Pakistan,5.292,4292.021102934858,55.9102316841118,6.66740103101875,56.00246058,84.592,53.31900569038805,1.2006522829707584,4.89178517655748,5.4178968671284515,1.5522581264263327,8.18826415490371,3.880252619861902,3.127159205557688,2.7407858325115884,5.074176117880748,5.295473745314394,3.615823307526112,3.542612977483418,3.615823307526112,3.542612977483418
2012,Panama,7.143,26926.89569280648,16.0341321648034,16.9448445310514,67.1379723,66.382,66.75131125541124,2.576786274591722,8.087571589500778,2.0054675095540206,2.412122205692615,6.0382667786115345,6.27068268941154,3.6272023074520283,3.532144629570054,4.69427593108057,4.559506401189781,5.042293317221887,5.9233981751787255,5.042293317221887,5.9233981751787255
2012,Paraguay,5.779,12833.180161941267,14.1010144483119,11.0055811353826,64.85476708,62.008,64.29989319534633,1.7199297042911965,7.432313312781259,1.8400394028203446,1.9152127114958857,5.521842367633941,5.834425234170566,3.1967124108612768,2.8508594255120547,4.322357316685056,3.8390014781133797,4.485911330863202,4.994794006578243,4.485911330863202,4.994794006578243
2012,Peru,5.776,13393.592385167878,28.7081917720721,6.65981599009637,68.8422807,71.308,66.62467187420422,1.754001123889302,8.576691960898057,3.0900603760792493,1.5516235226721111,6.619864091934723,6.248145785127984,3.3705162475152726,3.1259181046091116,5.0856046070222956,5.317613757594213,5.083623404641686,5.992378286698558,5.083623404641686,5.992378286698558
2012,Philippines,4.985,6697.556209627684,22.5654937983005,8.46913560836537,61.27801696,82.664,61.74238426704014,1.346901762516752,6.405819899329999,2.5643940457938257,1.70300055993399,7.960631264102431,5.379287713975667,3.188195306560929,2.8373804166265986,4.815177598806512,4.793724973299354,4.086955918777509,4.328935535542723,4.086955918777509,4.328935535542723
2012,Poland,5.822,28952.915730530058,23.6753724603608,1.0693406632409,66.67028831,59.883,78.3715655439332,2.6999623509842188,7.953350713228996,2.6593728068917137,1.0838954422820632,5.270950306973816,8.33863782433838,3.59227742512758,3.47687316845204,5.577700818250822,6.270934535565131,5.686308593264343,6.998262719031659,5.686308593264343,6.998262719031659
2012,Portugal,5.101,34804.63333404844,8.72868716918715,1.16045143463187,68.94101346,70.101,77.72711722264661,3.0557296193909878,8.605027328041864,1.3802981656688424,1.091518240651433,6.477357401479771,8.22395098684671,3.4297940921404613,3.219730105288845,5.37121809050951,5.870922769255287,5.718621081377379,7.0521924146280135,5.718621081377379,7.0521924146280135
2012,Qatar,6.666,147077.4060926366,107.019658452499,0.367046174933158,65.25128258,93.095,62.72515555555556,9.881584930105372,7.546109506372028,9.791627258406947,1.0251378530468997,9.192186598100434,5.554182934173351,4.0429326537496255,4.190071647261986,7.325940546560391,9.657738213063416,7.48482792731939,10.0,7.48482792731939,10.0
2012,Romania,5.033,26767.45564871809,21.3523283781058,1.05166802858503,65.18939549,54.706,74.41054449112978,2.5670927875160854,7.528348497598325,2.460576437116679,1.0824168582619682,4.659718213779714,7.633729513184715,3.3307649309649254,3.063008419568761,5.086573847442738,5.3194914331596275,5.301559044495745,6.356113901109026,5.301559044495745,6.356113901109026
2012,Russian Federation,5.464,35740.69921875,14.8318275179914,11.2598822758413,61.12499705,78.522,68.79523556704734,3.112639679891653,6.361904634222828,1.9025793203131744,1.9364888601797672,7.4715983628063185,6.634422042329549,3.5410521899262903,3.3958050758129077,5.0782123810589805,5.3032930567932635,4.7862154198478155,5.496002952439237,4.7862154198478155,5.496002952439237
2012,Rwanda,3.715,2063.664748230311,40.2514244200244,2.36382585584116,57.12656335,86.986,52.917287892316,1.065174751916724,5.214392026556641,4.077881814084007,1.1921987687129527,8.470916198772105,3.8087624129621114,2.7327260459856726,2.1165633414975327,4.66519669731917,4.503172218727761,3.4304633403109106,3.233246314888558,3.4304633403109106,3.233246314888558
2012,Serbia,4.813,17993.814716999295,25.4492136747368,1.50178377781355,65.63901871,64.305,71.92940891053391,2.033681150156369,7.657386103911385,2.8111706985757077,1.120075869889948,5.793041926851027,7.192183490443112,3.3336775664173826,3.0676179015897995,5.226594074557949,5.590747721664454,5.129733339553219,6.069335986305215,5.129733339553219,6.069335986305215
2012,Sierra Leone,4.318,2792.926264592321,21.8606036126187,1.72490642764247,49.14304632,53.484,52.36170938799763,1.1095117133371275,2.923198240989379,2.5040724999936415,1.1387434647892034,4.515440520543633,3.709890960381681,2.2434075174816934,1.3421770523389054,3.353496474930218,1.9620612572134646,2.5760454950819023,1.8072188872234107,2.5760454950819023,1.8072188872234107
2012,Singapore,6.546,102061.1193610502,18.7739150503469,0.20780832213766,72.45356842,99.936,70.48600873015873,7.144726720358023,9.613097338486304,2.2399266383231624,1.011815190686566,9.999881933147925,6.9353141706632915,3.326551718542218,3.0563406689249573,5.761230901918577,6.626480947325574,6.683169845366892,8.662028866956437,6.683169845366892,8.662028866956437
2012,Slovenia,6.06,37040.708274610646,17.7257087821966,0.681822277179262,68.88434033,49.646,80.54217917833799,3.1916764178281394,8.588762676413175,2.1502255420437324,1.0514736498169832,4.062299942278429,8.724922969203357,3.5486401046426748,3.4078135667597724,5.3499789469195,5.829776919259582,6.008877985314175,7.536632561090658,6.008877985314175,7.536632561090658
2012,Spain,6.322,41034.04815663563,11.6919954874835,0.774166283792877,70.875002,77.393,77.95716453611747,3.434459771008688,9.160063724601827,1.6338856635133245,1.0591996270235058,7.338300886813244,8.264890497407862,3.5057316599317576,3.339907470142413,5.635350335775179,6.382616929458723,6.001605990108315,7.5244955666735684,6.001605990108315,7.5244955666735684
2012,Sri Lanka,4.151,11447.693773778228,26.2507762201174,3.19327967678719,65.76099146,82.812,65.50136967574909,1.6356961952382034,7.692391128107913,2.8797650594776414,1.261595165398509,7.978105158209581,6.048241506642064,3.1996980067765444,2.8555843733876642,5.184714880977231,5.509616624748482,4.71736898399965,5.381097925156996,4.71736898399965,5.381097925156996
2012,Sweden,7.48,56193.328748824606,6.62533792798124,0.714324244275151,70.65824332,67.07,86.2461539300569,4.356099571953992,9.09785603609593,1.2003023589965394,1.0541929324879276,6.119496772839375,9.740009522770551,3.796764833141553,3.800491089800218,5.908074370275508,6.910955662431577,6.583940902552094,8.49641529174583,6.583940902552094,8.49641529174583
2012,Switzerland,7.65,76570.23789871209,12.9054774876848,0.562575490598645,70.55685748,74.561,79.32761701007325,5.594955886973295,9.068759260116172,1.7377303637797081,1.0414968468943224,7.003935561735846,8.508777951186682,3.5651386170799517,3.4339238018698177,5.707439384989852,6.522272523044672,6.576315389877722,8.483688275000588,6.576315389877722,8.483688275000588
2012,Trinidad and Tobago,6.519,36903.68985740943,15.2092044113822,27.0692095577105,64.48424958,87.044,59.28184968401968,3.183346099909211,7.325978298995495,1.9348736521410266,3.2591789481379827,8.477764076192475,4.941407870791149,3.7953492021009003,3.7982507387721456,4.617678192798798,4.411116281974493,4.619373645435502,5.217543241279398,4.619373645435502,5.217543241279398
2012,Tunisia,4.826,12436.395811573506,17.8799045046228,3.01553732901415,65.97451525,69.099,68.91229822171293,1.695806379475929,7.753670433817463,2.163420965276257,1.2467243212810972,6.3590544157002675,6.655254660257969,3.176228345437405,2.818441729294885,4.909965545964603,4.977354347932058,4.824423966984212,5.559773198451753,4.824423966984212,5.559773198451753
2012,Turkmenistan,5.628,10689.35373472846,27.9910667561883,1.36006509719172,61.15099944,74.349,58.6102653968254,1.5895913449197252,6.369367073916265,3.028691824822926,1.1082189520847239,6.97890538909587,4.821891882521305,2.745095544331897,2.1361390766579653,4.487132036542613,4.158213779570417,4.003729963196163,4.190031021767229,4.003729963196163,4.190031021767229
2012,Uganda,4.443,2405.094559327674,33.2300507707354,11.8413029510429,53.69035031,58.272,49.97446479527417,1.085932683087858,4.228231424212038,3.477022104629936,1.985133521037987,5.080744608280423,3.2850538964694826,2.733544623289586,2.117858806524588,3.6258724393818635,2.4897256862554444,2.972221598018092,2.4684386781338787,2.972221598018092,2.4684386781338787
2012,Ukraine,5.057,17848.740234375,19.2945159677439,5.05517673469169,61.95328687,74.311,70.88327118957432,2.024861047086505,6.599615968851574,2.2844774814477637,1.4173711031965195,6.974418848717008,7.00601149986663,3.412586936943768,3.192498385491757,5.232014700923127,5.601248911524544,4.732361608118289,5.406120685771414,4.732361608118289,5.406120685771414
2012,United Arab Emirates,7.144,73644.05499288836,64.1373972820381,0.920353599853064,68.91491814,90.553,63.68977114845939,5.4170525481933165,8.597538218318451,6.121943194487929,1.0714304139817703,8.892060660124889,5.725847143840978,3.54569163686554,3.403147377176435,6.212852892015449,7.501392432364391,6.218736329133627,7.886887130189352,6.218736329133627,7.886887130189352
2012,Uruguay,6.355,26953.270902638887,11.6526564712501,8.00503447711385,66.40536444,85.904,74.07352186016598,2.5783898099964535,7.877320071306205,1.6305191954908456,1.664171458912052,8.343167864826572,7.5737525399633485,3.6699002995014895,3.599717667768296,5.563018991624961,6.24249194636889,5.285972409228899,6.330099733076782,5.285972409228899,6.330099733076782
2012,Zambia,5.006,3474.5525284409214,22.9983310072879,5.93416934268648,51.07565822,52.099,48.14761041215728,1.150952591109138,3.477839554905801,2.6014344388313644,1.4909121710265598,4.351917930419268,2.959944582290205,2.2181268357187722,1.302168321425644,3.0419515623371125,1.3585161949487696,2.5378977907611904,1.7435501881582423,2.5378977907611904,1.7435501881582423
2012,Zimbabwe,4.827,5003.508733970691,18.3749796571735,7.09949357669519,48.28139125,36.511,58.05271178751804,1.2439086442904894,2.6759113955717604,2.205787420499683,1.5884092236271798,2.5114918402686683,4.722668937761565,2.6187195727017407,1.9361388436631162,3.335672961682785,1.9275323884119793,2.828203365249583,2.2280715660018613,2.828203365249583,2.2280715660018613
2014,Albania,4.959,13366.50409481446,16.6949201821752,4.6147231364138,68.32573611,64.578,69.19396734572616,1.7523542352802122,8.428448555124746,2.0620149767535416,1.380520477090763,5.825274177467598,6.705380853445399,3.2176388989970848,2.8839772915821493,4.8028835816361966,4.769908203842963,5.021861343035272,5.889297113556294,5.021861343035272,5.889297113556294
2014,Algeria,5.605,15073.762940356462,16.1165663291136,1.47174990719622,65.74091003,78.016,71.57509924454632,1.856150566049246,7.686627947864367,2.0125218796090216,1.1175630809356627,7.41185653565619,7.129130094627414,3.2737209945947985,2.972731760028156,5.271686851143741,5.678104380534712,4.958652752341567,5.7838016765208895,4.958652752341567,5.7838016765208895
2014,Argentina,6.574,28200.81525713183,13.534008457628,7.50277667235654,66.43944114,85.579,72.34588624904507,2.6542368479579883,7.88709976150781,1.7915174081454783,1.6221499732341615,8.304796137902084,7.266300323807553,3.583287257130944,3.462645497868806,5.46790104761933,6.058223280385741,5.235237473655499,6.245422885475243,5.235237473655499,6.245422885475243
2014,Armenia,4.35,12667.375733024915,28.478768503414,2.46370989542236,65.30876718,77.461,71.14300902777778,1.7098492812834547,7.562607042206286,3.070427294942502,1.2005555840754125,7.346329432754368,7.052234773722022,3.4513594301654074,3.253859003163706,5.55593742304564,6.228773071252094,5.0285567296819265,5.90047174555897,5.0285567296819265,5.90047174555897
2014,Australia,7.284,55489.06884414605,6.04064376240177,1.02985300162206,70.06493221,81.092,76.59332451829219,4.3132826351993465,8.927581366043647,1.1502666844978398,1.0805917002765584,7.775030172639975,8.022179804676606,3.3961800028254188,3.1665330805047924,5.467039506285307,6.056554246493456,6.005117846462056,7.530356871549655,6.005117846462056,7.530356871549655
2014,Austria,7.2,60845.57439807106,13.6682418765719,0.491353494620118,70.04028409,57.162,84.42117213168774,4.6389424633461775,8.920507589015592,1.8030045411673514,1.0355380463428636,4.94969040247678,9.41523345613892,3.728106514852449,3.691833728137816,5.719785887971839,6.546190971428217,6.594157385129,8.513466649521515,6.594157385129,8.513466649521515
2014,Azerbaijan,5.212,20709.20161123204,27.8735839715851,2.4503854061690302,64.265543,77.644,70.63695300099208,2.1987687096530686,7.263211581635756,3.0186381408362206,1.1994407883887739,7.367935666684159,6.9621764038130385,3.418411283434393,3.2017158865731874,5.50465921993287,6.129433601918698,5.030819864426645,5.90424892815937,5.030819864426645,5.90424892815937
2014,Bahrain,5.96,55065.81894721295,49.8530353704297,0.685532521662828,65.52073739,97.737,60.16308328042328,4.2875502827709235,7.623440485167874,4.899547410321827,1.0517840680602655,9.740252925434223,5.09823331501167,3.2141638722113033,2.8784777796270316,5.72670144860513,6.559588245157626,5.326083461043623,6.397045268402024,5.326083461043623,6.397045268402024
2014,Bangladesh,4.694,5068.639656727411,68.7428624015006,2.85759633031455,62.88173258,97.401,57.78220385578474,1.2478684133784643,6.866071095457421,6.516059584214791,1.2335101604418965,9.700582463136906,4.674529004454007,3.4297915666240453,3.2197261084541218,6.041711165928536,7.169845552437907,4.528911524890354,5.066561533930396,4.528911524890354,5.066561533930396
2014,Belarus,5.813,26564.434724654748,18.3859366839528,3.58925893151456,63.97142454,72.519,76.63313995206182,2.554749710751751,7.17880236884892,2.20672507689798,1.2947248378966956,6.762843049797975,8.029265409575508,3.6181870737507724,3.5178772904746847,5.608325336679767,6.330262343964186,5.300116808197804,6.353706801901627,5.300116808197804,6.353706801901627
2014,Bosnia and Herzegovina,4.949,13458.852576408011,28.3747836629907,1.40259182137488,67.0351354,52.225,70.55212062414711,1.7579687521219507,8.058058373042217,3.0615287084086975,1.1117769577827212,4.366794353780763,6.947079526847283,3.2270313965910895,2.898841681410162,4.914595958114834,4.986324683432841,5.132077963995888,6.073249175597187,5.132077963995888,6.073249175597187
2014,Brazil,6.983,19183.172744636024,13.1579344238856,29.8537931807395,63.81908924,78.783,71.36544000509294,2.105990630093605,7.135083580328652,1.759334569582178,3.492151616209395,7.502413811197985,7.091818871477956,4.452023982724625,4.8374918811543655,5.327475598201139,5.786181968886805,4.949644314857215,5.768766551722379,4.949644314857215,5.768766551722379
2014,Bulgaria,4.218,23455.48300192769,24.5644186833641,1.55050575213407,65.15260742,60.071,73.70082735760973,2.365734563927493,7.517790669882761,2.7354536540204086,1.1241522022569432,5.293146875163981,7.50742735540336,3.389244220927506,3.1555566426765354,5.243177924783273,5.622875034652885,5.2557828913189155,6.279713284797386,5.2557828913189155,6.279713284797386
2014,Burkina Faso,3.587,2083.198446983037,37.4453908399316,0.739223164024124,53.06243959,49.683,50.85595535714285,1.066362343512559,4.048026993739986,3.837753228728966,1.0562761048940428,4.066668415805216,3.4419250705888342,2.304269803911968,1.438496560783733,3.5541928616127487,2.3508633473788993,2.971906173513501,2.467912233142805,2.971906173513501,2.467912233142805
2014,Burundi,2.906,1019.1760739866688,36.8085564374889,5.22232594341804,54.38874044,78.009,51.23166822916667,1.001672903793697,4.428662777930528,3.7832556114342615,1.43135567051242,7.411030067691662,3.508787407992864,2.673586677643059,2.022970490775042,4.247084939000489,3.6931789336259397,3.088256718404901,2.6621018432561683,3.088256718404901,2.6621018432561683
2014,Canada,7.427,55723.46156525055,7.45981587623436,1.47330111088167,70.15528777,75.517,77.84000869196163,4.327533025216738,8.953512556117587,1.2717134820299891,1.1176928626589813,7.116807472319882,8.244041295360013,3.46418796053711,3.274161193763915,5.47409104212961,6.070214940243156,6.1020364196841195,7.692114428974958,6.1020364196841195,7.692114428974958
2014,Chile,6.67,27511.56100304042,21.8087186705955,2.4518317226161,68.59244014,81.224,76.36892635175283,2.6123322107505453,8.504990086109839,2.499632404259346,1.1995617947032415,7.790614997113922,7.982245623440864,3.6509504664536214,3.569728018819217,5.875393817319118,6.847644770256393,5.685239912413927,6.996479085634225,5.685239912413927,6.996479085634225
2014,China,5.14,13968.51877859216,52.5096572089248,0.726466059590713,67.70090126,83.325,69.2519761366085,1.7889549624683427,8.249126870214926,5.126889965459759,1.0552087795560146,8.038673453324238,6.715704171162682,3.626107625157907,3.5304122059846565,6.1709814100727485,7.420276274935019,5.420911851351711,6.555314300651021,5.420911851351711,6.555314300651021
2014,Colombia,6.477,16480.363147416112,19.1389877563514,28.654305199833,67.43828283,80.148,68.72572244716069,1.9416677333686543,8.17375786774016,2.2711680293979257,3.3917962478446975,7.663575064280841,6.622051399687384,4.352150155246913,4.679433442449841,5.305454381863714,5.743521036712079,5.111431329110859,6.03878984425311,5.111431329110859,6.03878984425311
2014,Costa Rica,7.226,20735.192725840563,18.3616133870552,10.0060434824472,69.32897323,73.368,72.16789105339105,2.20034889319466,8.716368108143403,2.204643591160736,1.8315862217340546,6.863081807209949,7.2346240738989245,3.673303472729892,3.605103465636535,5.308811900072067,5.750025439301255,5.407594718061413,6.533087942159236,5.407594718061413,6.533087942159236
2014,Croatia,5.759,28456.33537560761,18.2337872404571,0.853185902809328,67.91494565,55.223,79.23597628384688,2.669771721773232,8.31055558319452,2.1937047656342887,1.0658108170484704,4.720758776302671,8.492469451762926,3.529064079051394,3.3768329172829294,5.3920613119475,5.911301613114048,5.749644418153753,7.103970510541898,5.749644418153753,7.103970510541898
2014,Cyprus,5.689,36104.90234375,18.5304214787791,0.915293345276525,70.80594582,74.305,72.99207159017453,3.13478216175861,9.140245254887734,2.2190894796738747,1.071007046911711,6.973710447604556,7.381296283545118,3.3310291426428162,3.063426555994986,5.357016034591252,5.843409623069952,5.7458926164582556,7.097708735754754,5.7458926164582556,7.097708735754754
2014,Czechia,6.505,40158.01642757353,18.681045705784,0.77016509724927,67.98246582,59.518,80.44779197642636,3.38119961110304,8.329933232584267,2.2319792693070006,1.0588648670626963,5.227855905966312,8.708125703496588,3.6176823930292015,3.5170785922680543,5.598067907758015,6.310390985688019,5.993210481704708,7.510483423411828,5.993210481704708,7.510483423411828
2014,Denmark,7.527,61210.94909229186,11.0323428710692,1.31117471686599,69.68612393,63.941,84.48129110856462,4.661156173185788,8.818866976909638,1.5774353591659054,1.1041285300003183,5.750065592695598,9.425932305221929,3.7719356755709788,3.7611969325713948,5.8165562828468484,6.733660872682862,6.5463861308958915,8.43373620010409,6.5463861308958915,8.43373620010409
2014,Dominican Republic,4.885,16993.58744440305,12.7798219156363,17.5463639644216,63.71794716,84.847,68.42094423860453,1.9728702654438939,7.106056761160541,1.726977286919884,2.462448432612179,8.218371202182926,6.567812684617262,3.803313793137648,3.8108553505706606,5.171411508131808,5.483844465846924,4.693549033565236,5.341342315141623,4.693549033565236,5.341342315141623
2014,Ecuador,5.975,14064.799224672655,17.78596368057,8.16956550602398,66.92390409,76.662,68.52598944911297,1.794808531219242,8.026136040406756,2.155381903539106,1.6779369757630171,7.251994017946162,6.5865066629999,3.4216680995204363,3.206870062383888,5.077445360819304,5.301807135310995,4.92001869441273,5.719321250981838,4.92001869441273,5.719321250981838
2014,El Salvador,6.13,9451.744607867,28.6814966208416,63.6220773963139,64.01612878,76.502,66.01035011459129,1.5143483396602004,7.1916320623902035,3.087775916995689,6.317380926916359,7.233103321614105,6.138820308615505,5.823408993351985,7.007819975278131,5.423562136915167,5.9723270595200075,4.881589151425178,5.655182161847765,4.881589151425178,5.655182161847765
2014,Estonia,5.429,35720.302533523354,9.37028815022363,3.11917057450557,67.00101191,63.524,78.60428082081319,3.111399621249166,8.048265254553701,1.4352036867687008,1.255394814601306,5.7008317153801755,8.380052129038685,3.5284658867526355,3.3758862294151,5.312641828832427,5.757445026329337,5.64966182215964,6.937099084607957,5.64966182215964,6.937099084607957
2014,Finland,7.406,52710.73348677775,7.35747194919289,1.61122466990035,69.55721917,60.057,86.4274051758699,4.144367993758932,8.781872531487625,1.2629553179814552,1.1292322609621048,5.291493939234927,9.772265223479364,3.813100750868837,3.8263440055839477,5.782459700380094,6.667606756065693,6.473984984592859,8.312898344248158,6.473984984592859,8.312898344248158
2014,France,6.575,50326.56786308905,11.3479530769135,1.2242533397519,70.52421339,62.186,81.45845504626094,3.9994177161072795,9.059390715418083,1.604443956921353,1.0968562380241547,5.5428582673033535,8.887984580338015,3.6090540485047296,3.503423536698595,5.547652852886522,6.212723663252125,6.29434361211093,8.01307604332936,6.29434361211093,8.01307604332936
2014,Germany,6.75,59203.23408799625,13.4272572813693,0.87986543465844,69.30059311,72.398,82.15180547067312,4.539092989140803,8.708223282456512,1.7823820901928187,1.0680429646724021,6.748556960696856,9.01137409788783,3.7158516846863483,3.6724394646800023,5.892796345604102,6.881358079614912,6.391789492900119,8.175713679579953,6.391789492900119,8.175713679579953
2014,Ghana,4.633,5619.072335115914,23.6327809168327,1.93640928203346,56.16283408,75.592,60.23896867413631,1.2813331059183706,4.937810852357872,2.6557280012243663,1.1564388875032785,7.125662486225534,5.111737975555097,2.803194026301916,2.22808464020747,4.530871178181686,4.242948088804464,3.590708866238246,3.5006968561067815,3.590708866238246,3.5006968561067815
2014,Greece,4.857,31213.376512029787,15.9602532913852,0.982267185579143,69.7753261,67.416,75.85686526610644,2.837391737031703,8.844467154975913,1.9991452654128976,1.076610424787401,6.160347903657448,7.891118585669872,3.4053949029218593,3.1811164078773873,5.3527432212952135,5.835132051321666,5.719739185033831,7.054058534922639,5.719739185033831,7.054058534922639
2014,Guatemala,6.123,10553.563988976965,27.4223137463517,33.4975903480006,61.84212909,73.045,58.3194077158136,1.5813357266214991,6.567714738629805,2.9800203275759234,3.7970105333369952,6.824946213989611,4.770130482121024,4.099919630818835,4.280258164085524,4.568960128281967,4.316736479597079,4.172545701968374,4.471785288786551,4.172545701968374,4.471785288786551
2014,Haiti,4.518,3403.574966429468,15.2557099929414,9.44739032712553,53.78456611,79.687,49.88090699855699,1.1466373635014688,4.255270466610405,1.9388534047677055,1.7848464093450742,7.609146245474104,3.268404232759038,2.5180783008871357,1.77686586200229,3.6315719305820027,2.5007671112064522,2.751542803900623,2.1001247262743714,2.751542803900623,2.1001247262743714
2014,Honduras,4.788,5705.162462654839,29.4737326253674,64.9996731259012,60.74285144,55.216,60.32126666666667,1.286567133188056,6.252232462982554,3.1555721516465294,6.432637710728304,4.7199323083381435,5.126383830286128,5.480810227696201,6.465629620014788,4.511233115545422,4.204903956939464,4.292252896845037,4.671577163612415,4.292252896845037,4.671577163612415
2014,Hungary,4.8,30264.949230216112,18.1685604365167,1.48030354739537,66.04035674,62.554,79.23628199404762,2.7797301398400625,7.7725663179439195,2.188122929312529,1.1182787227150792,5.586306868867084,8.4925238563365,3.598061519076611,3.4860269666191144,5.563962400983548,6.2443195803216645,5.636600104070691,6.915299015296111,5.636600104070691,6.915299015296111
2014,Iceland,7.561,60199.1994872756,5.03924831285463,0.305331857562688,71.08425596,74.204,81.82037226890756,4.599644764454812,9.22011762953567,1.0645714617511548,1.0199745140625367,6.961785695544943,8.95239182654861,3.5763029838675484,3.4515923185186463,5.684905620808366,6.478618649859024,6.414216321157651,8.213144162088431,6.414216321157651,8.213144162088431
2014,India,4.565,5905.106182046329,51.6872206933655,3.60868879736221,59.21294436,81.573,60.07264556489262,1.2987231249331517,5.813163618885486,5.056509297734801,1.2963504409668856,7.831820328488219,5.08213890489128,3.2648712726673157,2.9587263567493114,5.405370573407987,5.937085179823605,4.176265756203511,4.477994076912092,4.176265756203511,4.477994076912092
2014,Ireland,6.94,65463.19525415641,8.36819428856524,1.00896508411924,69.74519002,54.293,79.17620365843308,4.9196802688615815,8.835818385397552,1.3494486968426567,1.0788441090636953,4.610956603872593,8.481832239823888,3.3996236519095078,3.171982934700065,5.106088721804127,5.357296916688466,6.292290617494162,8.009649585597106,6.292290617494162,8.009649585597106
2014,Israel,7.278,40795.62909272809,20.0398989757489,1.63349469475113,70.47043624,92.986,72.33087045895283,3.419964591157308,9.04395718262514,2.3482642331565606,1.1310954864241074,9.179317311224223,7.263628094830869,3.4571348657585848,3.2629990987798463,5.783504553276497,6.669630913036091,5.774772406643615,7.145909242262785,5.774772406643615,7.145909242262785
2014,Italy,5.948,46825.65112450621,15.7660884912533,0.782999237037301,71.16674626,76.526,78.80495933282404,3.786572245871963,9.243791564471785,1.9825294561395546,1.0599386375769273,7.235936926063913,8.415765130585669,3.596686194708528,3.4838504041720606,5.788914872619319,6.680112135462278,6.203677301188822,7.861753541274772,6.203677301188822,7.861753541274772
2014,Jamaica,5.709,9872.15913752129,22.042085629123,35.9731672387176,64.42370499,74.63,66.76760330192683,1.5399083100736213,7.308602575008633,2.5196029698353875,4.004130099966819,7.012082174529044,6.273582042593824,4.573716175197568,5.03007965345233,5.134893493299485,5.413099393002344,4.753454802721215,5.441325327398239,4.753454802721215,5.441325327398239
2014,Japan,5.987,43754.43801329304,13.7128361071022,0.309836473839101,72.92866584,91.147,79.06252851233735,3.5998514959481445,9.749445798964633,1.8068207283891322,1.0203513935585857,8.962192370257648,8.461602467200546,3.6481392010540135,3.5652789631349817,6.093015668713694,7.2692359712067365,6.277919373379941,7.9856639111510646,6.277919373379941,7.9856639111510646
2014,Jordan,5.192,11086.690548751294,28.8641500064179,2.08150620974155,67.1272554,92.297,66.59754744503863,1.6137482579049587,8.084495940687319,3.103406627689926,1.1685784469323997,9.097969250144303,6.243318687443009,3.296488788634411,3.0087636421491295,5.554894913006958,6.226753453018014,4.901818820498494,5.688945575278585,4.901818820498494,5.688945575278585
2014,Kazakhstan,5.855,30986.437916899453,21.0581359557609,5.07400953678053,62.551781,74.819,69.60655661525973,2.8235945360121177,6.771378116561865,2.4354006834475026,1.4189467528245687,7.0343968095712865,6.778805761142164,3.3745828011293506,3.1323537557840186,5.190813127288257,5.521430544028559,4.91997512171451,5.719248527942278,4.91997512171451,5.719248527942278
2014,Kenya,4.419,4558.551552663736,18.9023424497821,5.00527231064574,55.82214574,71.852,57.56014500466854,1.2168565526351487,4.840036525016927,2.2509169165457705,1.4131958409697363,6.684092459463715,4.635011130746605,2.7167708675156685,2.091312976492911,4.124149122114455,3.455019675496925,3.3599581140558668,3.115572758566146,3.3599581140558668,3.115572758566146
2014,Latvia,5.098,29243.74125026286,18.0540062502131,3.20938906771761,65.045269,57.868,78.91365858161447,2.717643689652392,7.486985559812545,2.17831986248584,1.2629429603632667,5.03304560004198,8.435109386237706,3.627379109523917,3.5324244331997754,5.4347242699166225,5.993951069365963,5.5359361831827,6.747290454889563,5.5359361831827,6.747290454889563
2014,Lebanon,4.839,15205.873265401997,24.4279933820689,3.78131966638362,66.6925659,90.562,64.17218309811105,1.8641824863595362,7.95974417059542,2.723778948899607,1.3107936323348128,8.893123261793566,5.8116977839098105,3.1794292957252686,2.8235074929453607,5.216018191820542,5.570259433949774,4.749722037349333,5.435095324325308,4.749722037349333,5.435095324325308
2014,Lithuania,5.833,33988.014895119755,16.2276879501807,5.42076007920446,64.72338541,57.81,76.23507160258043,3.0060816132784614,7.394608017645008,2.022031201898857,1.4479576966352052,5.0261977226216095,7.95842466315785,3.5631169301967294,3.430724318277554,5.186390151848777,5.512862068412003,5.42286412148436,6.558572648742548,5.42286412148436,6.558572648742548
2014,Luxembourg,6.946,130249.5504827587,11.9599135966954,0.719063635334068,70.92480168,64.002,75.48518868145742,8.858500661672771,9.174355761170483,1.6568129716583413,1.0545894544565617,5.757267670672194,7.824974551066756,3.3035320245596838,3.0199101346976867,5.137439334505517,5.41803136212494,7.157994576854101,9.454513591164195,7.157994576854101,9.454513591164195
2014,Malaysia,5.77,26818.43172816588,20.3905475120468,1.66144687296396,65.50002263,81.258,67.87256092436975,2.5701919836441283,7.617495545211819,2.3782712642824126,1.133434110225093,7.794629270084482,6.47022169715495,3.1687747398957624,2.806645793518874,5.171823094369791,5.484641817469723,4.965305034289471,5.794904366577334,4.965305034289471,5.794904366577334
2014,Malta,6.302,43163.14730003956,11.7925867040285,1.3809468462051,70.67903816,94.25,77.04600760971056,3.5639027547166813,9.10382395825365,1.6424938379483913,1.1099660272098562,9.328553812247467,8.102739859572981,3.585500728467002,3.4661484959247546,5.962157696774269,7.015729399185893,5.972501989107052,7.475920851252602,5.972501989107052,7.475920851252602
2014,Mauritius,5.477,21721.309644478813,14.1799589328556,1.47058311329411,64.24093616,91.425,65.14949002011062,2.2603019097692627,7.25614965157679,1.846795140716551,1.1174654609230275,8.995014955134597,5.985620558538319,3.0017312264069576,2.542285874563623,5.03114681150231,5.212114575102876,4.572075582301777,5.1386025500464685,4.572075582301777,5.1386025500464685
2014,Mexico,7.187,21069.76616538862,15.9348225773224,16.7050327254596,65.44766869,77.762,67.1063834394364,2.2206899770839277,7.602470460211409,1.9969690115591334,2.3920583097041113,7.38186755522905,6.3338717839006184,3.7000077638965796,3.6473651739850967,4.983192751828695,5.119214852585637,4.847732207524016,5.598674762231087,4.847732207524016,5.598674762231087
2014,Mongolia,4.874,13943.42771486525,41.3215795985317,7.31195279430739,60.54107191,67.215,65.56206179879149,1.7874294993806887,6.194323648677603,4.16946120605865,1.6061846606347556,6.1366164663903024,6.059042353540838,3.4841977264826034,3.3058282725578407,5.243311319652488,5.623133455867263,4.571982039441972,5.138446426570712,4.571982039441972,5.138446426570712
2014,Montenegro,5.192,20641.764517656127,20.0824785795164,3.16768705786018,67.06838565,81.865,71.1476919361684,2.1946687321428127,8.067600879920109,2.351908017069271,1.259453954531272,7.866295849294222,7.05306815001589,3.3989636908219283,3.1709384927101776,5.440513894281786,6.0051671061449845,5.173035429118174,6.141607378738841,5.173035429118174,6.141607378738841
2014,Morocco,5.013,7951.79833984375,17.5128798204876,1.03786663735302,63.0611931,76.892,67.97381192810457,1.4231560055990506,6.917574565248187,2.1320125320996124,1.0812621624892045,7.279149393923492,6.4882404537063225,3.0842916192593055,2.6729443976485268,4.99922308501735,5.1502698563792855,4.4771425494624,4.9801588689174725,4.4771425494624,4.9801588689174725
2014,Myanmar,4.307,5006.5066714976665,36.4414765952555,2.42691467314289,59.22982027,69.046,56.66112663186487,1.244090910099794,5.818006845244556,3.751842458058904,1.1974771054706277,6.352796872540274,4.47502068524755,2.770830014905627,2.176865965198199,4.439525405102743,4.06598711761842,3.7841509610883968,3.823552627977255,3.7841509610883968,3.823552627977255
2014,Nepal,4.514,3621.7316893711222,50.6917645882859,2.01645182571012,60.45562633,70.889,62.49458025568181,1.1599006524474118,6.169801576367301,4.971322339178198,1.1631356606959935,6.570394080915149,5.5131494624848525,3.243566598081591,2.9250099799249716,5.311997463139263,5.75619671920994,4.3473480218471146,4.763531188007287,4.3473480218471146,4.763531188007287
2014,New Zealand,7.286,44369.766424185895,6.46803978335128,0.950700013685658,69.29686342,74.351,77.80180777867965,3.637261658698446,8.707152896745805,1.1868414434832917,1.073969351917952,6.979141522800021,8.237243012566974,3.420094567273634,3.2043798198803026,5.4153497532648025,5.956417495918582,5.857445679736966,7.283891326349955,5.857445679736966,7.283891326349955
2014,Nicaragua,5.828,6712.21708286288,19.0966063692655,8.6540960289815,66.58790537,65.438,62.16338048552755,1.3477931006121187,7.929707589596207,2.2675412080375112,1.718475305358111,5.926811670252401,5.454208732930112,3.0719776630718685,2.6534565624627113,4.356310273062228,3.9047773529308065,4.466230114487656,4.961945963295838,4.466230114487656,4.961945963295838
2014,North Macedonia,5.007,18452.20622801481,25.7464515399391,1.75189774323035,65.8904815,70.995,69.76936881989539,2.0615500096578576,7.729553543347463,2.836607068472115,1.1410016978533002,6.582909167235138,6.807780026786043,3.278055195938289,2.9795909854597236,5.222738404661847,5.583278267234446,5.0441467288049395,5.926491527883077,5.0441467288049395,5.926491527883077
2014,Norway,7.522,86790.79246256914,7.15094713440871,0.564488422634429,70.67663919,63.402,82.86299019901668,6.216335629666194,9.103135476581336,1.245281790491739,1.0416568926823284,5.686427559426982,9.137937430698223,3.604485211712401,3.496192981623969,5.571755247325686,6.259416388970013,6.8494451052501795,8.939543062686003,6.8494451052501795,8.939543062686003
2014,Oman,6.853,39639.987051480224,41.5793397713907,0.29981718647055,64.51188307,75.308,63.57157661375661,3.349704944310444,7.333908848942795,4.191519240612697,1.0195131281564909,7.0921315002361345,5.704813095111052,3.131972054091336,2.7484025559731933,5.250438791210818,5.636941257219746,5.105470886298889,6.028841836989027,5.105470886298889,6.028841836989027
2014,Pakistan,5.194,4520.234633992859,54.726513458073,6.19607584212452,56.48168867,85.319,54.11446174185292,1.2145269963556204,5.029319100209331,5.316599225826428,1.512824623378395,8.274098756362491,4.021812983808518,3.136032658867437,2.7548287926291373,5.119756365532555,5.383774764830572,3.680846319336526,3.6511366919503043,3.680846319336526,3.6511366919503043
2014,Panama,6.786,28931.81564011986,15.9619986030478,15.5186126360303,67.39496331,66.819,66.55147703930056,2.6986795273695146,8.1613255757259,1.9992946218651928,2.29279626872895,6.089861992968464,6.235119939829689,3.557264055972874,3.421461669742701,4.680293893021285,4.532419487907072,5.072519377525918,5.973845612886743,5.072519377525918,5.973845612886743
2014,Paraguay,5.878,14217.558089698265,14.1013413972108,9.52253702792393,65.02737382,61.75,64.3819232593795,1.8040958222023893,7.481849812615719,1.8400673817358975,1.7911335710007632,5.4913811197985,5.84902340800772,3.1354701129361056,2.7539385180311626,4.3158453523376,3.8263860773519367,4.516663821966901,5.046120059782513,4.516663821966901,5.046120059782513
2014,Peru,5.824,14242.644476080131,27.1057918484588,6.89338555748064,69.61672479,71.956,68.84132912740853,1.8056210009211824,8.798950080923298,2.9529337110385683,1.5711651607266393,6.696371412079551,6.642624910568855,3.475798149221819,3.29253525975212,5.232525586769597,5.602238632805664,5.253881391702274,6.276539672937373,5.253881391702274,6.276539672937373
2014,Poland,5.791,30334.87865696185,23.6086177841208,0.750030452020356,67.37068842,59.993,79.13720339137987,2.783981643897542,8.154358912173441,2.65366022166641,1.0571802985042744,5.283937660702105,8.47489170302377,3.617045395189944,3.516070491482554,5.6367779513017,6.385382599084563,5.797695529004429,7.1841680419786105,5.797695529004429,7.1841680419786105
2014,Portugal,5.102,35097.40982632318,8.15121248648451,0.884088459392736,69.62405061,70.188,78.29363865121805,3.0735295714679083,8.801052521889488,1.330880304236425,1.0683962847636157,6.487629217610327,8.324769856053177,3.439590934155378,3.2352344029834357,5.400937201887066,5.928496564242096,5.79611340127753,7.181527463314173,5.79611340127753,7.181527463314173
2014,Qatar,6.611,128013.98705089104,90.7022898024857,0.405702920880718,66.36270725,93.24,63.22604981325864,8.722584961464099,7.865077861729837,8.39525528394369,1.0283720763497592,9.20930629165136,5.643322709134695,3.8595880503375284,3.899913930349781,6.937934560406211,8.906067787366723,7.115837108735016,9.384152577341244,7.115837108735016,9.384152577341244
2014,Romania,5.124,28156.130784329307,18.2655082722918,1.62758998394145,65.61309198,54.593,75.19794808590102,2.651520163061986,7.649945377921464,2.1964193185015484,1.1306014677779643,4.646376659495199,7.773856851764164,3.354809326267506,3.1010606268096255,5.066625768957573,5.280846718433972,5.3592774825834795,6.452446247460057,5.3592774825834795,6.452446247460057
2014,Russian Federation,5.716,35853.24609375,14.6545009824598,11.3961892650078,61.62716371,78.573,70.90382718523308,3.1194821998147595,6.506021710241775,1.8874044591050967,1.9478930078879828,7.47761977226216,7.009669670825768,3.6516344972870267,3.5708105531356065,5.239956877571462,5.616635012551964,4.937142562168022,5.7479010673130535,4.937142562168022,5.7479010673130535
2014,Rwanda,3.465,2176.094920146659,36.5113738855701,3.76602860932266,58.05217521,88.473,53.97674413780663,1.0720101766346108,5.480033865048386,3.7578239750166738,1.309514303414086,8.646481607808155,3.997304584991578,2.8070230835321652,2.234144434077476,4.69034886534856,4.551898634104079,3.5175989060310933,3.378675986490039,3.5175989060310933,3.378675986490039
2014,Serbia,5.123,17922.435768575666,21.6558081952053,1.63272026762776,66.03831055,64.375,73.5642213248557,2.0293415194320232,7.7719790807908655,2.486546967077871,1.131030693845545,5.801306606496301,7.483116773218019,3.3733584005459756,3.1304160424766927,5.256332676972965,5.6483592759563965,5.199249714749049,6.185359145529546,5.199249714749049,6.185359145529546
2014,Singapore,6.798,107990.89120262518,20.2243081592991,0.256508913684751,72.75875555,99.933,71.1283798941799,7.505239457521569,9.700683154745423,2.364045197677635,1.0158897340601423,9.9995277325917,7.0496313546236,3.379913400009279,3.1407898611942136,5.8498133062112245,6.79808854081624,6.844318788212879,8.93098721528778,6.844318788212879,8.93098721528778
2014,Slovenia,5.848,37662.25598980978,14.8678983898954,0.777302570612473,69.62201996,49.842,80.7126490111196,3.2294646960403193,8.800469744569273,1.9056661142504527,1.059462025000049,4.085441045285197,8.755259996027206,3.5255345791967,3.3712471972746996,5.292868704523358,5.719139244209663,6.046844507719794,7.599998866681999,6.046844507719794,7.599998866681999
2014,Spain,6.329,41339.41111694166,10.22461137596,0.691349965151574,71.28222085,77.651,78.80516880145998,3.453024943428382,9.276931678284374,1.5083130854186075,1.0522707854709834,7.368762134648685,8.415802407888776,3.5275913850439418,3.3745022594781173,5.668439185513896,6.446718800709317,6.063278196883424,7.6274267716771,6.063278196883424,7.6274267716771
2014,Sri Lanka,4.271,12909.966306811311,25.0108396744448,2.56642825955881,66.18862004,83.211,65.96230407435701,1.7245980767012865,7.815116481025081,2.7736564901594756,1.2091495336895988,8.025213832187646,6.1302699745911,3.182299384027515,2.828049640647655,5.194336196111598,5.52825566203369,4.776898203796405,5.480452474750849,4.776898203796405,5.480452474750849
2014,Suriname,6.269,24414.35547597339,15.3725941750371,5.56160959933817,63.17724046,68.347,67.61094609116375,2.4240311981732345,6.950879058626777,1.9488558628623425,1.4597418959786006,6.270268142939601,6.423664390897396,3.183214791651356,2.829498347515676,4.736572307962577,4.641445692723526,4.695942149496784,5.345336436958046,4.695942149496784,5.345336436958046
2014,Sweden,7.364,57077.66935441957,7.77583632803298,0.89723711300655,70.90962082,67.466,86.17040746541039,4.409864887184608,9.169998998109682,1.2987571869136472,1.0694963691312114,6.166251246261216,9.726529586219332,3.8180156844852893,3.8341222869752984,5.942598929099077,6.977838882675479,6.626798457824151,8.567944754340619,6.626798457824151,8.567944754340619
2014,Switzerland,7.587,78086.68052498407,10.6761595852196,0.500596106180341,70.92077611,74.95,79.69625773809524,5.687151151235533,9.173200460701693,1.5469546873860094,1.0363113310297822,7.0498635671931575,8.574381720908764,3.554540159663047,3.4171508827347603,5.68614536497029,6.481020362861406,6.616895702461973,8.551417008771189,6.616895702461973,8.551417008771189
2014,Trinidad and Tobago,6.168,39248.6570516023,12.4160387215375,28.4984183377823,64.26089226,87.088,59.38014025123024,3.325913228008468,7.261876863297181,1.6958462468658326,3.3787539467017615,8.48295901768379,4.958899784318266,3.825998577533414,3.846755863192385,4.559321968966987,4.298064810669928,4.612641752367069,5.206307679885991,4.612641752367069,5.206307679885991
2014,Turkmenistan,5.548,12423.924641774463,32.8746009676061,1.46495233226172,60.90374421,74.98,55.73411808302808,1.6950481689275296,6.298407164355577,3.446604201225036,1.1169943606588468,7.053405572755419,4.310049072657139,2.6709588472203656,2.0188117358311217,4.406683662557705,4.002363958491074,3.917704331516524,4.046453835332757,3.917704331516524,4.046453835332757
2014,Uganda,3.931,2470.503809095981,30.8166982571651,12.2899679036209,55.21564183,60.659,50.37188340999278,1.0899093736418615,4.665975646297383,3.2704975180540674,2.0226711515145066,5.36257018418429,3.355779015267842,2.7556868586027914,2.152900691184655,3.6508651355188624,2.538143162312479,3.0807730746103767,2.6496116063428614,3.0807730746103767,2.6496116063428614
2014,Ukraine,4.681,16978.8125,19.0428574115728,6.18849833107946,61.80662161,74.294,71.25053479645355,1.9719719921560692,6.557524428117352,2.262941597659851,1.5121906496126556,6.972411712231725,7.071370195370208,3.476640793890346,3.2938688133372147,5.2589326443290325,5.653396101776285,4.730360514371025,5.4027808508360105,4.730360514371025,5.4027808508360105
2014,United Arab Emirates,6.901,74145.11754489513,50.625296563254,0.740572167270486,69.15068583,90.77,64.51401792717087,5.447515681841665,8.665201312683463,4.965634284361076,1.0563889694828246,8.91768116702524,5.87253114198437,3.4060306915141947,3.1821225949314798,5.924785117016036,6.9433288076004525,6.1168119413060955,7.716774844494896,6.1168119413060955,7.716774844494896
2014,Uruguay,6.485,28935.086486756984,11.4718002560743,7.98490138572303,66.95855323,86.112,75.50669707743236,2.6988783852523297,8.03608001546749,1.6150422791021986,1.6624870203557616,8.367725770058247,7.8288022123894825,3.740433960088511,3.711342910837981,5.674871193272256,6.459179304367346,5.43061657293547,6.57151152690697,5.43061657293547,6.57151152690697
2014,Zambia,5.129,3585.577485071313,20.5339311723167,5.19020856145348,52.25649549,52.519,49.64861596771284,1.1577025828588468,3.816728669142489,2.390541436581099,1.4286685642226784,4.401506008290916,3.2270654274192885,2.2325906040628443,1.3250584088487793,3.1003887291660837,1.4717244742905915,2.674533322363178,1.971595537100853,2.674533322363178,1.971595537100853
2015,Afghanistan,3.36,2967.692067153004,36.4857340459184,9.95218590955213,51.61706961,81.918,41.48672477633478,1.1201369615805743,3.633219496796316,3.755629825072078,1.827080218628439,7.8725533924542175,1.7745649587680776,2.402849283075822,1.5945065882198117,3.5909196804425663,2.4220129289044907,2.4015187262940354,1.5159328840775321,2.4015187262940354,1.5159328840775321
2015,Albania,4.655,13876.761629659792,18.6786335737453,2.20793808941597,68.19152535,65.25,70.76870221967575,1.7833763969181469,8.389931337949319,2.2317728491635456,1.1791563919053694,5.904615102062234,6.985622661230021,3.2232435447152437,2.8928470983581223,4.982585662440561,5.1180387595481625,5.11802197494954,6.049789663351536,5.11802197494954,6.049789663351536
2015,Algeria,6.355,15239.517145646909,16.0318389714709,1.36433389808261,65.83857445,78.328,71.26091462948817,1.8662279356078286,7.714656711545107,2.0052712676862168,1.1085761020459572,7.4486933935037,7.073217403571567,3.253919003224773,2.9413935013648924,5.251687336651688,5.6393600206319885,4.949976282123918,5.769320606661715,4.949976282123918,5.769320606661715
2015,Angola,3.866,11389.760954948071,21.2324508850665,4.45347324389499,53.49860069,74.111,51.45125118835412,1.6321740497584016,4.173201099096182,2.4503178240253547,1.3670294770806892,6.950805478301937,3.5478646688444306,2.4272031537514365,1.6330485653585023,3.7587912673439643,2.747224682566488,2.982428184339291,2.4854735190119506,2.982428184339291,2.4854735190119506
2015,Argentina,6.65,28669.20613367961,13.8006524258903,6.52528743235621,66.4804501,85.667,73.2844772833376,2.682713639557751,7.898868944682531,1.8143356806517408,1.5403681677352639,8.315186020884713,7.43333317014369,3.5926395326113276,3.4774462329372,5.545696467303417,6.208933625890446,5.294485550866542,6.344308206762889,5.294485550866542,6.344308206762889
2015,Armenia,4.36,13112.760090291533,28.2872611000725,2.56745781452856,65.37019602,77.652,71.19828655753969,1.7369273439843236,7.580236537569508,3.054038894541431,1.2092356715833381,7.368880201500761,7.06207203275947,3.457262934687252,3.263201778254769,5.560128684936709,6.236892656315955,5.040588137550511,5.920552222236547,5.040588137550511,5.920552222236547
2015,Australia,7.313,55879.995881710274,5.89199209300085,0.985468432815397,70.03689916,81.291,77.0126620787709,4.337049852574455,8.919536146160091,1.137545698071609,1.0768782576883844,7.79852547620297,8.09680564675617,3.414726857791195,3.195884983929381,5.500276520973794,6.120943152518878,6.029065734540095,7.570326010097767,6.029065734540095,7.570326010097767
2015,Austria,7.119,60951.60372736618,13.4993565061975,0.509021333026224,69.89998216,57.439,84.32338062215564,4.645388735605051,8.880242263732118,1.7885520394714078,1.0370162290838967,4.982394920501654,9.3978303555468,3.7233503835246564,3.6843067642581917,5.714225948467989,6.535419895097333,6.57782906740842,8.48621460996359,6.57782906740842,8.48621460996359
2015,Azerbaijan,5.291,20678.75395723748,23.4359645146502,2.16347016513122,64.96044047,77.795,70.62083043154762,2.1969175815869217,7.46264057500892,2.6388852789682806,1.1754359753667751,7.385763761347537,6.959307210984459,3.348677894008942,3.091357137574396,5.388456068503315,5.904317301090177,5.0245869243734855,5.893846121710008,5.0245869243734855,5.893846121710008
2015,Bahrain,6.218,54149.91315247206,59.1026648910356,0.219034059796298,65.59805164,97.723,59.84114703703703,4.231865896614459,7.645628942769973,5.691091911998056,1.0127543939598216,9.738599989505168,5.0409411343846715,3.297416151997314,3.0102312699446587,5.94319322349841,6.97899018842868,5.415983310492436,6.547088542630001,5.415983310492436,6.547088542630001
2015,Bangladesh,4.643,5352.711332995656,65.5167318093513,2.53163478437081,63.21754422,97.483,59.00352454587896,1.2651391381716295,6.962445856079577,6.239980858443515,1.2062385315997397,9.710263945007085,4.891876777554588,3.4362761905668986,3.2299885521981757,6.052291901696844,7.1903432417596065,4.5817057370867795,5.1546753239623655,4.5817057370867795,5.1546753239623655
2015,Belarus,5.802,25513.21329583165,15.5038696838771,3.43617510284546,64.47404492,72.69,77.4857928946054,2.490838530896081,7.323049658211244,1.960089870342919,1.2819170530240573,6.783032481502859,8.18100460452455,3.6184357680935264,3.518270869458519,5.602086248691668,6.318175577029333,5.331577256629535,6.406214439237162,5.331577256629535,6.406214439237162
2015,Belize,5.956,12348.794497831106,16.4566914159076,33.3957281531601,64.75590999,58.129,67.61303337153043,1.6904804765170713,7.403942264104828,2.0416283580613936,3.7884882152743087,5.0638610484336475,6.424035845948649,4.3368087478410455,4.6551544199737815,4.657291470798792,4.487857699890826,4.777659801286249,5.481723584566057,4.777659801286249,5.481723584566057
2015,Bhutan,5.196,12400.298323739074,32.2583535475829,1.62026847848689,63.37870537,32.038,65.60230992063492,1.6936117580821213,7.008697579971105,3.393868331544542,1.1299889127640146,1.9833788109356139,6.066204960156039,2.9183042157506778,2.410255858460956,4.161741173178831,3.5278454411673126,4.62608809138354,5.22874968334629,4.62608809138354,5.22874968334629
2015,Bosnia and Herzegovina,5.163,14220.090003803703,31.686057116213,1.61998987932639,66.9072933,52.288,70.71332857322417,1.8042497551544154,8.021368900977063,3.3448936031437335,1.1299656037173023,4.37423256546151,6.9757682971450405,3.2877828216387153,2.994985742718371,5.017055143503838,5.184815279573505,5.18474829878933,6.161156213657263,5.18474829878933,6.161156213657263
2015,Brazil,6.952,18357.0690617991,14.1057649860703,28.8503019791216,63.90502983,78.899,71.64386950174008,2.055765948969732,7.159747715821324,1.840445933918081,3.408194352116603,7.516109566038726,7.1413685364861745,4.435828393559866,4.811861046711249,5.37224637290373,5.8729148247713905,4.966705858872832,5.797242349437096,4.966705858872832,5.797242349437096
2015,Bulgaria,4.217,24562.648880928973,21.898677985146,1.75548173553612,65.30075052,60.047,73.44817100840336,2.4330470022804023,7.560306336702183,2.5073307451116342,1.1413015531863981,5.290313270714172,7.4624643122770795,3.350644526304874,3.0944694928135124,5.153495650080436,5.449136700686711,5.236580298708918,6.247664066845019,5.236580298708918,6.247664066845019
2015,Burkina Faso,3.739,2101.7026619202743,48.7105219514513,0.646029930732339,53.50154549,49.843,49.99387361111111,1.0674873455116771,4.174046228809612,4.80177590359618,1.048479076991332,4.085559112137274,3.288507913858112,2.403373708619018,1.5953365342093433,3.787506762282239,2.802854206528954,3.1005032186246764,2.682541310085921,3.1005032186246764,2.682541310085921
2015,Burundi,2.905,992.2858055202896,39.653487426017,4.17285957648643,54.73741688,79.134,51.6163294890873,1.0000380543345815,4.528729614326029,4.026712873868512,1.3435518863009366,7.543855276276434,3.5772422118129503,2.6912336955990472,2.0508983290922096,4.373494596715981,3.9380679420893814,3.165975936005836,2.791815585278848,3.165975936005836,2.791815585278848
2015,Cameroon,4.513,4698.666778435867,61.726915605535,3.78238510747147,51.62721778,73.973,53.36968353280707,1.225375147432884,3.6361319254855156,5.915664282108059,1.3108827726467995,6.934512252715538,3.8892713127282827,3.0187132473484013,2.569161301127716,4.970972705200612,5.0955413836734476,3.3559159870792996,3.108826429510782,3.3559159870792996,3.108826429510782
2015,Canada,7.404,55660.84558407595,7.38952733509424,1.69900457240782,70.1902754,75.651,78.09071993464052,4.323726157201149,8.963553674602899,1.2656984834674672,1.1365763816130654,7.13262843049798,8.288658184871098,3.4864717232110296,3.3094270569600353,5.495979460449299,6.1126186074629985,6.117332797544702,7.717644156022352,6.117332797544702,7.717644156022352
2015,Chile,6.705,27817.95848480237,22.6210355943474,2.32163505387454,68.71123145,81.384,76.80839781852136,2.6309602790407203,8.539082067153863,2.569147079758722,1.188668868005017,7.809505693445978,8.060454520922178,3.6790299625930087,3.614166100661947,5.934257073859433,6.961678498292668,5.731830793980494,7.074239487484464,5.731830793980494,7.074239487484464
2015,China,5.245,14857.108823440529,49.4732216422362,0.658962453224414,67.93292823,83.42,70.08082878689937,1.842978631142832,8.315716413363681,4.867044544391579,1.0495610787114293,8.049889804271396,6.863207836031684,3.62639688857848,3.5308699888271162,6.157439998195791,7.394042971343557,5.457052535795344,6.615633274042077,5.457052535795344,6.615633274042077
2015,Colombia,6.481,16821.38014006306,19.2348570604901,27.2152782480106,67.44897514,80.396,69.47512560266532,1.9624005663887147,8.176826459456478,2.2793721223728345,3.2713998102516126,7.6928556435955295,6.755416132082864,4.33076871821276,4.645595582820085,5.365546286919191,5.859934982542354,5.152228799163073,6.106881014865552,5.152228799163073,6.106881014865552
2015,Costa Rica,7.087,21265.31763363537,19.0534276158403,11.5607212354156,69.38444245,73.414,72.12614242424242,2.2325789328409944,8.732287249002834,2.2638461514099113,1.9616586035095125,6.868512882405415,7.227194435107858,3.7473911145109433,3.7223531724210908,5.3321344930225,5.79520748287013,5.432712745818643,6.575010049370216,5.432712745818643,6.575010049370216
2015,Croatia,5.488,29466.45063657922,20.4013318441123,0.884378611088172,67.61143028,55.245,79.65967268907562,2.7311837671794885,8.22344954622422,2.3791941421913796,1.068420560355152,4.723356247048328,8.567870999361439,3.580033724533045,3.4574965184446125,5.483001544851657,6.0874769455040525,5.791531392696031,7.173880069304906,5.791531392696031,7.173880069304906
2015,Cyprus,5.546,37258.5,17.928179292738,1.2300107871946,70.7973974,74.458,73.86140039143864,3.204917515993365,9.137791939299273,2.1675521191799945,1.097337935855354,6.991774675972084,7.536003135381366,3.3816790831655403,3.1435841981088353,5.414012897244815,5.953827651510254,5.802284159183118,7.191826487464927,5.802284159183118,7.191826487464927
2015,Czechia,6.596,42066.57598008014,16.7738010034667,0.836150868791633,67.8754041,59.567,80.9087146825397,3.497234434481849,8.299207532793766,2.0687652666156273,1.0643855779955045,5.233641181718005,8.790152090634514,3.6194501886887203,3.519876272390552,5.585159399017952,6.28538378320662,6.013578367002015,7.544477520374671,6.013578367002015,7.544477520374671
2015,Denmark,7.526,62059.12859917213,9.09705667522263,1.09083852229384,69.77550468,64.133,85.17712323232321,4.712722999667633,8.8445184057448,1.4118216830635664,1.0856940643596933,5.772734428294064,9.54976346912296,3.773728335255568,3.76403396203177,5.823238919974258,6.7466069118512895,6.577283175101229,8.48530351311917,6.577283175101229,8.48530351311917
2015,Ecuador,5.976,13881.570073810466,18.258248662138,6.45509329915208,67.13273598,76.833,68.84000966386554,1.7836687362203278,8.086068815247508,2.195798071511196,1.5344953634997287,7.272183449651047,6.642390097169654,3.3708096939584418,3.1263825074243643,5.110407542707264,5.365663617364778,4.948347208237521,5.766601674634876,4.948347208237521,5.766601674634876
2015,El Salvador,6.068,9646.154323398538,28.9006916656434,107.638231074992,63.13200139,76.435,65.85199480519479,1.5261678802007088,6.93789587394021,3.106533709631709,10.0,7.225192842525057,6.110639197679499,7.714105080322591,10.0,5.620735451325442,6.354304024998849,5.0060382454673675,5.862888288824403,5.0060382454673675,5.862888288824403
2015,Estonia,5.517,36353.05805204488,7.28547055171491,3.42315697228612,67.41876227,63.571,79.71873183515831,3.1498693010331595,8.168155651875306,1.2567937403572127,1.2808278888902784,5.706380857427717,8.578381239617258,3.571249384515683,3.4435945873455593,5.347126153785761,5.824250302903693,5.725054107720862,7.062929166042936,5.725054107720862,7.062929166042936
2015,Finland,7.413,52782.48739262768,5.69706141683995,1.49642750743994,69.84643293,60.339,86.68874655540537,4.148730420795124,8.864874141820831,1.1208643483397678,1.1196277366072798,5.324788791520176,9.818773865576215,3.8015357163656884,3.808041399753211,5.7650673326344215,6.633913130364599,6.4893624710490965,8.338563441925587,6.4893624710490965,8.338563441925587
2015,France,6.478,50682.8953586333,12.0481874947392,1.55892963521539,70.2384988,62.184,81.74749565826332,4.021081382800933,8.977393333738558,1.6643670816345773,1.1248569878847643,5.5426221335992025,8.939422612841582,3.647151323129219,3.563715566133314,5.5902117688640915,6.295171562592879,6.303788819770389,8.028840139617365,6.303788819770389,8.028840139617365
2015,Germany,6.994,59668.98903552816,12.1341175742131,0.83092148321361,69.05746443,72.452,82.6621383498854,4.56740952398704,8.63844765366836,1.6717206174475134,1.0639480605510971,6.754932570708926,9.102193581858282,3.7231465434916724,3.6839841708603758,5.899533259304427,6.894409266889616,6.391073534577917,8.174518741751552,6.391073534577917,8.174518741751552
2015,Ghana,4.276,5607.366356574134,33.8697351229232,1.82951897503029,56.50723703,75.839,59.43246315677786,1.2806214167542638,5.036651237592325,3.5317636086712136,1.1474958915711209,7.154824998688146,4.9682112346974865,2.89172009671615,2.368184332265864,4.743348461474729,4.654572897913193,3.701712294145474,3.685962102665543,3.701712294145474,3.685962102665543
2015,Greece,5.033,31347.97657460404,15.4961295457634,0.859447721666469,69.49830036,67.424,76.03279247092776,2.8455750260818498,8.764963390965006,1.9594275017850795,1.0663347132008656,6.161292438474053,7.922426813317087,3.403045984522164,3.177399053849046,5.353840292140396,5.837257368297807,5.703889329511217,7.027605051037691,5.703889329511217,7.027605051037691
2015,Haiti,4.028,3402.028398801605,15.9378777812489,10.1774724071475,53.99979583,79.985,49.95845669510229,1.1465433367254603,4.317039358075195,1.9972304630977202,1.8459288522234913,7.644330167392559,3.28220507473728,2.5640253709136136,1.849580829825599,3.665973206536793,2.567411499860733,2.783685078660951,2.153770334979432,2.783685078660951,2.153770334979432
2015,Honduras,4.871,5812.534887910499,29.7472774328821,55.7305404552518,60.75913311,55.472,60.40580772854597,1.2930950617423063,6.256905148088939,3.178980969034078,5.6571341305413005,4.750157422469434,5.141428864472529,5.090799728602468,5.848406348193302,4.487777124361029,4.159463485637808,4.262175694645991,4.6213781707861665,4.262175694645991,4.6213781707861665
2015,Hungary,5.145,31485.567542563407,19.0056518144009,2.24611505942905,65.92232594,62.513,79.39697815344378,2.8539401534076996,7.738692596068045,2.2597576986931527,1.1823504746720974,5.581466127931994,8.521121547896021,3.649781241366399,3.5678776252131263,5.60121753791303,6.316492654022761,5.667814223950527,6.967395529112654,5.667814223950527,6.967395529112654
2015,Iceland,7.501,61820.3618857662,5.076606167753,0.906477233068894,71.11890254,74.317,81.99367184873951,4.698206683746335,9.230060869900644,1.0677683902955195,1.0702694453665313,6.975127249829458,8.983232438732813,3.612114394870303,3.5082667832292795,5.7048545221494145,6.517264958674601,6.452541637820648,8.277109296993515,6.452541637820648,8.277109296993515
2015,India,4.404,6301.673469682361,51.4355933740253,3.341278725169,59.59041418,81.824,60.24383361344538,1.3228332529709306,5.921493882674401,5.034976087063871,1.2739775312532768,7.8614551083591335,5.112603746301202,3.2602228621640283,2.951369869818125,5.4166889687556115,5.959011911247205,4.215194653297154,4.542966590412682,4.215194653297154,4.542966590412682
2015,Ireland,6.907,80815.64152773452,7.74862352557972,0.574164266695474,69.83869094,54.369,78.95290997368645,5.853063976720034,8.862652264005668,1.296428429409458,1.0424664238409913,4.6199296846303195,8.442094613563448,3.362016293552096,3.1124662375243157,5.072046890293626,5.291348867183824,6.498256225747973,8.353407160612345,6.498256225747973,8.353407160612345
2015,Israel,7.267,40889.59890808345,22.7224413371307,1.49014483400625,70.97263281,93.09,72.7571084284996,3.4256776803367246,9.188082842530845,2.577824957933161,1.1191020956531483,9.19159626384006,7.3394819424265885,3.5078583927955425,3.3432731975254604,5.889330391641084,6.874643608230978,5.8699515854178355,7.304763742122046,5.8699515854178355,7.304763742122046
2015,Italy,5.977,47311.82552627091,18.409853261327,0.774242762514025,70.90011123,76.613,78.34852456073338,3.8161302236494836,9.16726983583328,2.2087717572841825,1.0592060256288731,7.24620874219447,8.334537421856748,3.607938385278148,3.5016579090845648,5.8250458039178,6.75010732491576,6.199395142837001,7.854606598718036,6.199395142837001,7.854606598718036
2015,Jamaica,5.51,9931.89875715182,21.2229913374774,43.1395301537823,63.60295464,74.536,67.01189037008744,1.5435403037431097,7.073054996872863,2.449508315615767,4.6037050866481435,7.000983890433962,6.317055677890942,4.883662391168868,5.52059469844479,5.163583272107511,5.468679098005152,4.726937412760511,5.397067678046449,4.726937412760511,5.397067678046449
2015,Japan,5.921,44589.303285400296,13.4624426415411,0.285207237530428,73.09945869,91.143,79.61261407383464,3.6506088560037098,9.798461729546213,1.7853931057498675,1.0182907842639182,8.961720102849347,8.559496388736413,3.671651457176397,3.6024890169296473,6.129139998661701,7.339218372094843,6.329024128982873,8.07095799013226,6.329024128982873,8.07095799013226
2015,Jordan,5.303,10469.630630222546,32.905357512385,1.77061077375796,67.50976197,92.594,66.74031953144895,1.5762328245685513,8.194271704029386,3.449236217335094,1.1425673267730654,9.133035105210682,6.268726588327593,3.344362180695151,3.084527170950494,5.678163638037597,6.465557642451447,4.978949017238512,5.817676238696547,4.978949017238512,5.817676238696547
2015,Kazakhstan,5.919,30893.759485104136,20.4100787212913,4.71683271705767,62.97451546,75.154,69.89557172619048,2.8179599591657887,6.892698903385206,2.379942663256191,1.389063492729266,7.073949205016529,6.830239255442805,3.3673892022252465,3.120969301616554,5.202403333788965,5.5438838456918935,4.956209304338298,5.779723550238542,4.956209304338298,5.779723550238542
2015,Kenya,4.356,4679.621828319382,18.820575680392,4.8015943416874,56.40525297,72.521,59.67648622782445,1.224217270320733,5.007382778137569,2.243919659348996,1.3961550886421137,6.763079183502126,5.011637888734642,2.8179441201521733,2.2514278609850766,4.301822550568801,3.799220193960577,3.5172183180924197,3.378040783419062,3.5172183180924197,3.378040783419062
2015,Latvia,5.56,30599.613313414728,15.6579612436511,3.38748763187818,65.36315688,57.748,79.24564014939308,2.800076734597445,7.578216371048524,1.9732763797725241,1.277843607386049,5.018877577792937,8.494189245485448,3.620137951153469,3.520964712316438,5.395437887749422,5.9178429353126685,5.567735181623357,6.80036313379236,5.567735181623357,6.80036313379236
2015,Lebanon,5.129,14980.020515614047,27.3828783139307,3.56896263234324,66.82724309,91.289,64.107728420599,1.8504513015522062,7.998395248763865,2.9766456086604762,1.2930267445333603,8.978957863252349,5.800227348063777,3.2095109944187747,2.8711142228480133,5.304909580428427,5.74246561194701,4.789454075019838,5.501408283249967,4.789454075019838,5.501408283249967
2015,Lithuania,5.813,35264.71492483163,14.3133444749514,5.91926942449559,64.67661348,57.709,76.8297688269247,3.0837012307856932,7.381184916654266,1.858209715993737,1.4896655668067154,5.014272970561999,8.06425773257908,3.589320304658914,3.472193285282019,5.182262340127989,5.50486540314373,5.447681515376564,6.599992996609893,5.447681515376564,6.599992996609893
2015,Luxembourg,6.871,130097.33828902504,11.8855521357814,0.877907630070794,71.10883565,64.54,75.89921706800143,8.849246606700898,9.227171767801744,1.6504494297032863,1.0678791646146217,5.820787637088735,7.898655565844968,3.333506680005962,3.0673474599729404,5.181062867310169,5.502541706407713,7.1916334526663865,9.510657034108418,7.1916334526663865,9.510657034108418
2015,Malaysia,6.005,27699.62788603868,25.1876546150456,1.59447772809976,65.21056295,81.505,68.37717670401494,2.6237661256752567,7.534423358167419,2.7887875712189905,1.1278311251940665,7.8237917825470955,6.560023758863112,3.254960283662238,2.943041412177523,5.343262291323751,5.816764977302302,5.043450152067505,5.925328938011387,5.043450152067505,5.925328938011387
2015,Malta,6.488,46171.88934207583,12.947012247904,0.898915795186531,70.854082,94.292,77.5124931372549,3.7468254468493734,9.154059882709346,1.7412847343636009,1.0696368163647152,9.333512620034632,8.185756213441177,3.603528936641073,3.4946795987031045,6.027770710344677,7.142839195430412,6.066373409140368,7.632592695583646,6.066373409140368,7.632592695583646
2015,Mauritius,5.648,22499.025457055148,14.3194080246196,1.62504048091912,64.31887432,91.397,65.1628310708899,2.307584750292987,7.278517165440608,1.8587286091439772,1.1303881631688097,8.991709083276486,5.987994748790899,3.0107020191138885,2.5564828821782144,5.035937296269259,5.221395013685168,4.592268798252344,5.172305123042887,4.592268798252344,5.172305123042887
2015,Mexico,6.778,21408.928321619533,17.0032678302327,17.1484302942078,65.50346116,77.892,66.87872798149564,2.241310041489748,7.618482370759741,2.088402075272567,2.4291552436059485,7.3972162459988455,6.293357930971622,3.7221777014371717,3.682450899668583,4.998715561773829,5.149286649351245,4.860003772218242,5.6191560617873275,4.860003772218242,5.6191560617873275
2015,Mongolia,4.907,13974.596726036516,44.9009780607563,7.18959068215609,60.78328775,67.774,66.18880555104617,1.7893244838475868,6.263837301030136,4.475771114555032,1.5959472134620496,6.202615836700425,6.1705784635585506,3.560237720742183,3.4261677356113847,5.399150542732455,5.925035331953819,4.668862817971335,5.300140904475016,4.668862817971335,5.300140904475016
2015,Montenegro,5.161,21131.84103162473,22.5059826956233,2.70638148835062,67.25790464,82.22,69.75050014005603,2.2244639468982355,8.121991035349515,2.5593013352146734,1.220858744663615,7.908209581780972,6.804422132681985,3.341825607936138,3.080512838666698,5.401522290409627,5.929630035772219,5.14785525918646,6.099581555944527,5.14785525918646,6.099581555944527
2015,Morocco,5.151,8198.80859375,19.8670944049653,1.24539159959094,63.18479871,77.118,67.59915457516341,1.4381735046061546,6.953048204801914,2.3334763427266187,1.0986247741716635,7.305832502492522,6.421565957811852,3.106063758423235,2.7074005751117998,5.038340571979924,5.2260507956601,4.500466942910579,5.0190873919773376,4.500466942910579,5.0190873919773376
2015,Myanmar,4.395,5313.88615901476,34.6434473031534,2.54849103640211,59.55919623,69.126,57.35747483235719,1.2627786814598605,5.912534626651099,3.5979746521272573,1.2076488128270437,6.362242220706303,4.59894369081616,2.788501327969167,2.204832252495092,4.448858279200392,4.0840673681719935,3.828590373728869,3.8977222180068933,3.828590373728869,3.8977222180068933
2015,Nepal,4.793,3745.261822494766,52.0893526071468,2.1492523495048,60.12382317,70.993,62.82555410579003,1.167410922252793,6.074577211545775,5.090922060385784,1.1742464393753829,6.582673033530986,5.572049987022759,3.2847341500219702,2.990160972425343,5.377761145603129,5.883598401031811,4.360131902991946,4.784867546144394,4.360131902991946,4.784867546144394
2015,New Zealand,7.334,45097.01646838696,6.58301243029768,1.04030555507995,69.37421059,74.421,78.3826071744228,3.6814763285106995,8.729350802076162,1.1966803204167782,1.0814662149605867,6.987406202445296,8.340602806850981,3.4552437516584398,3.2600062572153456,5.465770393240909,6.054095638182293,5.906732227149873,7.366150807256381,5.906732227149873,7.366150807256381
2015,Nicaragua,5.992,6939.032432743444,20.8272949678995,8.52113297894743,67.15428783,65.379,62.33868811858078,1.361582808681971,8.092253992106517,2.4156462798472136,1.7073509288929305,5.919845725979956,5.485406700802672,3.097177852000435,2.693337906932033,4.41367934053978,4.015916440758019,4.542726553123639,5.089618881438573,4.542726553123639,5.089618881438573
2015,North Macedonia,5.121,19215.0740381192,26.8430932065257,1.26239291120934,65.96429077,70.944,70.83718537382755,2.1079301351774333,7.750736104880904,2.930453063012967,1.1000471918342882,6.576887757779295,6.997810009868691,3.324901406674246,3.0537289164386974,5.331567620992333,5.794109301513562,5.129640761357413,6.06918147285824,5.129640761357413,6.06918147285824
2015,Norway,7.498,87688.11967089928,6.22560099325305,0.462448150409719,70.85021934,63.623,83.15732683003273,6.270890492256066,9.152951335867833,1.1660945486084449,1.0331196757446433,5.712520333735635,9.190317949436778,3.604297664367102,3.4958961727268862,5.57497841875569,6.265660526244541,6.879082271413987,8.98900763328674,6.879082271413987,8.98900763328674
2015,Pakistan,5.132,4645.286310711446,57.7003410851012,4.36557663665432,56.73625879,85.664,54.07006786546786,1.2221297715491992,5.1023783139297185,5.571086921994484,1.3596755923081396,8.31483182032849,4.013912593477089,3.0954327255678584,2.6905761027012245,5.194272642433137,5.528132541715323,3.728826639703967,3.731216073735445,3.728826639703967,3.731216073735445
2015,Panama,6.701,29933.167153001104,16.9783062456346,11.8938357734005,67.68368474,67.026,67.40593584160938,2.7595587625941516,8.244185892011355,2.0862659675508755,1.9895286886618844,6.114301831348061,6.387180507864184,3.4587089172382823,3.2654901630116346,4.761729975500998,4.690182762106333,5.151330227471916,6.105381294460051,5.151330227471916,6.105381294460051
2015,Paraguay,5.538,14425.777586032951,15.0240132610652,10.0176925113933,64.93215869,61.627,64.88840542027417,1.8167549569144752,7.454523971970775,1.919025770183597,1.8325608397457276,5.476858896993232,5.939157613281139,3.193657417985423,2.8460246513133924,4.379180562270828,3.9490831642808515,4.5534898131363075,5.107582813342456,4.5534898131363075,5.107582813342456
2015,Peru,5.743,14540.831316063495,29.2744836705899,7.37746900609372,69.88473592,72.272,69.09609108734402,1.8237498862713475,8.875866737230453,3.1385212617414235,1.6116660857697602,6.7336805373353625,6.687962670840849,3.539461378041367,3.3932874868794136,5.319265792717223,5.770277399877063,5.32146528389665,6.389337508885793,5.32146528389665,6.389337508885793
2015,Poland,5.835,31700.36823641537,21.6047533383556,0.778752821607014,67.26100543,60.048,79.60956335461923,2.8669994056275336,8.122880932715756,2.4821779065513687,1.0595833604991078,5.290431337566249,8.558953478890375,3.6165710698581854,3.515319833144237,5.62217805864038,6.357098737692024,5.809293300766611,7.203524777942195,5.809293300766611,7.203524777942195
2015,Portugal,5.123,35803.3575649772,10.0582058200824,0.96429532624377,69.66917134,70.232,78.64832235379,3.116449123578193,8.81400174411671,1.4940727958470246,1.0751068060829962,6.492824159101643,8.38788981589201,3.485935708863588,3.3085787707471255,5.480354240827417,6.082348416012607,5.853078820032432,7.276603016834649,5.853078820032432,7.276603016834649
2015,Qatar,6.375,123070.88787656504,109.454607666153,0.247185127859597,67.21861765,93.299,63.84020592903828,8.422059028760792,8.110716041258136,10.0,1.0151096579143775,9.216272235923809,5.752618707461318,4.126905384902536,4.3229653103465,7.481439636372349,9.958981160866694,7.377791129727285,9.821355078211326,7.377791129727285,9.821355078211326
2015,Romania,5.528,29181.87817224413,18.0989374056679,1.70600204986966,65.67548008,54.535,75.34299042950515,2.7138825959405684,7.667850171820722,2.182164882329606,1.137161826769236,4.639528782074828,7.799668770487343,3.3630327105758857,3.1140747999666507,5.072567261297338,5.292356963728306,5.384742551619871,6.49494756820851,5.384742551619871,6.49494756820851
2015,Russian Federation,5.856,35037.15234375,13.0585263767984,11.4556968970425,62.14558969,78.599,71.62890323206204,3.069866093250292,6.654805057128757,1.7508276458271288,1.952871724163939,7.480689510416121,7.138705120224968,3.670385600407272,3.6004856958433886,5.255318434404597,5.646394419303844,4.983469919057097,5.8252216452292895,4.983469919057097,5.8252216452292895
2015,Rwanda,3.515,2313.097169409616,39.1273737775822,2.51717737303246,58.33824926,89.165,55.85673869047618,1.0803395115903098,5.5621344083439075,3.9816902743419407,1.2050289497918723,8.728183869444301,4.331870790884993,2.8862615985417936,2.3595458158406997,4.916434813042761,4.989887032767112,3.6694604334559795,3.6321335945260307,3.6694604334559795,3.6321335945260307
2015,Senegal,4.219,3593.794771212792,47.635468588898,0.267518151792543,58.6731595,70.082,56.08808772175537,1.1582021697566345,5.65825047570211,4.709777345573732,1.0168108238612148,6.475114131290339,4.373041956791985,2.799741544787236,2.222620807973861,4.704281690494573,4.578890208931224,3.822799538590269,3.888057286752424,3.822799538590269,3.888057286752424
2015,Serbia,5.177,18247.80910579685,23.353865334596,1.39329072000109,66.02431746,64.411,74.01223733315295,2.0491232640818295,7.767963196472162,2.631859575460993,1.1109987795354839,5.805557013171013,7.562846268105483,3.4079049726801705,3.185088797011334,5.335843849975259,5.802393490352585,5.247267460011255,6.265500989641182,5.247267460011255,6.265500989641182
2015,Sierra Leone,4.635,2628.1705806574587,26.6521495038632,1.76195053608056,49.64557704,54.881,52.0512075418046,1.0994950509485064,3.067419798780761,2.9141129017518588,1.1418427664972848,4.680379912892901,3.6546336595261066,2.299467623465781,1.4308967204364604,3.4884173352485446,2.2234387207831667,2.6553648469370135,1.93960326088978,2.6553648469370135,1.93960326088978
2015,Singapore,6.739,109894.04133734056,26.7934669461631,0.253378095590325,72.9428666,99.932,71.22331835978837,7.620945404163383,9.753521282606753,2.9262062557823354,1.0156277936254317,9.999409665739623,7.066526723914357,3.4696054990919527,3.282734888266522,6.030565824872783,7.148254073041031,6.97339753978109,9.146420262587617,6.97339753978109,9.146420262587617
2015,Slovenia,5.768,38534.6437425951,17.2358779953467,0.970898765842034,69.41476866,49.939,80.35711242254476,3.2825033128753733,8.740990584090703,2.108307877642252,1.0756592839934935,4.096893529936507,8.691988255517712,3.5470991519752455,3.4053748840850164,5.3307738724985185,5.792571600319425,6.055410260004798,7.61429514778756,6.055410260004798,7.61429514778756
2015,Spain,6.361,43053.76143031402,11.8085262869621,0.646906930185419,71.10599322,77.781,78.68748242933538,3.5572524146436817,9.226356017308893,1.6438578806056672,1.048552451301513,7.384110825418483,8.394858792413306,3.540981734516531,3.3956935744081247,5.703875696067994,6.515368713143452,6.08811311603837,7.668876369290907,6.08811311603837,7.668876369290907
2015,Sri Lanka,4.415,13329.779343882034,22.6801672806893,2.24114421871193,66.39367539,83.406,66.61352703505646,1.7501214781296806,7.8739654246487785,2.574207321479161,1.1819345884279753,8.048236868342343,6.2461624354721765,3.172213092921692,2.812087266272231,5.186681465425005,5.513426420013959,4.802499075877373,5.52318045142346,4.802499075877373,5.52318045142346
2015,Suriname,6.269,23327.525249744667,17.56389494989,5.84567085090617,63.10278503,68.56,68.01345073847722,2.3579551078685994,6.929511055292319,2.13637819291779,1.4835079294804117,6.295416382431653,6.495294626482342,3.245428691574868,2.9279568940235117,4.832111428128415,4.826530288550371,4.725196476919309,5.394162047887598,4.725196476919309,5.394162047887598
2015,Sweden,7.291,58955.6412361461,6.10764769999508,1.14291761252879,70.76303919,67.659,86.13480173160173,4.52404006988735,9.127931458393505,1.1560006004643646,1.0900512704074579,6.18903814871176,9.720193144844275,3.806332711245941,3.815633033521483,5.901430297277377,6.898084332201943,6.620908718769011,8.558114751981329,6.620908718769011,8.558114751981329
2015,Switzerland,7.509,78325.74874176952,11.9291736649443,0.688078876533782,70.75694813,75.137,79.76617607219171,5.701685797678058,9.12618338185442,1.6541823772215283,1.0519971092787934,7.071942068531248,8.58682447598368,3.5834658710413114,3.4629281688799867,5.7299021125044955,6.565788779380292,6.628381058878617,8.570586122991006,6.628381058878617,8.570586122991006
2015,Trinidad and Tobago,6.168,38963.96417830112,14.4193905549344,29.3873061531072,64.29914546,87.109,59.61154715876716,3.308604736257544,7.272855169448307,1.8672846947642772,3.4531228987561255,8.485438421577372,5.000081249957207,3.902056573159146,3.967123814869029,4.634895475903905,4.444470722325354,4.6530134248859545,5.2736881924,4.6530134248859545,5.2736881924
2015,Turkmenistan,5.658,12926.663730696631,29.4244377874705,1.01355101620555,60.85589802,75.276,57.17754344322345,1.7256132311033954,6.284675760917828,3.1513537061605357,1.0792277918609747,7.088353360969722,4.566922873469574,2.6816290978781527,2.0356982735973066,4.433086576483517,4.05351340014521,3.953329783218272,4.105912882839,3.953329783218272,4.105912882839
2015,United Arab Emirates,6.573,75238.55718584538,58.4002194876441,0.691671912805994,69.19646165,90.866,64.65756372549019,5.513993605177312,8.678338539537133,5.630979580412925,1.0522977212769002,8.929015584824475,5.898076733617836,3.512384139827851,3.3504355595572743,6.1432004511214995,7.366457194852966,6.241453770914458,7.9248026480436975,6.241453770914458,7.9248026480436975
2015,Uruguay,6.545,28941.61845405814,11.0493273798266,8.69948102993542,66.92449081,86.215,75.95077501322207,2.69927550970732,8.026304423490656,1.5788888221927913,1.722272449274068,8.379886655822009,7.907830882917899,3.788825018602302,3.787925688820091,5.704117696256112,6.515837531643456,5.449806391549667,6.6035394249998856,5.449806391549667,6.6035394249998856
2015,Uzbekistan,5.987,7792.236059837129,32.031595288707,1.64556342685201,61.39346575,85.113,68.38353694291821,1.4134550869380784,6.438952608786906,3.3744633107679762,1.1321052189724596,8.24977698483497,6.561155635014255,3.367136885138656,3.1205699893465417,5.608626799862652,6.3308463580441146,4.557075836248046,5.113567902888672,4.557075836248046,5.113567902888672
2015,Zambia,4.795,3576.92544834125,22.7617347856024,5.20150860823759,52.65751174,52.71,49.74929148178211,1.1571765644003076,3.931816535362207,2.581187526457704,1.4296139845817057,4.424056777037309,3.24498176910267,2.268123283936278,1.3812917589227611,3.171545331434645,1.6095736710220212,2.7381032981352176,2.077694127542441,2.7381032981352176,2.077694127542441
2016,Afghanistan,3.794,2958.785399230795,36.8725270986265,6.6799974594108,51.65871621,82.477,42.94742116161616,1.1195954622923336,3.6451716766127356,3.7887299523231857,1.5533120087757069,7.938552762764339,2.034512333026091,2.344070659048119,1.5014846446571473,3.7129048999575023,2.6583306279955075,2.473384411185994,1.6358770523040342,2.473384411185994,1.6358770523040342
2016,Albania,4.644,14643.428561471615,16.5118382060405,2.72614352662554,68.302619,65.776,71.27766894576013,1.8299874978954902,8.421814163468387,2.046347589076814,1.2225121389971023,5.96671826625387,7.076199022863754,3.2463507008897468,2.929416048603457,4.979791696463208,5.1126261069847425,5.139686311116339,6.085947542951689,5.139686311116339,6.085947542951689
2016,Algeria,5.872,15511.685876809384,16.7302943332799,1.32678196793638,65.98024783,78.641,71.53556148883797,1.8827749962474587,7.755315629991268,2.0650421482468446,1.1054343133472642,7.485648318203285,7.122093905667132,3.2770682821241266,2.978029114241388,5.298673003215136,5.730383709048371,4.987922614973163,5.83265321578791,4.987922614973163,5.83265321578791
2016,Angola,3.795,10963.996788717306,20.9967960289148,4.09826656345614,53.72970361,74.368,51.39638509464391,1.6062888371305175,4.239525448645473,2.430151469766016,1.337311049027661,6.981148659285301,3.5381006294865767,2.4075744416557647,1.6019845352119173,3.752615080751566,2.735259772305424,2.986211508357844,2.49178790470547,2.986211508357844,2.49178790470547
2016,Argentina,6.599,27802.10572014976,14.1434158723716,5.97945616037571,66.19880052,85.746,72.99673767507004,2.629996477442748,7.818038182378312,1.8436679388609425,1.4947011004227784,8.324513302198667,7.3821266659085385,3.5594610653861873,3.4249386154696984,5.531574599910828,6.181575826131136,5.2473118970387524,6.265575155250397,5.2473118970387524,6.265575155250397
2016,Armenia,4.376,13192.994073173128,25.352291625061,2.98068464955971,65.47874944,77.52,71.20522743055557,1.7418053348337144,7.611390341133961,2.8028765160529203,1.243808365856097,7.3532953770268135,7.063307239290901,3.436656655579157,3.2305906689622765,5.4820624466701915,6.085657663443923,5.015106377674743,5.878023044398177,5.015106377674743,5.878023044398177
2016,Australia,7.284,56529.95182468703,5.82493790294975,0.933005940041915,70.26542415,81.484,77.55472220524574,4.376565267720011,8.985120654211777,1.131807481710504,1.0724889742012467,7.821312378653513,8.193271351735621,3.4401573360229323,3.2361307799134673,5.545069773293984,6.20771955350584,6.083612688321598,7.661365134130995,6.083612688321598,7.661365134130995
2016,Austria,7.006,61572.625740240415,12.7813357929748,0.617996363091403,70.19626881,57.702,84.56049328379954,4.683145052657656,8.965273726516706,1.7271068381933525,1.0461336437298359,5.01344650259747,9.440027224395617,3.73228651650327,3.6984489200394037,5.72041607623,6.547411813098667,6.613195652249754,8.54524160745458,6.613195652249754,8.54524160745458
2016,Azerbaijan,5.234,19822.41059439413,21.1210652999916,1.71253212771072,65.2431409,78.029,71.1850646329365,2.144854416605435,7.543772921311839,2.4407859128027902,1.1377081668556905,7.413391404733169,7.059719042351697,3.329208036284625,3.060544507364629,5.374748954554757,5.877762988671163,5.032663423997793,5.907325837809222,5.032663423997793,5.907325837809222
2016,Bahrain,6.087,54107.07522364232,55.8298463546878,0.279797762177498,65.54757769,97.752,60.66459227513227,4.229261476176468,7.6311433970964995,5.411017827770254,1.0178381995774983,9.742023928215353,5.187482489347283,3.299512617485397,3.013549096748866,5.922052599849936,6.93803519766978,5.4147852752213765,6.545089016092277,5.4147852752213765,6.545089016092277
2016,Bangladesh,4.608,5682.535534943063,64.2366339904364,2.23304324758363,63.44649527,97.581,59.84440198200491,1.2851914823433166,7.028152639316576,6.130435455796572,1.1812568192842794,9.72183449651047,5.041520388503653,3.449969257408153,3.2516589419355504,6.085036008991027,7.2537772555304585,4.631348932299912,5.237530051735388,4.631348932299912,5.237530051735388
2016,Belarus,5.569,24846.83015293586,14.6025888523524,3.23189754442635,64.62478335,72.912,77.64238079143078,2.450324390173055,7.366310160163499,1.8829620367285815,1.2648261359410051,6.809243322663589,8.208871184486341,3.6071901391076833,3.5004737487849438,5.59473799355078,6.303940059364704,5.329482654826628,6.402718538914315,5.329482654826628,6.402718538914315
2016,Belize,5.956,12063.060037409296,14.4491201016593,37.8388012229062,64.82041546,57.693,68.09161336898397,1.6731086593239741,7.422454723143083,1.8698288246880754,4.160218688345545,5.012383900928792,6.509204546962781,4.523909064798665,4.951255858421632,4.652238637809244,4.478069023273042,4.798360023205865,5.5162723529244895,4.798360023205865,5.5162723529244895
2016,Bhutan,5.011,13320.975903688246,29.8733212662531,1.20342414282773,63.56484697,31.719,66.56208874007937,1.7495862547845822,7.062118456453603,3.189767271669524,1.0951135596786108,1.945715485123577,6.23700841150776,2.916183087829762,2.4068990013549505,4.164344758278723,3.532889275515774,4.67293739407803,5.3069413912821455,4.67293739407803,5.3069413912821455
2016,Bosnia and Herzegovina,5.182,14873.641110787948,30.7944873808796,1.29570864177198,67.01204605,52.08,71.04494660094807,1.8439837457277481,8.05143194824297,3.268596804413371,1.1028345581657342,4.349674660229837,7.034783460345325,3.2778395997320082,2.9792497869634214,5.013055836887178,5.177067562748739,5.2071529848343285,6.1985497407082235,5.2071529848343285,6.1985497407082235
2016,Brazil,6.635,17620.927243413644,13.4895823334815,30.1193623667804,63.79834092,78.971,71.65837944571767,2.011010685364817,7.1291290089704,1.78771560676299,3.5143705078662384,7.524610379388152,7.143950744449177,4.483680030946296,4.887590146974698,5.3647118527810544,5.858318462472534,4.946704356660262,5.763859747576779,4.946704356660262,5.763859747576779
2016,Bulgaria,4.714,25636.74439034785,21.3967799774618,1.10839328712128,65.46576108,60.058,73.24933912231558,2.49834885915131,7.607662804810696,2.4643804185607547,1.0871627867803064,5.291612006087003,7.427079938612506,3.306273038447025,3.0242480116614714,5.121965623211739,5.388054682459281,5.244579736506818,6.261015166391224,5.244579736506818,6.261015166391224
2016,Burkina Faso,4.032,2162.725789778139,43.2939002203779,1.12086279620408,53.87467137,49.742,50.81662574404763,1.0711973727171211,4.281129822954625,4.3382441330166515,1.0882060504038282,4.073634360077662,3.434925922950965,2.3947660520152034,1.5817142189535551,3.708635654444585,2.650059967988671,3.107424499481444,2.6940929605944373,3.107424499481444,2.6940929605944373
2016,Burundi,2.905,1006.5590738599911,39.0270703043027,5.64974214487878,55.21752537,80.348,51.76688571428571,1.0009058271890678,4.666516204440697,3.973106723768747,1.4671155205696218,7.687188434695912,3.604035387871223,2.7614595338085204,2.1620364182635985,4.4038664107198615,3.996906195044598,3.2089827164741904,2.863594105432543,3.2089827164741904,2.863594105432543
2016,Cameroon,4.695,4767.131861489534,58.1477649076233,3.35548128633803,52.32408036,74.02,53.75347062218827,1.2295376236885052,3.8361248868195466,5.609375576242457,1.2751657909778662,6.940061394763078,3.9575705480546906,2.9736911845333487,2.4979102322989752,4.905570726633826,4.968840418160076,3.382920271398449,3.153896707851298,3.382920271398449,3.153896707851298
2016,Canada,7.316,55606.13299481844,6.17415187643932,1.69447965211893,70.21204708,75.775,78.60055217723452,4.320399792235091,8.969801940590173,1.1616917489677367,1.1361978033783178,7.147268720155324,8.379388574916428,3.497070178494644,3.3261999727189875,5.506566583426414,6.133128670500915,6.130209755798937,7.73913586029559,6.130209755798937,7.73913586029559
2016,Chile,6.652,27965.34735268309,22.4649726847552,3.39405749254204,68.95787866,81.464,76.97580411255412,2.639921089946558,8.609867480732358,2.5557918704794633,1.2783932759092203,7.8189510416120065,8.090246356519618,3.732150009341091,3.69823288637502,5.950070948052165,6.992314163644596,5.76424238316246,7.12833458323391,5.76424238316246,7.12833458323391
2016,China,5.273,15772.837260750168,45.2806085850562,0.614934212808057,68.0808607,83.466,70.78709260935145,1.898652234487629,8.358171631367721,4.5082583026644185,1.0458774483993576,8.055320879466862,6.988895438212254,3.6062425630373856,3.498974132739304,6.102782844043249,7.2881575783463335,5.466209460697964,6.630916225044471,5.466209460697964,6.630916225044471
2016,Colombia,6.357,17003.244366485014,19.6738712609183,26.1438669043183,67.62395705,80.622,69.84391020923522,1.9734573779847062,8.227044610588635,2.3169411164317406,3.181759995782528,7.719538752164559,6.821045506613119,4.310276014572891,4.613164215924938,5.406185351841649,5.938663621584643,5.188611086699403,6.167603224961832,5.188611086699403,6.167603224961832
2016,Costa Rica,7.079,21936.466057536614,18.2625400009976,11.8759050112518,69.0385745,73.467,71.61329419404126,2.2733827886735605,8.633026422641587,2.1961653062930404,1.9880285083606755,6.8747704255654085,7.135927316097374,3.7250889408410535,3.6870581723294342,5.273930585669119,5.682451088951657,5.380238369501483,6.487430066934531,5.380238369501483,6.487430066934531
2016,Croatia,5.293,30820.805042135464,19.5103036698958,1.06371572584033,68.11840592,55.082,79.82634495798321,2.8135245429937066,8.368946753963252,2.3029436879901093,1.0834248309263448,4.704111350160047,8.597532206920194,3.5837094652675088,3.463313676515396,5.469537217339923,6.06139297475716,5.847632511776365,7.267513102577779,5.847632511776365,7.267513102577779
2016,Cyprus,5.621,39500.8515625,16.6826151228422,1.05083409956653,70.76184819,74.713,74.47877575235222,3.3412459146362896,9.127589652671995,2.0609619613829118,1.082347087447109,7.0218817232512984,7.645872034639417,3.390569905448389,3.1576546460361468,5.434433490058982,5.993387751718358,5.848485106895961,7.268936087867735,5.848485106895961,7.268936087867735
2016,Czechia,6.609,43069.46597447271,16.5377128688549,0.617169777139044,68.21166437,59.667,81.12324840090464,3.5582072048703237,8.395711045977498,2.0485618342028307,1.0460644872738694,5.245447866925539,8.828330782209788,3.618401073329803,3.518215962178766,5.5969820313342105,6.308287355272867,6.0608573853338905,7.623386425743176,6.0608573853338905,7.623386425743176
2016,Denmark,7.522,63468.98882468137,8.70010546510422,0.977619325858153,69.86776892,64.267,85.2683617095323,4.798438366547811,8.870997368903986,1.3778522633043229,1.076221560803908,5.788555386472162,9.566000383803374,3.7691124739447797,3.7567289868397196,5.822476068432264,6.745129066241233,6.603880060581964,8.529693840870141,6.603880060581964,8.529693840870141
2016,Dominican Republic,5.23,18968.975238617928,13.1164167913019,15.3154603364407,63.74098539,84.987,68.47590112893643,2.0929680499250436,7.112668515003881,1.7557816647094984,2.2757994966195354,8.234900561473474,6.577592882256629,3.7151594505906296,3.671343948035146,5.177438786925087,5.4955209022371,4.7210367709297785,5.387219478903093,4.7210367709297785,5.387219478903093
2016,Ecuador,6.008,13586.516077256823,18.8225928822421,5.81031174018927,67.16229591,76.971,69.44925466853408,1.765730318562703,8.094552235231868,2.2440922830232366,1.4805496033966765,7.288476675237446,6.750812107957946,3.381973758208818,3.1440505452834846,5.173066569630893,5.48705075860004,4.98330285094568,5.824942807760598,4.98330285094568,5.824942807760598
2016,El Salvador,6.003,9863.76121214453,28.3272714755679,85.0858022421141,63.79822117,76.362,66.04053008658009,1.5393977408401063,7.129094641854404,3.0574628146738894,8.113147160231112,7.216573962323555,6.144191174561858,6.744214489487062,8.465069414347987,5.513425350341432,6.146415919746387,4.962823325935155,5.790762383588001,4.962823325935155,5.790762383588001
2016,Estonia,5.611,37466.556183931774,6.97215671810955,2.50788654321279,67.46114277,63.863,79.60422079195314,3.2175667217903157,8.18031845404186,1.22998165650705,1.2042516309159783,5.74085637823372,8.558002709688196,3.5236733184416247,3.368301601051957,5.332446766474332,5.795812439305981,5.730117754696069,7.071380416810907,5.730117754696069,7.071380416810907
2016,Finland,7.469,53984.6316254715,5.40693929358021,1.34656386925302,69.81602707,60.446,86.68049249737189,4.2218172645096335,8.856147947937227,1.0960369137955746,1.1070893695255555,5.337421944692238,9.817304962979891,3.791531332346398,3.7922086499905925,5.758557881456362,6.621302598278324,6.499592660721185,8.35563767690801,6.499592660721185,8.35563767690801
2016,France,6.442,50984.075297831965,11.0378089342511,1.19686224509648,70.40952319,62.169,81.92234622697563,4.039392239805242,9.026475714107505,1.5779031219284905,1.094564557375567,5.540851130818072,8.970539240966552,3.6272360638344203,3.532198051785182,5.575156118883567,6.26600477848686,6.316035704060943,8.049280247463065,6.316035704060943,8.049280247463065
2016,Georgia,4.286,15442.956435805378,17.372294638664,1.02846555312855,63.93229233,64.953,71.80256414141415,1.8785964478037647,7.167571795151815,2.119981841849617,1.080475619159557,5.869549246995855,7.169610035067104,3.206107225074124,2.8657274815774247,5.016397184406392,5.1835406384274485,4.854009835484543,5.6091521530093535,4.854009835484543,5.6091521530093535
2016,Germany,6.951,60504.585741716095,11.7952164514446,1.163604165425,69.22963634,72.568,83.04445014854427,4.618211353089565,8.687859361410561,1.6427188807031716,1.091782014415852,6.768628325549666,9.170230272583774,3.753116954763252,3.731414779384671,5.9246851863728835,6.943135215460746,6.433745990855572,8.245739273248606,6.433745990855572,8.245739273248606
2016,Ghana,4.12,5666.077953345908,31.3095383111133,1.87009855981462,56.84244586,76.057,59.46405922247688,1.28419090964892,5.13285299745295,3.3126727029130345,1.150890989516196,7.180563572440573,4.9738341104696895,2.8632021877251725,2.323052426499686,4.683508407759428,4.538646854875239,3.6973741772437436,3.6787217650241555,3.6973741772437436,3.6787217650241555
2016,Greece,5.227,31468.61984710985,15.2863099968627,0.779545903374914,69.70271651,67.376,76.53946819455057,2.852909783228237,8.82362889024178,1.9414720247676978,1.0596497138217154,6.155625229574436,8.012595465258165,3.422248470995184,3.2077885473512113,5.38636463220899,5.90026563470932,5.745196328504622,7.096546627864593,5.745196328504622,7.096546627864593
2016,Haiti,3.603,3415.5821811230835,14.9184355170856,9.63317380185292,54.2477099,80.526,49.93146178168237,1.1473673669401434,4.38818834847682,1.909990869644039,1.8003900157330683,7.708204334365325,3.277401025838043,2.529174232593048,1.7944260745795033,3.6470160942530887,2.5306865492961563,2.785830755226326,2.1573514793225765,2.785830755226326,2.1573514793225765
2016,Honduras,5.181,5926.49025534228,27.8161786141628,54.7151729955654,62.05365003,56.245,59.99561086495204,1.3000232138744456,6.628419245355877,3.013725631104544,5.572183237273203,4.841423099123682,5.068429712359494,5.005816769272433,5.713913917018648,4.418049054428443,4.024381734635107,4.310349627787339,4.701780693207331,4.310349627787339,4.701780693207331
2016,Hungary,5.324,32378.96749830753,17.0875378473983,2.05901168254688,66.31688014,62.52,79.89684440906315,2.9082562505581686,7.85192591513187,2.0956135499154156,1.1666964384431568,5.582292595896522,8.610078378307707,3.6422305136481032,3.555927985709192,5.5889038631613746,6.292637802621604,5.712159016039939,7.041407196994731,5.712159016039939,7.041407196994731
2016,Iceland,7.504,64759.22754232288,4.46198952822695,0.297997309084299,71.1603593,74.652,81.624345751634,4.87688109657497,9.241958567434803,1.0151720759705218,1.0193608678017536,7.014679645274702,8.917506699862688,3.5612111814698637,3.4277083162283812,5.664763506054274,6.439598035456379,6.467646703531524,8.302319723157567,6.467646703531524,8.302319723157567
2016,India,4.315,6741.148831853469,54.4218755239322,3.14894003612781,59.94632849,82.151,61.02214269374417,1.3495520660998626,6.023637919218963,5.290529589065954,1.2578854817315102,7.900062968987774,5.25111261359457,3.3318865065333423,3.064783403943648,5.562978048996783,6.24241262964737,4.326846272033866,4.729313670533755,4.326846272033866,4.729313670533755
2016,Ireland,6.977,80760.09741456882,7.86032745252486,0.694224869533058,70.03471395,54.462,78.28945962142431,5.849687057539048,8.91890901158352,1.3059875829941605,1.0525113148408558,4.630909901873329,8.324026150631042,3.335602958657058,3.07066499109245,5.025929768467821,5.202007780108598,6.478528855463127,8.32048208623687,6.478528855463127,8.32048208623687
2016,Israel,7.213,41914.58029777058,19.6556791216954,1.33982857867757,71.21066725,93.192,73.4389705379588,3.4879935427695794,9.256396472680263,2.3153843094543873,1.1065258602803594,9.203639082751744,7.460826984932326,3.4967897287821694,3.3257561382849987,5.863290844793683,6.824198104908364,5.899867841762022,7.354694115554774,5.899867841762022,7.354694115554774
2016,Italy,5.964,47987.83795810143,16.2143936050841,0.668010320924807,71.37405395,76.641,78.73401844919785,3.8572297968990124,9.303286908346353,2.020893527601615,1.0503180701197983,7.24951461405258,8.40314040130449,3.5946165191363235,3.4805749745842585,5.797350113286772,6.696453432168042,6.23730861495728,7.917884363132056,6.23730861495728,7.917884363132056
2016,Jamaica,5.311,10179.253648615815,20.423771755418,48.1865109798695,63.64015294,74.096,66.87168959341314,1.558578755702973,7.083730556713645,2.3811144556885377,5.0259616060913554,6.949034475520807,6.292105370535729,5.081082692132562,5.833028349251478,5.144842664476828,5.432373574332194,4.737923603810355,5.415403682906517,4.737923603810355,5.415403682906517
2016,Japan,5.92,44926.62029095252,12.3114727897793,0.284680826905949,73.24236418,91.14,79.54317894491129,3.6711167406597136,9.839474251894577,1.6868979329726688,1.0182467420284214,8.961365902293121,8.547139625464618,3.6531997659836963,3.5732877179003584,6.093269977333099,7.269728634400162,6.326384452955362,8.066552358348702,6.326384452955362,8.066552358348702
2016,Jordan,5.336,10197.504499061684,30.9872997293874,1.4790583574967,67.67141844,92.787,67.14621153127918,1.559688353884082,8.240665580070349,3.2850968765488693,1.1181745436878991,9.155822007661227,6.340959641446211,3.328642882205036,3.059650105160335,5.662358686407495,6.434939262468016,4.9835228114668855,5.825309922911568,4.9835228114668855,5.825309922911568
2016,Kenya,4.553,4770.310463880859,19.368281863389,4.90863183219284,57.02578551,73.133,60.11115840336135,1.2297308733917092,5.185469740819261,2.290790057424891,1.4051103987073201,6.835336096972241,5.088992698284657,2.8552154931056797,2.3104128339873373,4.364956920412363,3.9215282004085634,3.5958989712471867,3.5093591659315817,3.5958989712471867,3.5093591659315817
2016,Latvia,5.85,31668.51484426617,14.1216107325516,3.52065424981236,65.47789569,57.63,79.55208702571939,2.865062812804326,7.611145322968774,1.8418019464453164,1.2889850153946278,5.004945689248046,8.548724918780243,3.6208080595377035,3.5220252132269345,5.376685038234335,5.881513695865238,5.58939750835802,6.8365176596407675,5.58939750835802,6.8365176596407675
2016,Lebanon,5.225,15572.361173977366,24.9316985074041,3.7165552530385,67.09517676,90.989,64.53802539323421,1.886463876367074,8.075289674784553,2.7668839210000566,1.3053751065457833,8.943537807629742,5.876803540977506,3.204166210472714,2.862655668419268,5.26750987040499,5.670012461847724,4.810970123924047,5.537318670707011,4.810970123924047,5.537318670707011
2016,Lithuania,5.902,36632.08327984384,12.6124099108903,5.33266506558917,64.96072781,57.751,76.83640539852303,3.1668332165595903,7.462723038867877,1.712650869675163,1.4405872121591754,5.019231778349164,8.065438785245767,3.5426136952346376,3.3982762847101666,5.1361294154263,5.415493701709793,5.46503591609421,6.628957573546393,5.46503591609421,6.628957573546393
2016,Luxembourg,6.863,133661.73454128104,11.1847156808095,0.856889217934349,71.25401116,65.445,76.27136257665944,9.065951445195154,9.268835764393552,1.590474785176018,1.0661206555457774,5.927638138216928,7.964883050757192,3.3476474120383304,3.0897263162120687,5.21258762564222,5.5636135180833755,7.264827655056251,9.632818504326828,7.264827655056251,9.632818504326828
2016,Malaysia,6.084,28425.37076094116,16.2387171304782,1.4344275283881,65.30067441,81.67,68.25579204014939,2.6678891640143743,7.560284493852928,2.0229750328926315,1.1144404976891802,7.84327281313953,6.538421990716774,3.1270546789314393,2.7406204106411627,5.100692964576847,5.34684390493938,4.940645555711865,5.75374758011747,4.940645555711865,5.75374758011747
2016,Malta,6.527,46967.34862912116,11.6920800498586,1.09825180278033,71.00175704,94.475,78.59609028944911,3.795187038582843,9.196441220741187,1.6338929000067335,1.0863142977474844,9.355118853964422,8.378594531728714,3.651778439311935,3.571038353073744,6.0844277056430816,7.252598810731101,6.13213363837659,7.742346829423471,6.13213363837659,7.742346829423471
2016,Mauritius,5.629,23357.230006620997,15.4318711050117,1.62563423926317,64.33615853,91.294,66.11001435394672,2.359761069968723,7.283477570033174,1.9539285339237198,1.1304378400628554,8.979548197512726,6.156556682573106,3.072458571042399,2.654217638361195,5.136842580110887,5.416875290708893,4.670765077672668,5.303315784919977,4.670765077672668,5.303315784919977
2016,Mexico,6.578,21578.263354125986,16.5326816284491,20.0889396309777,65.38088852,77.774,67.64319334097276,2.2516051148412317,7.58330518381403,2.0481312817497894,2.6751734633536435,7.383284357453954,6.429403152216558,3.880764492140499,3.9334273683868055,5.056939933012696,5.262082687239306,4.901271133645894,5.688031483329383,4.901271133645894,5.688031483329383
2016,Mongolia,4.955,13898.145695358526,47.4794790864176,6.05101532090771,61.11199411,68.363,65.80748326118325,1.7846764853975527,6.358172913577635,4.696428418167234,1.5006881099046325,6.272157212572808,6.102717867068593,3.5287039068757933,3.3762629155800012,5.445839588270867,6.01548438683331,4.699504442795995,5.351281921334839,4.699504442795995,5.351281921334839
2016,Montenegro,5.237,21834.09187419244,20.8028849006414,4.48539323682796,67.40794945,82.133,69.7781454418131,2.2671587385687104,8.165052474930187,2.41355736866643,1.3697000687831304,7.897937765650417,6.80934192551144,3.3973141943938465,3.1683280307237327,5.3650032132682774,5.85888290495352,5.157087718975142,6.1149905750292675,5.157087718975142,6.1149905750292675
2016,Morocco,5.235,8141.9404296875,18.9602475540145,1.69600616957935,63.31096438,77.324,67.6219759337068,1.4347160870138123,6.989256557332469,2.2558721925135305,1.1363255197243707,7.330154274020045,6.425627275612137,3.1160967253190446,2.7232785595965714,5.023085478445302,5.196497636532665,4.500918935255733,5.019841769340688,4.500918935255733,5.019841769340688
2016,Myanmar,4.545,5580.989772732316,35.5327407831665,2.60021730748139,59.91967714,69.175,57.87810525846702,1.27901779781379,6.015989234151026,3.674076658473862,1.211976500199426,6.368027496457994,4.691595739243056,2.8288735641124827,2.2687245931911253,4.514352991435572,4.210947983377597,3.8989224402499314,4.0151067699137215,3.8989224402499314,4.0151067699137215
2016,Nepal,4.962,3743.744578357797,51.9068894312371,2.20708210796159,60.81948852,71.324,63.80333205943364,1.1673186782590312,6.274226579207295,5.07530762703708,1.179084776069667,6.621753161567928,5.746056587037771,3.3362781396562133,3.0717335198278013,5.457248796181878,6.03758704625961,4.462868735444216,4.956335805762857,4.462868735444216,4.956335805762857
2016,New Zealand,7.314,45746.13598106898,6.60079804628658,1.06049711862933,69.66775909,74.822,77.95250821158008,3.7209408911474138,8.813596441740387,1.1982023388407137,1.0831555456000865,7.034751010127513,8.2640618520101,3.4369198658446347,3.2310072205720735,5.442095184467833,6.008230484313651,5.915368381361902,7.38056458951136,5.915368381361902,7.38056458951136
2016,Nicaragua,6.071,7158.757554675015,19.9336354891463,7.26815838263741,66.92869291,65.172,62.95939990662932,1.3749414516867082,8.027510386397749,2.3391706496393123,1.6025205936449933,5.895405887600356,5.595869354849108,3.06183418936778,2.6374036919840425,4.427883677943027,4.043434006784425,4.5454491745063414,5.094162949412528,4.5454491745063414,5.094162949412528
2016,Nigeria,5.074,8534.692814823753,69.3722566585403,32.4390092901434,53.88544145,80.504,52.39138990747815,1.4585942801679308,4.2842207339244816,6.5699205050696765,3.708444166940507,7.705606863619669,3.715172943128622,4.3408600265176185,4.6615658973202265,5.382102811066248,5.892009357675141,3.7509805061211177,3.7681909816403936,3.7509805061211177,3.7681909816403936
2016,North Macedonia,5.175,19825.77246850572,24.8400819974107,0.968765224591646,66.12889109,70.868,71.48489428661615,2.145058808691733,7.7979748379942935,2.759043764311998,1.075480780897579,6.567914677021566,7.113077106343689,3.3186596761390197,3.0438508712277796,5.326124996285072,5.783565495034793,5.159022916110999,6.118220428208341,5.159022916110999,6.118220428208341
2016,Norway,7.537,88041.64148089562,6.37541015422384,0.515662484007301,70.91483954,63.797,83.21679447121507,6.292383581496906,9.171496721329623,1.1789145883087366,1.0375718621237275,5.733063965996746,9.20090088599665,3.6125547548624457,3.5089636886607005,5.587873623528467,6.29064195541545,6.894337729108559,9.014469064383388,6.894337729108559,9.014469064383388
2016,Pakistan,5.269,4886.612121153781,56.6204998946239,3.86846723526245,57.0219116,86.159,54.42955016127662,1.2368016730650033,5.184357965334286,5.4786786417383215,1.3180848486839032,8.373274912105789,4.077886517031181,3.081122237463238,2.6679285936987207,5.2030399102840486,5.545117063070293,3.757274288759666,3.7786953346527388,3.757274288759666,3.7786953346527388
2016,Panama,6.452,30765.249065350625,15.5946159096021,10.0519063068018,67.77023148,67.301,67.7176954078601,2.81014690253947,8.269023986813929,1.9678555517532366,1.8354233428270672,6.146770215668783,6.4426616341703085,3.3788294748547507,3.1390744616553747,4.747357795729608,4.662340040930744,5.160977642680859,6.1214828761052,5.160977642680859,6.1214828761052
2016,Paraguay,5.493,14824.790628081171,14.0940444745212,10.7054970567084,64.71715605,61.151,65.24992144660894,1.8410137796476194,7.392820250315592,1.8394429416952187,1.8901061254065685,5.420659075405364,6.003493462089179,3.2267669697974743,2.8984232045458422,4.374983155681,3.9409516753070073,4.553765406517394,5.10804277999988,4.553765406517394,5.10804277999988
2016,Peru,5.715,14915.436632445362,30.5613699272767,7.88881315592262,69.77767781,72.428,69.65843841354724,1.846524790866829,8.845142073475767,3.248647590422361,1.6544477820719026,6.752098966259117,6.7880387115160525,3.607516676035821,3.5009905199786013,5.403145580753398,5.932774779377404,5.367452109113826,6.466089737829887,5.367452109113826,6.466089737829887
2016,Philippines,5.43,8131.825379486535,21.8003003003794,10.4510468515231,61.09122222,83.836,64.05436386554621,1.4341011216269606,6.352211577852585,2.4989119954426706,1.8688175051966809,8.099005614734743,5.790730524422532,3.3875178942808035,3.1528245906328434,5.011990259176397,5.1750032563203385,4.216696334097897,4.54547290277661,4.216696334097897,4.54547290277661
2016,Poland,5.973,32675.305225995377,20.9364845038375,0.67950291225801,67.54124592,60.047,80.29716232786821,2.926272715303833,8.203307299533728,2.4249902623948127,1.051279599751664,5.290313270714172,8.681319460924449,3.63843631557059,3.5499233592778956,5.657729833384563,6.425971947410016,5.872428230866192,7.30889727509737,5.872428230866192,7.30889727509737
2016,Portugal,5.195,36636.29784416365,8.91077232807693,0.637904765071273,69.69094827,70.288,78.9473330192683,3.1670894497097826,8.820251516804268,1.395880249906375,1.0477992836078882,6.499435902817862,8.44110213170893,3.4724813215434382,3.2872861107254256,5.473192903293361,6.068475007289882,5.86683643067388,7.29956453411029,5.86683643067388,7.29956453411029
2016,Qatar,6.375,120054.40873651773,106.116597718857,0.461649967761444,67.51544324,93.304,64.05413468720822,8.238665943760349,8.195902174719086,9.714347108234273,1.0330528956560012,9.216862570184185,5.790689739555946,4.103794288614563,4.28639012455178,7.411156335697859,9.822823780768001,7.327118821521658,9.736782755983015,7.327118821521658,9.736782755983015
2016,Romania,5.825,30189.147723023973,18.1070416748429,1.54724790736617,65.82203164,54.569,76.11604010270776,2.7751216305130493,7.709909081731659,2.1828584116965155,1.123879634113734,4.643543055045391,7.937241667048816,3.3956178347573447,3.1656434039060946,5.133178262405501,5.409776536185036,5.451136255600666,6.605758974395278,5.451136255600666,6.605758974395278
2016,Russian Federation,5.963,35005.4453125,13.5758857302309,10.8822499466091,62.4338317,78.643,71.84165778567836,3.0679383987405098,6.737527784414205,1.7951010895026804,1.904894186360797,7.4858844519074355,7.176567189393671,3.6634009604485382,3.5894319361680918,5.283930744976509,5.701824047802433,5.020107839715432,5.886370508216113,5.020107839715432,5.886370508216113
2016,Rwanda,3.471,2386.7484100282554,38.9146420850134,3.28881602035978,58.54677594,89.806,56.43896811868687,1.0848172910159453,5.6219795908049255,3.9634855882828948,1.2695882300261327,8.803864721624599,4.4354850755537125,2.949958568230984,2.4603514406329365,4.974792792277071,5.102941904751541,3.718170746370051,3.7134313373265684,3.718170746370051,3.7134313373265684
2016,Serbia,5.395,18889.38164155483,22.997740231213,1.62782274638115,66.33574276,64.493,74.61727697510823,2.0881289926552973,7.857339308447264,2.6013838826925735,1.1306209418875421,5.815238495041192,7.670519887232009,3.4444968388823876,3.2429983954243715,5.376678464009951,5.881500959850287,5.308930198604633,6.368416392204591,5.308930198604633,6.368416392204591
2016,Singapore,6.572,112719.94795111142,15.15931491639,0.32270038551043,73.25027778,99.93,71.46472804232805,7.7927522384763375,9.841745380154636,1.930604318394793,1.021427654942557,9.999173532035474,7.109488296030909,3.3342096434606336,3.068459956699238,5.74262835585805,6.590442885503504,6.90375817028278,9.030191825290311,6.90375817028278,9.030191825290311
2016,Slovenia,5.758,39674.89315619678,15.9163654900552,0.485113562659451,69.71732119,50.015,80.76438512010866,3.3518271331047673,8.82782029509887,1.9953895314393335,1.0350159813614286,4.105866610694234,8.764467019349471,3.530146056023171,3.3785452336644313,5.32724419077491,5.785733671373905,6.097642270634568,7.684780573413654,6.097642270634568,7.684780573413654
2016,Spain,6.403,44274.66761499219,10.3473621764905,0.629108853827649,71.38142399,77.955,79.05879981325863,3.631479930004765,9.305402040033794,1.5188175841144549,1.0470633721798388,7.404654457679593,8.460938903201427,3.541109271275991,3.395895411682081,5.698265091314999,6.504499484797517,6.127810654369591,7.7351317486550135,6.127810654369591,7.7351317486550135
2016,Sri Lanka,4.44,13845.614678221817,24.6700049853186,2.41890147871327,66.61393162,83.669,67.03695,1.7814827536183364,7.937176876883695,2.7444892869155666,1.1968066801795343,8.07928845043816,6.321515321292054,3.2285902178210932,2.901308642535576,5.279204527329863,5.692668111664434,4.875068085752027,5.644298472374934,4.875068085752027,5.644298472374934
2016,Sweden,7.284,59460.28727226893,5.9758856179206,1.06819519352472,70.93983827,67.904,86.33893293863,4.5547210688603315,9.178671120107483,1.1447249540870559,1.083799606361114,6.217964527470221,9.756520592358905,3.8131690648308525,3.826452117973856,5.91924299375934,6.932592246062021,6.650425511675611,8.607378419046055,6.650425511675611,8.607378419046055
2016,Switzerland,7.494,78956.06673150415,10.8708158779171,0.537319784436855,71.19516946,75.32,79.70321065705129,5.740007282860581,9.251948753710716,1.56361255653181,1.0393838238915731,7.093548302461037,8.575619071150925,3.561154275061563,3.4276182572181737,5.7006109688709,6.509044071334838,6.653016783138348,8.611703263381909,6.653016783138348,8.611703263381909
2016,Trinidad and Tobago,6.168,35914.990197098305,14.5086208132573,32.2193196226095,63.90702076,87.179,59.9701064024864,3.1232360602155493,7.160319093877684,1.8749206460422494,3.690063793095809,8.49370310122265,5.0638909059952075,4.043771788815489,4.191399646615992,4.680079843128155,4.53200481653593,4.612545749061877,5.20614744991524,4.612545749061877,5.20614744991524
2016,Uganda,4.081,2554.2276906207285,31.6549779811788,11.5517988640576,56.25831911,63.542,50.81832905393217,1.094999540093599,4.965214151746926,3.3422339811125625,1.960912111774229,5.702956918717532,3.4352290461300843,2.774164168822845,2.182142534404217,3.7715165993858975,2.7718770232375687,3.1916757370169027,2.834708674804026,3.1916757370169027,2.834708674804026
2016,Uruguay,6.454,29332.556156881485,11.0080912489609,7.90108434244779,66.73621917,86.222,76.53649120160883,2.7230433754989045,7.97227224569914,1.5753600070565272,1.6554744530045076,8.380713123786535,8.012065675832938,3.7835771308624304,3.7796204805026683,5.745190628978659,6.595406687599469,5.468664869869558,6.6350143145733655,5.468664869869558,6.6350143145733655
2016,Uzbekistan,5.971,8172.9216949615,30.817417852674,2.41972336009243,61.81403306,85.179,68.69520839819903,1.4365996570807766,6.55965144408265,3.270559098019755,1.1968754430265744,8.257569397071943,6.616621080980847,3.4009306159103487,3.174051311317173,5.606058458356449,6.325870799876992,4.599014284436769,5.183563371411222,4.599014284436769,5.183563371411222
2017,Afghanistan,3.632,2952.998915989087,37.0667978834846,6.79202120758186,52.04833652,83.004,43.84851717412217,1.119243661081806,3.7569890159693458,3.8053548313249,1.562684494946685,8.00077399380805,2.1948725179115907,2.4000896378139203,1.5901392255934832,3.80116556587632,2.8293149289879898,2.5539125373272342,1.7702788759751074,2.5539125373272342,1.7702788759751074
2017,Albania,4.586,15359.397457702478,17.2674048084392,2.00121280396654,68.34923347,66.303,71.54666692980221,1.8735163069964473,8.435192074930235,2.111005810084103,1.1618606853190507,6.02893949729758,7.124070243972423,3.2415899593701485,2.9218817887210924,5.029619664077659,5.209156085812112,5.174249906671108,6.143634347522835,5.174249906671108,6.143634347522835
2017,Algeria,5.295,15427.664189471308,15.3884102993683,1.25691727270348,66.05633785,78.941,71.38556281300397,1.8776667240756741,7.777152745176543,1.9502093404502068,1.099589071596291,7.521068373825891,7.095399951798194,3.2508506753396103,2.936537623431601,5.258205967900129,5.651988336947521,4.967166321936542,5.79801086446981,4.967166321936542,5.79801086446981
2017,Argentina,6.388,28334.904184742005,13.2987334804339,5.23155985787317,66.60261944,85.823,73.22459280196925,2.662389061501373,7.933930388347398,1.7713835623341283,1.4321282275545442,8.333604449808469,7.422676052177657,3.5282881598234415,3.375604962123623,5.525372008151157,6.1695597620630895,5.283630593892463,6.326191232196408,5.283630593892463,6.326191232196408
2017,Armenia,4.321,14243.87490037949,27.1407235472997,2.40140228170953,66.10714309,77.388,71.3649160218254,1.8056958071100015,7.791733367942776,2.955923019322768,1.1953426068504547,7.337710552552868,7.091725622753632,3.4421596253306435,3.239299565267991,5.535954933860851,6.190061693881639,5.106033639458015,6.029781074675131,5.106033639458015,6.029781074675131
2017,Australia,7.272,56881.85698591039,5.82431330571029,0.841048385412525,70.31750379,81.671,77.72435805958747,4.397960069456753,9.000067017709744,1.131754031298295,1.064795329566496,7.843390879991605,8.223459962702611,3.4458642043029517,3.245162362190952,5.562220089503251,6.240944261231689,6.101279218368987,7.690850656396152,6.101279218368987,7.690850656396152
2017,Austria,7.139,62535.81057113446,12.8820472788083,0.795565065715095,70.23919997,57.962,84.85004954385892,4.741703865552518,8.97759456288864,1.7357253047697225,1.0609899597959418,5.044143884137062,9.49155702227891,3.7574115006121778,3.7382112467772686,5.752558912496112,6.6096810055374835,6.647860276310684,8.60309702908068,6.647860276310684,8.60309702908068
2017,Azerbaijan,5.201,19659.00485627677,24.6961165262549,1.82574937607272,65.73464324,78.26,71.84728958333334,2.1349198269634044,7.684829438479406,2.7467238030777956,1.1471805074255554,7.440664847562576,7.177569431219908,3.415220986814119,3.1966669832164256,5.52670583018671,6.172143728839492,5.148384794501162,6.100465352891066,5.148384794501162,6.100465352891066
2017,Bahrain,6.105,53859.77495896006,55.7929970849719,0.40485966551844,65.58817817,97.78,60.03941544973545,4.214226345364724,7.6427953503794335,5.407864421812812,1.028301525244743,9.745329800073465,5.076225231612947,3.2729492402529914,2.9715103961392364,5.873512503012281,6.84400016585246,5.380816103182835,6.488394307183133,5.380816103182835,6.488394307183133
2017,Bangladesh,4.5,6005.707187810483,63.8347510665769,2.18822635384583,63.46849871,97.678,60.72905324250913,1.3048393710415023,7.034467418229135,6.096044000658841,1.1775072061563352,9.733286981161779,5.198954044545606,3.4881718279267013,3.3121176106694463,6.14553628701285,7.37098232802478,4.679867655792181,5.318508030884142,4.679867655792181,5.318508030884142
2017,Belarus,5.483,25503.980984520666,14.6870404841654,2.5274359757027,64.9263071,73.135,77.92658413704352,2.490277233444848,7.45284462105397,1.8901890531912677,1.2058872375498715,6.835572230676393,8.25944837095151,3.593618885622071,3.4789961385704165,5.621058270167211,6.354929410649779,5.3748210644221786,6.478388559116951,5.3748210644221786,6.478388559116951
2017,Belize,5.956,11572.300793146118,14.8736345924849,38.0491503919464,64.95240314,57.274,68.45338710211357,1.6432719365689485,7.460333937410561,1.906156994410583,4.177817587776188,4.9629138899092196,6.573586257597631,4.554327058199828,4.999394801996067,4.682910090688974,4.537487756141977,4.8269288308100435,5.5639538280326395,4.8269288308100435,5.5639538280326395
2017,Benin,4.141,3041.7792998498926,40.9902705675967,1.1274974068,55.20317165,72.454,52.21570693277312,1.124641248045892,4.662396822727077,4.14110916869239,1.088761136241209,6.755168704413076,3.6839081789814765,2.5686632223568715,1.8569206061872134,4.2858425388591,3.7682626762080136,3.2660663141586523,2.958866900145799,3.2660663141586523,2.958866900145799
2017,Bhutan,5.082,13482.342528035764,30.7307674989193,1.72337338408889,63.79693901,31.405,66.64717390873017,1.759396872289709,7.128726674076161,3.263143924154679,1.1386152024364433,1.9086424935719162,6.252150275622671,2.952153705145718,2.463825422978941,4.188732211899328,3.5801342364153577,4.710377326289796,5.369428815347584,4.710377326289796,5.369428815347584
2017,Bosnia and Herzegovina,5.129,15554.658743076558,29.5143111711294,1.22496031638975,67.10889289,51.867,70.96305661854485,1.8853876204859028,8.079226074206005,3.159044693407513,1.096915387346237,4.3245264207377865,7.020210215612027,3.252833696084063,2.9396759147207465,4.96758685642885,5.088982097274697,5.2033823498398615,6.192256533055962,5.2033823498398615,6.192256533055962
2017,Brazil,6.419,17724.47995777842,13.6049599824881,31.1611756216413,64.13833828,79.042,71.45548893981835,2.01730638669933,7.226705031594764,1.7975891420742207,3.6015339931391592,7.532993125885501,7.107844093675035,4.520202999034124,4.945390708529281,5.35843130858942,5.846151383884584,4.968918548605435,5.800935339073519,4.968918548605435,5.800935339073519
2017,Bulgaria,4.933,26691.758001901977,22.0031777604192,1.45569963291636,65.44346267,60.07,73.54007250233428,2.562490592595333,7.601263372301437,2.51627339761027,1.1162202319756485,5.293028808311907,7.478819218251006,3.3438672656861668,3.0837439277767107,5.162564904633227,5.466706250316647,5.282842505765349,6.324875909382217,5.282842505765349,6.324875909382217
2017,Burkina Faso,4.424,2232.287814909443,41.2767834293187,1.25044051977478,54.33611903,49.646,52.07181478174603,1.0754265398339566,4.413560931572997,4.165627737771329,1.0990471929478067,4.062299942278429,3.6583009499825327,2.4371992708388284,1.6488682320303676,3.7517504278653058,2.733584710511824,3.185648177884497,2.824648650083475,3.185648177884497,2.824648650083475
2017,Cameroon,4.975,4797.975441855437,58.3584411446034,4.16103693703584,53.05992481,74.064,54.50055244037009,1.231412822916859,4.047305275694367,5.627404365032747,1.3425627431365255,6.945256336254395,4.090522172327287,3.049186094955187,2.6173870559350436,4.974231833069849,5.101855178100052,3.485010855441726,3.3242863758164445,3.485010855441726,3.3242863758164445
2017,Canada,7.328,56612.306219177655,6.91213506169854,1.80664809278477,70.14702804,75.896,78.40175112893641,4.381572173376497,8.951142091825302,1.2248452548806072,1.1455823952717747,7.161554809256441,8.344009689183867,3.5021006975727014,3.3341611774853566,5.513865456831224,6.147268522655464,6.138905344326499,7.753648838704498,6.138905344326499,7.753648838704498
2017,Chile,6.476,27899.59797770116,21.6603146283732,4.19745439747334,69.11214979,81.542,77.27217041847041,2.635923720777084,8.654141834130767,2.4869326087285204,1.3456096162317857,7.828160256073883,8.142988078767837,3.771799483807554,3.760981398051141,5.957532010051549,7.006768218090546,5.784204624370446,7.1616516582917535,5.784204624370446,7.1616516582917535
2017,China,5.246,16758.046397685786,43.0911018824937,0.565721900260259,68.22865018,83.511,71.04990475113122,1.958550060597049,8.400585812595844,4.320889501791292,1.0417600918001855,8.060633887810253,7.035665819016351,3.589345072365888,3.4722324821886916,6.066329192445605,7.217537194145065,5.47777707014186,6.650222619956076,5.47777707014186,6.650222619956076
2017,Colombia,6.26,16986.033418284223,18.4571577570909,25.5510587151196,67.79425455,80.842,70.1634876177744,1.9724110028102781,8.275918380411063,2.212819877637875,3.132162596605852,7.7455134596211375,6.877917906010435,4.28644581307493,4.5754509877659135,5.401376415523446,5.929347437457485,5.2003783339177305,6.187242816263853,5.2003783339177305,6.187242816263853
2017,Costa Rica,7.072,22633.764866330228,18.3536882830973,12.2731177810203,69.11886044,73.519,72.28076569900688,2.315776511213869,8.656067727132479,2.203965394001691,2.0212613831070767,6.880909901873328,7.254711388445463,3.777462829374662,3.769944102102721,5.331504003958409,5.7939860584588745,5.435022176684297,6.5788645004155795,5.435022176684297,6.5788645004155795
2017,Croatia,5.321,32348.588855617378,18.8283911937191,1.12767209256717,68.02940094,54.914,79.80837773109242,2.9064093181769337,8.343403167559638,2.244588478201476,1.0887757513559844,4.684276119011388,8.594334736521812,3.5757481092465118,3.4507141843918916,5.446524089249683,6.01681044663779,5.853617707892506,7.27750242322368,5.853617707892506,7.27750242322368
2017,Cyprus,5.762,41417.98828125,17.63142953281,0.558091105183829,70.88392291,74.962,74.55555665445662,3.4578022045676278,9.16262394129289,2.1421575192858606,1.0411216600167907,7.051280369418062,7.659536060987614,3.386962655747005,3.1519458805846043,5.468967800766768,6.060289863946463,5.899128854887974,7.353460742964347,5.899128854887974,7.353460742964347
2017,Czechia,6.711,45177.52260536337,16.450355211847,0.626106269301682,68.21885827,59.767,80.88120421973859,3.6863708655308827,8.397775627152946,2.041086132291757,1.0468121604287033,5.257254552133076,8.785256293916024,3.605990398463798,3.4985750618334985,5.5781516712304775,6.27180795727314,6.077642086042229,7.65140017066774,6.077642086042229,7.65140017066774
2017,Denmark,7.555,64989.44598723466,8.49213876400782,1.23153392928012,70.05614206,64.4,85.16106020711312,4.8908777028421415,8.925058676234318,1.3600553452312392,1.097465369800085,5.804258277798185,9.546904872861562,3.772706108876415,3.7624162058130297,5.812891763130467,6.72656172681017,6.63263801440139,8.577691001906777,6.63263801440139,8.577691001906777
2017,Dominican Republic,5.302,19501.874305407844,14.0184540517008,11.3998115468654,63.77789598,85.124,70.2506091821577,2.1253667503022413,7.123261504799208,1.8329742303344476,1.9481960667230247,8.251075720207798,6.893422169682813,3.6487555739362114,3.5662544232518147,5.324709300725152,5.780822917543322,4.820846649478779,5.553802638603664,4.820846649478779,5.553802638603664
2017,Ecuador,5.973,14179.15375033051,18.2778953966104,5.78775543057783,67.28601221,77.105,70.3605112044818,1.8017609510008779,8.130057641767385,2.1974793566494686,1.4786624258709014,7.304297633415543,6.91298047243256,3.4208492578432796,3.2055741789647167,5.232839656136493,5.602847068404951,5.043070460765607,5.924695231431432,5.043070460765607,5.924695231431432
2017,El Salvador,6.167,10064.793494260062,29.3256740475719,63.764040219627,63.96286076,76.29,66.82103200492317,1.5516199140062925,7.1763446450859165,3.1429019195124805,6.3292582709618666,7.208073148974131,6.283090282084152,5.8776502911929,7.0936612318571415,5.499574146232799,6.119582466500099,4.938649643742488,5.750416393593886,4.938649643742488,5.750416393593886
2017,Estonia,5.739,39529.78597327898,6.23825781218917,2.2012646645026,67.86500056,64.153,80.1733793353705,3.3430050419529613,8.29622181533286,1.16717766609064,1.1785980586614389,5.775095765335573,8.659290883184537,3.5314607572989103,3.380625855147097,5.36282816468983,5.854669259419136,5.810093350183813,7.204860064206155,5.810093350183813,7.204860064206155
2017,Finland,7.632,55637.2262781223,4.74394075141048,1.21632504271661,69.96740158,60.553,86.66282906962317,4.322290172669746,8.89959099882595,1.039300279154728,1.0961929156881691,5.350055097864302,9.814161557060674,3.777069884130892,3.7693222343592367,5.7415641535979685,6.588381243687634,6.524850628242065,8.39779334424686,6.524850628242065,8.39779334424686
2017,France,6.489,51895.56629858378,10.6190588228925,1.08754298245582,70.50691196,62.155,82.19875238944061,4.094808219434856,9.054425368848586,1.5420682436251165,1.0854183424519546,5.539198194889018,9.019728830867306,3.6310124191557236,3.538174440606487,5.584845138794552,6.284774977867703,6.3455365052242545,8.098517224232555,6.3455365052242545,8.098517224232555
2017,Georgia,4.34,16237.624223027518,19.0750865540907,2.39924552955963,64.59392354,64.793,71.67421316102198,1.9269099186692906,7.3574536869286975,2.265699632508377,1.1951621618106376,5.850658550663799,7.146768532430019,3.2797724712628846,2.9823087130514896,5.053988373452634,5.256364734140254,4.9358053557247885,5.745669263430269,4.9358053557247885,5.745669263430269
2017,Germany,6.965,61965.43429049647,11.9003757852207,0.97829217789703,69.29018873,72.683,83.33218296409473,4.707026660486337,8.705237323923562,1.6517179754523148,1.0762778550855443,6.782206013538333,9.221435567978409,3.761727210196275,3.745041207498628,5.951734689603523,6.995537271959377,6.4752480016198195,8.315006325644038,6.4752480016198195,8.315006325644038
2017,Ghana,4.657,5993.630852110768,29.3568301115867,2.02943487003652,57.17991839,76.265,60.41897385620916,1.3041051652483744,5.2297044177768655,3.145568124803173,1.1642218893340548,7.205121477672247,5.143771925186362,2.89433062254546,2.3723157012861478,4.712099253540612,4.594034900385525,3.7548073052935216,3.7745779275714577,3.7548073052935216,3.7745779275714577
2017,Greece,5.358,31995.41088383864,15.3860425452779,0.799737128265793,69.70004747,67.328,76.52084394363804,2.8849371332913165,8.822862901036967,1.9500067179854472,1.0613390161272935,6.149958020674818,8.009281070034753,3.4231864307546616,3.2092729448044253,5.386519701654717,5.900566045322664,5.752912865768185,7.109425565080017,5.752912865768185,7.109425565080017
2017,Guatemala,6.382,11005.459285171895,29.9430077048577,32.8054740415143,62.46800098,72.999,59.12725596723538,1.6088096353139614,6.747334044199099,3.195730744822258,3.739104503435675,6.819515138794143,4.913896177629037,4.143342667272001,4.34897864390421,4.694251859194178,4.559459767566235,4.29819591024289,4.681496081101841,4.29819591024289,4.681496081101841
2017,Honduras,5.504,6099.607349194135,28.7616185448399,40.2998017393682,62.21165635,56.989,60.55062411934471,1.3105482254637204,6.673765562912908,3.0946324152222706,4.366118720114606,4.929264837067745,5.167200572348976,4.429455828895001,4.8017759458704194,4.436409469198567,4.059950723977306,4.302928090741153,4.6893941127509535,4.302928090741153,4.6893941127509535
2017,Hungary,5.62,33828.714942571045,18.8047015819743,1.63505483999481,66.23063226,62.528,79.94220696456321,2.9963966433575777,7.82717359031916,2.2425612205819503,1.1312260162444343,5.583237130713124,8.61815115599833,3.648534552536085,3.565904638945891,5.635974674146874,6.383826438348734,5.7487178493230875,7.102424062778047,5.7487178493230875,7.102424062778047
2017,Iceland,7.495,65462.50333062989,5.19664819974767,0.873282362752761,71.25043977,74.972,81.80943762838469,4.9196382019404385,9.267810809283782,1.0780410839405725,1.0674921908284105,7.052461037938814,8.950445884105662,3.6067395991592073,3.499760732746322,5.708735307340165,6.5247830680864745,6.506257490657832,8.366761309617058,6.506257490657832,8.366761309617058
2017,India,4.19,7116.036591853959,55.1724251484484,3.07665739913599,60.23691173,82.472,62.22005406162464,1.3723441424390073,6.10703255734351,5.354758478147128,1.2518379424671284,7.937962428503962,5.464294434137219,3.4009833135364342,3.1741347095879,5.683435046669572,6.475769758016189,4.427526926501897,4.8973501593645885,4.427526926501897,4.8973501593645885
2017,Ireland,6.977,87731.78970457336,7.09611700560255,0.789978006388635,70.20527863,54.552,78.97028773448774,6.273545502228201,8.967859459535811,1.240589658024592,1.0605225175158126,4.641535918560109,8.445187181831777,3.3648160688600477,3.116897109205859,5.06144896813498,5.270817883269249,6.618885198489679,8.554737487057759,6.618885198489679,8.554737487057759
2017,Israel,7.19,42895.58512984704,20.3616024430015,1.62644474784814,71.3456041,93.289,73.71988881706528,3.5476357594739256,9.295122070809791,2.3757942666683567,1.1305056514031124,9.215091567403055,7.510819556811488,3.5330572261694773,3.383152396719548,5.907446514335273,6.909739339079067,5.949353432950541,7.437285801464773,5.949353432950541,7.437285801464773
2017,Italy,6.0,48849.21835347557,17.3177234438316,0.622616360456986,71.11733755,76.668,78.71460927765044,3.9095991986857874,9.229611732590737,2.115311867865982,1.0465201766045686,7.252702419058615,8.399686320613178,3.6061173682524412,3.498776001830116,5.825371938514525,6.7507391340627905,6.243044354168163,7.9274573390223955,6.243044354168163,7.9274573390223955
2017,Jamaica,5.89,10391.037822467812,20.7025205567437,58.4921283339315,63.63215264,73.659,67.31605896782956,1.571454612353644,7.081434546374619,2.4049686090410214,5.888182855703964,6.8974392611638775,6.371185905850379,5.548603847853691,6.572918526696688,5.224783984997118,5.587241098469734,4.81312557109506,5.540916122237208,4.81312557109506,5.540916122237208
2017,Japan,5.915,45693.37760809871,12.1938326247838,0.240822214259524,73.37306559,91.136,79.60528327065093,3.717733336800305,9.876984318852735,1.6768307810320393,1.0145773036529153,8.960893634884819,8.558191789739656,3.652907101764346,3.572824553017792,6.094715417941205,7.27252883593309,6.348892024170764,8.104117601236023,6.348892024170764,8.104117601236023
2017,Jordan,5.161,10220.49278119301,30.2565692480451,1.29956090475235,67.93338372,92.97,67.38486645870469,1.5610859740177516,8.315847134680297,3.222564026619564,1.103156858410994,9.177428241591016,6.383430973862118,3.324597684783738,3.0532482518939768,5.6651257176370535,6.4402997352866285,5.006365021161384,5.863433679004354,5.006365021161384,5.863433679004354
2017,Kazakhstan,5.79,31524.4416339794,20.2247266404274,4.90565829350323,63.77861826,75.794,70.76126865079367,2.8563035841560573,7.123468792319387,2.364081009537496,1.4048616170810826,7.149511990344755,6.984299773919741,3.420671667872,3.205293128420255,5.280870306669491,5.695895167715155,5.070712809697355,5.970830442630347,5.070712809697355,5.970830442630347
2017,Kenya,4.41,4846.862108519316,18.1123098167473,5.01242276948533,57.50908474,73.719,60.19256279178339,1.2343849888754594,5.324172043098367,2.183309237186249,1.4137940853392057,6.904523272288397,5.103479526099536,2.85097165648644,2.3036966180667666,4.35228960248714,3.8969882484566263,3.6223458648374547,3.553499156507452,3.6223458648374547,3.553499156507452
2017,Kuwait,6.083,52285.587117569565,61.9128670145551,1.10718395103166,70.57809747,96.139,57.60682073667075,4.118520341378149,9.074854936108423,5.931577223816795,1.087061607468231,9.551582095817809,4.6433176029866985,3.249732492312811,2.934768008029195,5.810211454875603,6.721369259377124,5.683164286552852,6.993014856248109,5.683164286552852,6.993014856248109
2017,Latvia,5.933,33036.39159434369,13.4377400322761,4.16968239374774,65.4806195,57.51,79.9849315253374,2.948225707507175,7.611927030644931,1.7832791600510474,1.3432860667602837,4.990777666999003,8.625754472814535,3.6611209805174507,3.585823682862032,5.392658140533904,5.912457828259224,5.626732777187854,6.8988304000263865,5.626732777187854,6.8988304000263865
2017,Lebanon,5.199,16128.58381960507,25.8866709032818,3.99342351327765,67.24054294,90.673,64.66809580011493,1.9202805819343376,8.117008391860757,2.8486064535107483,1.3285393371900907,8.90622868237393,5.899951034924923,3.2331918165238562,2.9085910459927358,5.296802583655992,5.726760210658081,4.850134857319245,5.602684796111116,4.850134857319245,5.602684796111116
2017,Lithuania,5.952,38789.24631790354,12.5246833718152,3.53442753319048,65.61020743,57.794,77.14535018249724,3.2979824027570093,7.649117539387482,1.7051436003838596,1.2901373595189582,5.0243086529884025,8.120418989341594,3.4798937379491126,3.29901686135046,5.150544363149945,5.44341927574339,5.552442887753752,6.774840222945236,5.552442887753752,6.774840222945236
2017,Luxembourg,6.91,132169.82957617432,10.8211196454395,0.335291716366678,71.37256048,66.313,76.12283208423523,8.975247998767838,9.302858296599165,1.5593597613810382,1.0224811108057208,6.030120165818334,7.938450376662851,3.318022332267531,3.042842222818186,5.209171663993226,5.556995895060822,7.237450311667482,9.58712558863342,7.237450311667482,9.58712558863342
2017,Malaysia,6.322,29551.545759719724,14.5249238687121,1.1713566700858,65.28464257,81.831,68.7076516573296,2.7363573010998943,7.555683507590712,1.8763157931534957,1.0924306290525705,7.86228157632366,6.618835499097301,3.1173456842947225,2.725255138553112,5.093255343821696,5.332435262395979,4.957118157198191,5.781240429963323,4.957118157198191,5.781240429963323
2017,Malta,6.627,51628.26774003647,11.4503176028508,1.92347764758684,71.12539753,94.648,78.8603860410831,4.078557251007011,9.231924870524606,1.6132038837370009,1.155356960081657,9.375544419373458,8.42562893761695,3.698585994277874,3.645115108158989,6.106555247283354,7.295465723196095,6.2231923456029605,7.894324242767092,6.2231923456029605,7.894324242767092
2017,Mauritius,5.891,24258.988821567043,15.1861077816825,2.55684129376169,64.3064287,91.19,66.41157672197085,2.4145853612438497,7.274945390357722,1.9328971394379693,1.2083474385461839,8.967269244896888,6.210223102599057,3.1240485028434817,2.7358628929717863,5.155819125485904,5.453637888321557,4.698679020236216,5.349904287175825,4.698679020236216,5.349904287175825
2017,Mexico,6.488,21777.522512727523,16.8285883947461,25.9959360229634,65.46614439,77.659,67.7576633986928,2.2637194872979745,7.607772811150841,2.073453741784474,3.1693833331337986,7.369706669465289,6.449774388316904,4.1441957630610045,4.350328737235772,5.098560921899761,5.342713573233487,4.946440945016461,5.763420112296542,4.946440945016461,5.763420112296542
2017,Mongolia,5.125,14401.537506756224,43.8021596765269,6.15262900871161,61.48112656,68.929,65.868808757215,1.8152812311856295,6.464110431129497,4.381738845647405,1.509189636583332,6.3389830508474585,6.113631429824794,3.4918924930556523,3.318005865241002,5.367222659337567,5.86318256019402,4.69189301298794,5.338578408960135,4.69189301298794,5.338578408960135
2017,Montenegro,5.347,22513.78076371705,21.936038684055,2.41891202175086,67.47403935,82.045,71.63993358798065,2.3084818296637444,8.18401965037426,2.510527917034501,1.1968075622645888,7.8875478826677865,7.14066809630067,3.4166588389766774,3.198942500973594,5.52855827865539,6.175732412464802,5.27693428314025,6.315015057857183,5.27693428314025,6.315015057857183
2017,Morocco,5.254,8450.0087890625,21.3269600699193,2.14690397826667,63.42348432,77.525,68.22533447712418,1.4534457397625198,7.021548714574901,2.4584055236960802,1.1740499624915701,7.353885711287192,6.533001724318857,3.1978629269168746,2.8526802105569944,5.139432167725721,5.4218920082191415,4.578009753171777,5.148506709315056,4.578009753171777,5.148506709315056
2017,Myanmar,4.308,5877.874655581753,33.5207335958746,2.68234254369858,59.95560189,69.223,61.15100346320346,1.2970675279885855,6.026299297202029,3.5018975216894046,1.2188475222219939,6.373694705357612,5.2740448389381385,2.972277777996453,2.4956734017286606,4.718240800297276,4.6059327041044185,4.056560201304521,4.2782049392167245,4.056560201304521,4.2782049392167245
2017,Nepal,4.88,4071.704317557979,53.0342594326735,2.24909570287775,61.05865313,71.65,64.83733206845238,1.187257668563774,6.3428645574442655,5.171783223600568,1.182599850719227,6.6602429553444935,5.930068535061731,3.4069106456116387,3.183515193716228,5.575505415015996,6.266681457666891,4.555462867237097,5.110875849975181,4.555462867237097,5.110875849975181
2017,New Zealand,7.324,46285.98109806422,6.6454612514251,0.727234722175039,69.27215479,75.207,77.55988825983044,3.753761891005755,8.700061753920764,1.202024428620188,1.0552730898434255,7.080206748176522,8.194190709336624,3.405519922440228,3.1813142614129934,5.42003389933432,5.9654919282617485,5.871394011170993,7.307171157531098,5.871394011170993,7.307171157531098
2017,Nicaragua,6.141,7391.196382152652,20.1452148940178,6.82368909372622,67.36838569,64.97,63.96330819327731,1.3890730507019566,8.153698050469757,2.3572767277498867,1.5653339940912674,5.871556383481135,5.774526141940242,3.0950488083054877,2.6899685224711027,4.505059310078768,4.192943659550021,4.636452217447263,5.246047458800275,4.636452217447263,5.246047458800275
2017,North Macedonia,5.185,20121.051018072605,24.1167064829734,1.59721486945216,66.47222851,70.79,71.78687737418832,2.163010878513995,7.896509426209067,2.6971403216038894,1.1280601285964005,6.55870546255969,7.166818398151973,3.3511976001619894,3.0953447770851947,5.331721925762833,5.7944082307483376,5.198949400843716,6.184857920200153,5.198949400843716,6.184857920200153
2017,Norway,7.594,89664.90864158294,5.87906686802138,0.530624369587454,71.0393266,63.969,83.52804192539486,6.391073464157155,9.20722332868622,1.1364396115259114,1.0388236508558597,5.753371464553708,9.256290876191596,3.6235302706395487,3.526333333256457,5.603144504621033,6.32022569922669,6.9375456991202675,9.086583370837175,6.9375456991202675,9.086583370837175
2017,Pakistan,5.472,5031.560607384335,56.6781961188465,3.68829384464626,57.28051479,86.638,54.83471627620745,1.2456141159236496,5.258574631952439,5.483616042630881,1.3030106109486161,8.429828934249883,4.149990390755974,3.0974079373454386,2.6937020356664423,5.246502120657959,5.6293148830505615,3.800487924231258,3.8508190967858864,3.800487924231258,3.8508190967858864
2017,Panama,6.43,31979.82464377484,14.7627345637305,9.22242063167726,67.84166418,67.567,68.2002283634666,2.8839895356066823,8.289524495262931,1.896666635061517,1.7660242810561835,6.178175998320826,6.5285338086117495,3.3582992026751253,3.1065836394966397,4.76539335880843,4.697279706453715,5.195566118028025,6.179211205167614,5.195566118028025,6.179211205167614
2017,Paraguay,5.681,15318.401218727571,14.305664925717,8.53492626715061,65.07421118,60.689,65.49631471861473,1.871023855900331,7.495291691396857,1.8575525323780797,1.7085049467243927,5.366112189746551,6.04734192008369,3.145766679487216,2.770233670366732,4.378922166457738,3.9485825831100576,4.594045429512419,5.1752703290247855,4.594045429512419,5.1752703290247855
2017,Peru,5.663,15067.489279382038,31.2625158525163,7.9394377010568,69.19344583,72.579,70.09220679908327,1.8557691458613617,8.677473027756244,3.308648718117229,1.6586832933534716,6.7699270609224955,6.865232681455608,3.641606032003817,3.5549396928181687,5.459263409368555,6.041489885921063,5.358037265643478,6.450376319517221,5.358037265643478,6.450376319517221
2017,Philippines,5.524,8584.136227096995,22.8372345468098,7.64708050157393,61.39263066,84.089,64.81953954248367,1.4616002946267599,6.438712945865014,2.5876484793778673,1.6342231779415595,8.128876528309807,5.92690215466017,3.3203415004589485,3.046512494727115,5.091900620115535,5.329810803544185,4.287654237800519,4.663901979901562,4.287654237800519,4.663901979901562
2017,Poland,6.123,34354.59876163194,21.5252071625491,0.750229542138962,67.46466811,60.047,80.57949337264044,3.0283688372471325,8.181330193237716,2.4753706784403686,1.0571969554133127,5.290313270714172,8.731563450366462,3.6633911249836864,3.5894163707466227,5.695637255864482,6.499408671092993,5.913688410123559,7.3777607095632245,5.913688410123559,7.3777607095632245
2017,Portugal,5.41,37943.11505056769,9.84270133550553,0.735661094098411,69.88075715,70.344,79.42400146846617,3.246540103232398,8.874724867918477,1.4756308258769435,1.0559780837006452,6.506047646534081,8.525930651180317,3.5132045734245425,3.3517339623183253,5.5367587889052565,6.191618974142739,5.937654805932538,7.417760737601875,5.937654805932538,7.417760737601875
2017,Qatar,6.374,115064.9436628529,107.664866223184,0.443342737741158,67.69867889,93.308,64.05228912231559,7.935321100358912,8.248489071070251,9.846841433438149,1.0315212181055229,9.217334837592487,5.790361300495853,4.122975674056447,4.316746223959411,7.451883326391762,9.901722755331932,7.288527645509759,9.672373900566294,7.288527645509759,9.672373900566294
2017,Romania,5.945,32852.635567225465,20.2743046720324,1.29511300787888,65.87385501,54.604,75.77275989729226,2.937053879977114,7.724781898166439,2.368323689553322,1.1027847243535542,4.647675394868028,7.876151087971824,3.395640035158646,3.1656785378431516,5.163220193307446,5.46797571814519,5.501093785901202,6.689138328916932,5.501093785901202,6.689138328916932
2017,Russian Federation,5.81,35570.703125,13.7415064507149,9.09316032017364,63.14521866,78.687,72.53732529627234,3.102304415955318,6.9416891052657475,1.8092742161528577,1.7552096948474263,7.491079393398751,7.300369058527945,3.623930668911122,3.526966996021399,5.335286687239597,5.80131411847266,5.1132826058577105,6.041879633905737,5.1132826058577105,6.041879633905737
2017,Rwanda,3.408,2441.085408165086,32.9065245496364,3.85180847120042,58.78482298,90.416,57.07528994408368,1.0881208211433973,5.690296837035021,3.4493360874885455,1.3166910903215376,8.875885501390565,4.548725711569323,2.932210235734024,2.4322632638310178,4.882721264219236,4.92457495382961,3.697763051172374,3.679370797451588,3.697763051172374,3.679370797451588
2017,Serbia,5.398,19438.991712977622,22.7319854295402,1.21580435389435,66.27627435,64.576,75.42814736652237,2.1215436731042256,7.840272437929222,2.5786417013338996,1.0961493521682397,5.8250380437634455,7.814823406591421,3.4648264413503793,3.2751716414761614,5.432973340939258,5.990559055900332,5.350713679100639,6.438153218914531,5.350713679100639,6.438153218914531
2017,Singapore,6.343,117492.9679945258,14.3992673643153,0.196285615913482,73.26214888,99.929,71.17755322751323,8.082937858827412,9.845152273438089,1.8655626365072144,1.0108511414871637,9.999055465183398,7.058382303152202,3.3043872092156,3.0212635338306915,5.699538019585182,6.506965484212148,6.947697887841218,9.103527421862967,6.947697887841218,9.103527421862967
2017,Slovenia,5.948,41700.65108502804,16.1445814017531,0.921252321313415,69.79083271,50.09,80.78308969102794,3.4749872740453225,8.848917405201934,2.0149192920310495,1.0715056056674284,4.114721624599885,8.767795708422767,3.5532738440017484,3.415146835414389,5.338508009856723,5.8075546741066635,6.138086648302682,7.752282431165842,6.138086648302682,7.752282431165842
2017,Spain,6.31,45446.25085756953,11.1658168739395,0.655022828665732,71.3513224,78.128,79.09524379084968,3.702708755140188,9.296763168758824,1.5888575045451705,1.049231469344684,7.425080023088629,8.467424519499087,3.555673915934206,3.41894514406044,5.726859903109734,6.559895213527135,6.154770379082041,7.780127656801047,6.154770379082041,7.780127656801047
2017,Sri Lanka,4.471,14572.485821461642,24.3181666680079,2.20033736695316,66.72183611,83.928,66.80987108055345,1.825674387363385,7.968144443683362,2.714380439320549,1.178520476152369,8.109867765125676,6.281104069881921,3.204641057356536,2.863407152156059,5.257202508293009,5.65004436974864,4.876045029386821,5.6459289959253,4.876045029386821,5.6459289959253
2017,Sweden,7.314,59769.01362369996,5.60053642140356,1.12349926472939,70.9817471,68.144,86.30237813428401,4.57349072559629,9.190698557450649,1.1126041440535541,1.088426630996757,6.246300571968306,9.750015253191913,3.81024485082701,3.821824311955424,5.912328300470822,6.919196652609303,6.651565275029808,8.609280689478735,6.651565275029808,8.609280689478735
2017,Switzerland,7.487,79333.74378108812,10.6863724663202,0.532315829369355,71.22011694,75.5,80.14234528388278,5.762968939825987,9.259108444223903,1.5478286629180507,1.0389651671296272,7.114800335834602,8.653768024171459,3.5818253177581223,3.4603318601462463,5.734190086584987,6.574095721586021,6.681544008549448,8.659315337613002,6.681544008549448,8.659315337613002
2017,Trinidad and Tobago,6.192,34095.98992561517,14.9085154190063,34.2498809038232,64.0298405,87.248,59.88321792540792,3.0126461784639713,7.195567196183417,1.909141949255037,3.8599510521655405,8.501849714015847,5.0484281228340935,4.13243248956417,4.331712402106543,4.694929286098428,4.560772123013487,4.604962381973198,5.1934907743519965,4.604962381973198,5.1934907743519965
2017,Uganda,4.161,2543.8475439495646,27.8046403871258,11.7852360138494,56.75483873,65.207,51.42363312590187,1.0943684576188326,5.107710580762024,3.0127382380257313,1.9804426710880927,5.899538227422993,3.542949723556076,2.7747385869055297,2.1830515976453655,3.7569982285206547,2.743751091169183,3.2138586574871315,2.8717320740610752,3.2138586574871315,2.8717320740610752
2017,Ukraine,4.103,16310.3603515625,17.9482494182584,6.05466477531939,63.45634858,74.192,72.12807016438424,1.931332061964076,7.030980445978029,2.1692696363484636,1.500993442136088,6.960368893320039,7.227537498179121,3.500519928739693,3.3316594824967085,5.295546255599922,5.724326370257625,4.877549182024046,5.648439433796014,4.877549182024046,5.648439433796014
2017,Uruguay,6.379,29762.422066660503,10.9276038649673,8.35193212210643,67.07910772,86.229,76.93767096171803,2.74917796210495,8.070678012474609,1.568472234296277,1.6931947100844118,8.381539591751062,8.08346013281707,3.8223013474625995,3.840904696502546,5.776649258916404,6.656350391049814,5.523136670679807,6.725928007941868,5.523136670679807,6.725928007941868
2017,Uzbekistan,6.096,8413.299752994944,32.4451966691614,1.85737044900045,62.17383981,85.243,68.50256188186813,1.4512139380296838,6.6629125740467146,3.409857582274207,1.1498260899343116,8.265125675604764,6.582337463533185,3.3883977557640343,3.154217042848082,5.63284880628396,6.3777708038713445,4.637230639574562,5.247346649015025,4.637230639574562,5.247346649015025
2018,Afghanistan,3.203,2902.3921128554607,40.8384893577725,6.73324816708819,51.72087439,83.501,44.29298863155363,1.1161669158706522,3.663010485649279,4.128120369321944,1.5577672383984384,8.059453219289502,2.273971220048573,2.471771948295915,1.7035823003574446,3.946704545245604,3.111262503205315,2.599691323298879,1.8466838864337558,2.599691323298879,1.8466838864337558
2018,Albania,4.719,16170.923432528702,17.9552347660824,2.28039848927055,68.39032778,66.833,73.08288546812663,1.9228547062266963,8.446985752746713,2.1698674131188804,1.1852188037302582,6.091514928897518,7.397457636005293,3.3433574299059896,3.082937071271402,5.1813354857716325,5.503069840617733,5.281356622801935,6.322395963683564,5.281356622801935,6.322395963683564
2018,Algeria,5.211,15343.42612224341,16.0599697647705,1.33631227453406,66.06299421,79.231,71.61875070452425,1.8725452966411864,7.7790630574623645,2.0076785829970065,1.1062316680890065,7.555307760927742,7.136898363597015,3.2764576440806255,2.977062729972287,5.301255414293355,5.735386523705249,4.9877862891797875,5.832425687393532,4.9877862891797875,5.832425687393532
2018,Argentina,6.086,27367.115094107976,13.5371363799976,5.33872203870925,66.78873409,85.899,73.29180275867924,2.603550323117668,7.9873435304351075,1.7917850826234465,1.4410939698577239,8.342577530566198,7.434636820990944,3.539835639161245,3.393879785480255,5.539179932470907,6.196309370888169,5.290804264032513,6.338164121613286,5.290804264032513,6.338164121613286
2018,Armenia,4.559,15037.045242071204,27.6903289992915,1.71823401969337,66.41691512,77.255,71.61343030753967,1.8539182376789782,7.88063500708396,3.002955948873755,1.1381852166297635,7.322007661226845,7.135951539027525,3.4316415194335423,3.2226538089351253,5.56357726336546,6.243573466685095,5.157988323103519,6.116493687582106,5.157988323103519,6.116493687582106
2018,Australia,7.228,57647.845506810496,6.05401225103758,0.879787384450029,70.54178743,81.853,77.49486191325015,4.444529925040303,9.064434298476025,1.1514107036882109,1.0680364345882825,7.864879047069318,8.182618538540922,3.4399551426571366,3.235810792500136,5.5547853677287655,6.226541234782134,6.119904974888804,7.7219371321838315,6.119904974888804,7.7219371321838315
2018,Austria,7.246,63777.9362157476,13.8481763510534,0.972669073494819,70.27868451,58.219,84.86645031461595,4.817221461845325,8.988926251959265,1.8184025788531362,1.075807397087949,5.074487065120429,9.49447572416457,3.7798772202232707,3.7737650715958417,5.7861474870274785,6.674750976150011,6.682519120465354,8.660942804015875,6.682519120465354,8.660942804015875
2018,Azerbaijan,5.208,19781.85090584369,24.2110829954808,1.96219351122527,66.13742304,78.486,72.18094640376985,2.1423885064948136,7.800423426848719,2.7052166677317198,1.1585961294762979,7.467347956131605,7.236947420547267,3.433025860962932,3.2248446417718655,5.545848357534677,6.209227877522804,5.192840789058514,6.17466261821846,5.192840789058514,6.17466261821846
2018,Bahrain,6.199,54893.07244113679,60.1158397824297,0.333861836620704,65.74499164,97.807,59.9685025925926,4.277047801831554,7.6877993312824735,5.777795169975342,1.0223614796706793,9.748517605079499,5.063605489960155,3.322412634711058,3.049790232794267,5.982366752186721,7.054879695384594,5.457827117692565,6.616926054894651,5.457827117692565,6.616926054894651
2018,Bangladesh,4.456,6392.5933402409055,79.2984145312804,2.34217668208578,63.73656508,97.773,61.27083160809779,1.3283609144515633,7.111399927893184,7.419359465779853,1.1903874868647006,9.744503332108936,5.2953696070017555,3.722931176247868,3.683643334715777,6.598889793079152,8.249248218387965,4.930250970150347,5.7363989676175,4.930250970150347,5.7363989676175
2018,Belarus,5.323,26363.46297785364,16.1066672532807,2.38395844908102,65.05890333,73.36,78.45317249937563,2.542531217955144,7.490898483408623,2.0116747582156997,1.1938831655913573,6.862137272393347,8.353160701236142,3.6337751929856337,3.5425467544456333,5.704202076442973,6.5160009984280975,5.442670937147147,6.591630317829822,5.442670937147147,6.591630317829822
2018,Bhutan,5.082,13854.85439771577,33.6414162416309,1.18458616482332,63.9807311,31.096,67.902278125,1.7820445014653672,7.181473263437969,3.5122250363734606,1.0935374770066943,1.8721598362806318,6.475510207725641,3.0283278001759086,2.5843771113868863,4.353822088258091,3.8999570795389564,4.831232358040026,5.5711364353481665,4.831232358040026,5.5711364353481665
2018,Bosnia and Herzegovina,5.386,16348.999714535274,30.020148190921,1.15146147032772,67.16792666,51.648,71.87176435215113,1.9336812219114963,8.096168207159984,3.202332104094433,1.0907660937406765,4.2986697801332845,7.181924992001646,3.3009218752507277,3.015779361551425,5.04643181235799,5.241725672637329,5.274063533103452,6.310223762458446,5.274063533103452,6.310223762458446
2018,Brazil,6.3,17917.749212335882,13.3316911366538,27.1606152370358,64.39620816,79.112,71.78486179865887,2.0290565905573525,7.300711245187193,1.7742039403299046,3.266826420030434,7.541257805530776,7.16645970378415,4.361394442290253,4.694063277051232,5.359899960956743,5.848996552746766,4.987703250276654,5.8322870950711785,4.987703250276654,5.8322870950711785
2018,Bulgaria,5.011,27690.89365500499,22.433444950167,1.30965598682543,65.546733,60.082,74.28903347338935,2.6232351100441162,7.630900979065518,2.5530938591798753,1.1040014651900885,5.294445610536811,7.612105258943161,3.3811167639064728,3.142694282238118,5.2319847016826735,5.601190795045296,5.349947996649892,6.436875291280242,5.349947996649892,6.436875291280242
2018,Canada,7.278,57337.46828700332,7.13787719799952,1.77503663024043,70.12190013,76.014,78.53740954927424,4.425659900348734,8.943930619610747,1.244163320148802,1.142937616817399,7.1754866978013325,8.368151633066352,3.5112149461496145,3.3485852156584532,5.5330129797113194,6.184362349008439,6.157424484252232,7.784557370892032,6.157424484252232,7.784557370892032
2018,Chile,6.444,28499.406400040625,20.5997873103713,4.36665251518391,69.32516725,81.618,77.57030168916052,2.672390313740282,8.715275827925145,2.3961771286769418,1.3597656058704857,7.83713333683161,8.19604389637717,3.7808927604414886,3.7753722464221897,5.955372984742027,7.002585613874605,5.812226766811983,7.208420746656078,5.812226766811983,7.208420746656078
2018,China,5.191,17807.04905522442,38.5057526966035,0.530299683323493,68.34465944,83.556,71.88181443295267,2.0223263456658245,8.433879371635232,3.9284945492938634,1.038796485923704,8.065946896153644,7.183713517078974,3.570830696908979,3.442931980223234,6.011131651878651,7.1106049294482885,5.488280002442858,6.667752063677045,5.488280002442858,6.667752063677045
2018,Colombia,6.125,17104.131354567824,18.3860185548236,23.8207594532571,67.80175629,81.055,70.7204481474408,1.9795910109793038,8.278071308751336,2.2067320830637387,2.9873968110628035,7.770661699113187,6.977035305567939,4.240411219192483,4.502597506336254,5.439864509918802,6.003909076532084,5.2240150741406985,6.226692647569184,5.2240150741406985,6.226692647569184
2018,Costa Rica,7.167,23069.862224126584,17.6199561122599,11.7995456872358,69.18391639,73.571,72.17327353789999,2.34228995158381,8.674738168717814,2.1411756720744,1.9816398923747833,6.887049378181245,7.235581947642696,3.7424276151548046,3.714498031804624,5.3027492627646415,5.738280504098357,5.429079296709956,6.568945805610626,5.429079296709956,6.568945805610626
2018,Croatia,5.432,33729.54558119428,19.6904117646471,0.596292847367914,68.18867003,54.743,80.80759607843139,2.9903674370292608,8.38911188814853,2.3183565833704245,1.0443178153514694,4.6640866873065026,8.772156896087957,3.6135812673787746,3.510588228039426,5.540816985623605,6.199480776701709,5.947599014823933,7.434357669307766,5.947599014823933,7.434357669307766
2018,Cyprus,6.046,43510.03125,15.843425133781,1.18041688389616,71.034083,75.205,74.86934196293902,3.5849922815348196,9.20571846514189,1.9891476016592784,1.0931886534003545,7.079970614472372,7.715377690940732,3.4079284009286415,3.185125874116202,5.454832036305935,6.032905141882921,5.937536485092808,7.417563259560351,5.937536485092808,7.417563259560351
2018,Denmark,7.6,65870.83025543412,10.2999349983121,1.00106587626187,69.97451161,64.531,85.04442383923266,4.944463281429441,8.901631510105624,1.5147589651142557,1.0781832204787871,5.819725035420056,9.526148117468018,3.7810390970264285,3.7756038359459425,5.85347470498371,6.805181640593483,6.654675400155737,8.6144715030342,6.654675400155737,8.6144715030342
2018,Dominican Republic,5.425,20662.848586152973,13.9700529917489,9.90534873528498,63.84924495,85.258,70.00416374883287,2.1959505816721734,7.143737983531118,1.8288322706165068,1.823161578382299,8.266896678385894,6.849564428994061,3.572056867728716,3.4448724950732927,5.300342628237382,5.733618215205518,4.822477735608885,5.556524929074778,4.822477735608885,5.556524929074778
2018,Ecuador,6.028,14083.506998230425,18.6076444108592,5.8300670929869,67.40549527,77.235,70.38574439775911,1.795945908985493,8.1643481485107,2.2256978943303913,1.4822024383885557,7.319646324185339,6.917471003389354,3.428976305576343,3.2184358916717,5.246736356892519,5.629768660714898,5.056379441491277,5.946907983254265,5.056379441491277,5.946907983254265
2018,El Salvador,6.253,10297.203612692012,29.9494969253266,53.7958771232068,64.64978465,76.217,66.98088523045583,1.5657497675957608,7.373485296507023,3.1962860650943705,5.495270189893627,7.199454268772629,6.311537964068306,5.4639487045728075,6.4389448910285205,5.480322015046946,6.082285986135262,4.966188621533849,5.796379077870238,4.966188621533849,5.796379077870238
2018,Estonia,5.893,40849.84734755637,8.13925854793547,2.11805990251629,67.96635998,64.442,80.43120463033699,3.42326090203985,8.32531100902281,1.3298573363098947,1.171636717929602,5.809217085585349,8.705173798429055,3.567217070346438,3.4372131228713028,5.439467696149659,6.003140343096473,5.874120543742171,7.31172175329713,5.874120543742171,7.31172175329713
2018,Finland,7.769,56226.33724134295,5.84651585707961,1.59543516989979,70.04126526,60.66,86.47147624042623,4.358106391491972,8.920789175514143,1.1336540325275786,1.12791122972705,5.3626882510363645,9.780108165809894,3.798614834710617,3.803418867447194,5.759986289043217,6.624069802334948,6.5441690651194016,8.430035906829708,6.5441690651194016,8.430035906829708
2018,France,6.592,52560.95362438406,10.5107824351537,1.06227847973755,70.6050487,62.14,82.90893618113913,4.135261817399002,9.082589683896565,1.5328024044706856,1.0833045834837933,5.537427192107887,9.146114035727702,3.6643745129201237,3.590972661977264,5.636958936276484,6.385733214945904,6.399122258191711,8.187952099557755,6.399122258191711,8.187952099557755
2018,Georgia,4.519,17228.679084750325,18.6640622057354,2.34526705345127,64.81730358,64.632,72.42295799168153,1.9871631477014604,7.4215616430518585,2.2305258926011833,1.1906460433168737,5.831649787479667,7.280016108504302,3.30907775231136,3.0286866990093517,5.097588959958685,5.340830625361339,5.001618877221487,5.855512342305064,5.001618877221487,5.855512342305064
2018,Germany,6.985,62481.11839710451,12.2724978426028,0.945201062768242,69.21478901,72.797,83.2025678550208,4.738378741772422,8.68359831830131,1.6835626204531833,1.07350928124303,6.795665634674922,9.198369099403939,3.7592245907284703,3.741080609054145,5.953937715380748,6.999805116742396,6.474575861350357,8.313884520353051,6.474575861350357,8.313884520353051
2018,Ghana,4.996,6234.51208201488,25.8232291377847,1.63198244300232,57.55482269,76.466,60.97302029539088,1.3187500375713184,5.337298401620657,2.843177373292563,1.1309689636212719,7.228852914939392,5.2423707295193696,2.860682367783376,2.319064606908955,4.66491296367605,4.502622551465093,3.7699161495198314,3.799794660095652,3.7699161495198314,3.799794660095652
2018,Greece,5.287,32722.331044402927,15.426827372432,0.922574259889262,69.92857239,67.279,77.16522481962483,2.929131747145935,8.888447388999316,1.9534969124428276,1.0716162058858936,6.144172744923125,8.123955904875654,3.461329720566531,3.269637797008209,5.437330182731657,5.998999413115553,5.81618919015501,7.215034049969823,5.81618919015501,7.215034049969823
2018,Guatemala,6.436,11192.371919272497,28.1314081003981,28.9035441420162,62.52173531,72.969,59.40050651897122,1.6201733752908705,6.7627552880575355,3.0407016484725813,3.4126488668386115,6.815973133231883,4.962524191057442,3.965447652445879,4.067445343270368,4.648870377910182,4.471543811182167,4.279568644981502,4.6504070872173395,4.279568644981502,4.6504070872173395
2018,Haiti,3.597,3465.254805736012,15.7261482402686,6.77773609475147,54.83311093,81.565,51.13398428401664,1.1503873168369927,4.556192900475713,1.9791115369686216,1.5614893285231402,7.830875793671616,3.491403449694081,2.483535685887033,1.7221993699535487,3.7730757805722854,2.7748975704145002,2.89271996732497,2.3357500802241393,2.89271996732497,2.3357500802241393
2018,Honduras,5.86,6219.279737750595,29.7635517651656,37.9817721287217,62.24685183,57.706,61.16303186911129,1.3178239557133904,6.683866332379928,3.1803736581367885,4.172180373787117,5.013918770005772,5.276185429250922,4.377739626156314,4.719930857251706,4.516539665383277,4.215184150333224,4.342582477031822,4.755577471155139,4.342582477031822,4.755577471155139
2018,Hungary,5.758,35798.04127540219,18.2609055529635,0.879849987623273,66.39567575,62.535,80.24768175539738,3.1161259087636184,7.874539509025836,2.1960254370851136,1.0680416722935464,5.584063598677651,8.672513835730753,3.624460589470547,3.5278056383201415,5.642108756789,6.395709782099603,5.7956492036451746,7.180752715268713,5.7956492036451746,7.180752715268713
2018,Iceland,7.494,66703.02193980032,4.43324754348264,0.850210001870462,71.33109295,75.28,81.56111676003735,4.995058095191435,9.290957508176993,1.0127124574592141,1.065561837784242,7.088825628378024,8.906254388630767,3.5850965153311827,3.465508795827492,5.676265387844744,6.461880228747902,6.507100499405887,8.36816829520754,6.507100499405887,8.36816829520754
2018,India,4.015,7492.625767551453,56.6795240921875,3.0299149142336,60.54437711,82.785,63.15608186274509,1.3952396598626262,6.19527220977813,5.483729685019919,1.247927224422988,7.974917353203548,5.6308711242595075,3.4676732592479302,3.279676961874175,5.803349235323845,6.708075321459258,4.525093740447726,5.060189633625995,4.525093740447726,5.060189633625995
2018,Ireland,7.021,93115.83934983292,7.79168997270246,0.779878238431558,70.30010304,54.64,79.0739669255581,6.600879930347006,8.995073167240783,1.3001138753347021,1.0596775186914273,4.651925801542741,8.4636380616693,3.3791448252598753,3.1395735292683584,5.089902233318442,5.325939398699725,6.717683033741752,8.719631541705734,6.717683033741752,8.719631541705734
2018,Israel,7.139,43782.652649168944,22.0100927078823,1.45709789694358,71.50531296,93.384,73.49093995546936,3.601566863061661,9.340957001224165,2.516865149813059,1.116337217976139,9.226307918350212,7.470075528133853,3.5360674819963167,3.387916370906855,5.934504509148193,6.962157846023042,5.9818576200783085,7.491535443624031,5.9818576200783085,7.491535443624031
2018,Italy,6.223,49355.87519135039,15.6845265296165,0.595578796289962,71.27293763,76.696,79.26613134708427,3.9404024485080207,9.274267482054299,1.9755497255313488,1.0442580741451382,7.256008290916723,8.497835884916405,3.611887019413831,3.5079069431134315,5.82584594497739,6.751657410203982,6.270927118918253,7.973993805360018,6.270927118918253,7.973993805360018
2018,Jamaica,5.89,10636.09297845508,21.0387474845844,45.7076395408315,63.77895152,73.223,69.94180463458112,1.5863532471411745,7.123564434783492,2.433741499398944,4.818566400509235,6.845962113659023,6.838466922233492,5.132518683292768,5.914429980302578,5.36884707919112,5.866329491958999,4.916543028820323,5.7135203486577115,4.916543028820323,5.7135203486577115
2018,Japan,5.886,46133.02259787178,12.4060098636232,0.26317151259777,73.48395797,91.133,79.72512768375415,3.7444624627899534,9.908809381787783,1.6949880192662872,1.0164471615448905,8.960539434328592,8.579519452914283,3.6626635975792587,3.58826499957599,6.109705129935078,7.301567880683879,6.372756246128701,8.143947100633692,6.372756246128701,8.143947100633692
2018,Jordan,4.906,10183.024836623525,31.7567413179411,0.898463493612211,68.26747148,93.143,67.93360150241915,1.558808032873721,8.411727158067194,3.350942460679985,1.0695989744756547,9.197853807000053,6.481084555547029,3.3555150924600423,3.102177559096091,5.749711908891738,6.604165605034335,5.077548021632891,5.982238443701962,5.077548021632891,5.982238443701962
2018,Kenya,4.509,5017.667846746638,19.831438788068,3.12505555114881,57.88585027,74.281,60.77682497665734,1.2447694768214943,5.432300182326744,2.3304250845712446,1.2558871821850177,6.970876843154747,5.207455562712358,2.8247624745805258,2.262218460311211,4.447551801054649,4.081536373756912,3.697851674846154,3.6795187107825846,3.697851674846154,3.6795187107825846
2018,Kuwait,6.021,51623.807862205234,64.5155749200156,0.855810403300653,70.79981473,96.15,57.99640601750102,4.0782861035147775,9.138485690117722,6.15430605067921,1.066030396333776,9.55288083119064,4.712648691789176,3.2923709779465673,3.0022468724944704,5.908400027417411,6.911586546622079,5.742936870065347,7.0927755810353785,5.742936870065347,7.0927755810353785
2018,Latvia,5.94,34729.70627630565,16.8899906770849,4.35777769938389,65.54893243,57.388,80.06506757066461,3.051174274025914,7.631532194647426,2.0787082915875095,1.3590230928791454,4.976373511045811,8.640015584689756,3.7172517245171672,3.6746551413529804,5.488065785234628,6.09728772126612,5.704848632456477,7.029206132193732,5.704848632456477,7.029206132193732
2018,Lebanon,5.197,16290.051647859174,26.9239143405591,2.87427415177788,67.49267452,90.341,65.19413951016304,1.9300973523401748,8.189367767693549,2.937369396701884,1.234905513245022,8.867030487484913,5.99356643820095,3.223085551898196,2.8925970619009265,5.352293160643413,5.834260164562696,4.907797065922001,5.698923295185582,4.907797065922001,5.698923295185582
2018,Lithuania,6.149,41035.401815273246,14.399002431271,3.28280899974951,65.83884549,57.838,76.76797199728377,3.434542069483852,7.714734497458422,1.8655399646484052,1.2690856516129148,5.02950359447972,8.053260290698276,3.4744734356153018,3.2904387929433003,5.170404819110308,5.48189424241652,5.60418129162202,6.8611918638803475,5.60418129162202,6.8611918638803475
2018,Luxembourg,7.09,131733.88447148932,10.7862930810869,0.493339099919257,71.45784563,67.147,76.41304566648628,8.948743814940542,9.327334327018699,1.556379450065416,1.0357041723519558,6.1285879204491795,7.990097152433875,3.3439371041927677,3.0838544528821723,5.251060853094418,5.6381463559489955,7.253433473234551,9.613801560937505,7.253433473234551,9.613801560937505
2018,Malaysia,5.339,30459.96553380609,16.1560428708823,0.981435762735261,65.37381246,81.986,68.58341251167133,2.791586559155526,7.581274421602666,2.015900116490033,1.0765408636520728,7.880581938395341,6.596725743764602,3.1248940551598077,2.7372010481455358,5.129329641709164,5.402320737923174,4.989934261299903,5.836010663028404,4.989934261299903,5.836010663028404
2018,Malta,6.726,53419.0022708322,12.5364002038633,1.65099085247881,71.26523627,94.81,78.83256876750701,4.187428658622412,9.272057264664381,1.7061462777304577,1.1325593054716323,9.394671249409667,8.420678540465302,3.7004430264295705,3.648054012273651,6.135549202944466,7.351634699377197,6.270441800549455,7.973183806705471,6.270441800549455,7.973183806705471
2018,Mauritania,4.49,6153.637902417045,46.4676065172414,1.22184990380814,61.43435153,58.767,54.50563958916901,1.313833124639146,6.450686440468114,4.6098366074634525,1.096655154142268,5.139187700057723,4.091427487754956,2.6795835908186163,2.0324610926425506,4.290954792410954,3.778166466202801,3.9718167672544196,4.136767746694621,3.9718167672544196,4.136767746694621
2018,Mauritius,5.888,25243.886462030987,15.155739276173,2.87081302588736,64.23751358,91.086,66.77639125188536,2.474464249281347,7.255167403527822,1.9302983301011607,1.2346159375517023,8.954990292281051,6.27514595727168,3.1550361830454836,2.784903412149812,5.1825391385164306,5.505401634980086,4.728231429006409,5.39922739728546,4.728231429006409,5.39922739728546
2018,Mexico,6.595,21997.77302194944,16.3313895424634,29.4484283285099,65.50832405,77.546,68.80475213903743,2.277110072309112,7.619877974139307,2.030905549244723,3.458236696080842,7.3563651151807745,6.636115623504725,4.338826524106466,4.6583477146959495,5.180649647338051,5.501741189808916,5.017920735457096,5.8827202208573395,5.017920735457096,5.8827202208573395
2018,Mongolia,5.285,15230.240882884682,40.2796730056673,6.18744290031966,61.79001141,69.472,65.90253478986293,1.8656639660372607,6.552757458012068,4.080299209569519,1.5121023468164883,6.403093351524373,6.119633357206355,3.452676351381032,3.2559431378814323,5.289690693973538,5.712982595528726,4.684601384090506,5.326408645818883,4.684601384090506,5.326408645818883
2018,Montenegro,5.523,23562.17625589569,22.1665156662132,2.2734838704439,67.52668471,81.956,71.90237208641031,2.3722212008593235,8.19912837015499,2.530251170553341,1.1846402909560616,7.87703993283308,7.187371983062096,3.42613808923964,3.2139441839419143,5.55237744169845,6.2218764439055985,5.312311452131748,6.374059720344891,5.312311452131748,6.374059720344891
2018,Morocco,5.208,8611.75,18.4571548078596,1.42300060045045,63.48830859,77.721,68.60399297385621,1.463279131033732,7.0401526661941976,2.2128196252550296,1.1134844617966047,7.377026814293961,6.600388268817641,3.149837807346494,2.7766765606559582,5.094435089825094,5.334720743064404,4.56617391571155,5.128752640574665,4.56617391571155,5.128752640574665
2018,Myanmar,4.36,6201.263414298031,36.1957092821377,2.77776467862348,60.46783048,69.27,61.23168771326712,1.3167286160856548,6.17330405184685,3.7308107221437785,1.2268310315634523,6.379243847405152,5.288403510020894,3.015369965795717,2.5638702866976857,4.796678919704627,4.757888129303305,4.1382005664013155,4.41446309496887,4.1382005664013155,4.41446309496887
2018,Namibia,4.639,11214.386043059969,16.5373639108224,18.4687504668112,54.96511906,41.291,65.93846923436043,1.6215117694542402,4.594077983699536,2.0485319718379302,2.539620058085222,3.0758513931888545,6.12602829635091,3.5117140091449945,3.349375023357398,4.067067850311911,3.344438124164681,3.870343158200975,3.9674078129076604,3.870343158200975,3.9674078129076604
2018,Nepal,4.913,4371.385717718967,59.5306238818063,2.34689208986609,61.29777136,71.971,64.79299574540043,1.2054774187895,6.411489225060442,5.727714847579725,1.1907820022682023,6.698142414860682,5.922178386994178,3.4948407511539172,3.3226717229905076,5.751431841349714,6.607497570027117,4.657685934428938,5.281486632942326,4.657685934428938,5.281486632942326
2018,New Zealand,7.307,46974.681840048186,6.64524347769575,1.12225498980074,69.70692938,75.578,77.72773029401155,3.7956328763004024,8.824837944036886,1.2020057924577674,1.0883225285207012,7.1240095502964795,8.224060089801405,3.4331952807399744,3.225112762320775,5.443610108018387,6.011165292720678,5.924738634117039,7.39620358570929,5.924738634117039,7.39620358570929
2018,Nicaragua,6.105,7049.027098284028,21.1687703840053,10.65611679854,67.33405924,64.774,63.98229817927171,1.368270161755052,8.143846684383227,2.4448683138188443,1.885974717608144,5.8484152804743665,5.777905623840918,3.2732189013989883,2.9719371567910704,4.546869265650554,4.2739406240930276,4.659754691832441,5.284939398840246,4.659754691832441,5.284939398840246
2018,North Macedonia,5.274,20805.922119255498,25.4520876085665,1.30226748209447,66.82930049,70.71,72.82728100423883,2.2046490328794883,7.998985703080765,2.8114166377796526,1.1033833046701478,6.54926011439366,7.351969942665473,3.407959093458868,3.1851744475365864,5.444944602462497,6.013750562130661,5.307022366027681,6.365232210603845,5.307022366027681,6.365232210603845
2018,Norway,7.554,90064.06879743583,6.69546303416924,0.470654459145075,71.059672,64.139,83.51469753938872,6.415341230978168,9.213062265820037,1.2063033714813007,1.0338062579773628,5.773442829406517,9.253916092397827,3.6318311885796497,3.5394702096790565,5.627327949865485,6.367075441834749,6.954122042628049,9.114249366607849,6.954122042628049,9.114249366607849
2018,Pakistan,5.653,5255.06350681272,61.4979947410089,3.63153404981254,57.56252081,87.102,55.59065559081442,1.2592024367207468,5.339507689161258,5.8960741946098585,1.298261792945006,8.484611953612847,4.284518306283491,3.198312679873128,2.853391981116544,5.443258724486401,6.010484569694499,3.9259829287410555,4.060270853283278,3.9259829287410555,4.060270853283278
2018,Panama,6.321,32681.47298863307,14.8426450709261,9.62124332136356,68.07903661,67.824,69.27300982514217,2.9266476971834225,8.357648134811429,1.9035050411248,1.7993918500295885,6.208519179304193,6.719447352949384,3.4323052205248543,3.2237041697844946,4.859089742442613,4.878794433251155,5.283847118787163,6.32655261327048,5.283847118787163,6.32655261327048
2018,Paraguay,5.743,15591.014266308452,13.0344251532456,7.73254240471022,64.98378294,60.239,65.97534463383839,1.8875979296751113,7.469339642851179,1.7487651641953632,1.6413733627761826,5.312982106312641,6.132590689032648,3.1163587648479414,2.7236932584207,4.368545481084007,3.9284801934807057,4.597315801447165,5.180728595262617,4.597315801447165,5.180728595262617
2018,Peru,5.697,15384.184608242304,31.1151867646505,7.68710269227761,68.92692217,72.726,71.07306012647483,1.875023293053642,8.600983261253091,3.296040912671902,1.6375716414149446,6.787282888177573,7.03978657886842,3.6793237114362016,3.6146309820497833,5.534187966126897,6.186638609093854,5.392219571433824,6.507426749666892,5.392219571433824,6.507426749666892
2018,Philippines,5.631,9016.286596376083,22.1392871673127,5.16236715828629,61.43273386,84.335,67.03125476190476,1.4878737696705586,6.45022218449707,2.5279210698130274,1.4263392084349515,8.157920973920344,6.320501789524911,3.317626080465222,3.042215122177422,5.240268767639128,5.617239226271079,4.395848866034922,4.844479326512269,4.395848866034922,4.844479326512269
2018,Poland,6.182,36500.41142825841,22.0327726817794,0.713892149018161,67.44057958,60.046,80.59820568092039,3.158827954149722,8.174417013240474,2.5188060068599727,1.0541567811638843,5.2901952038620985,8.734893516390239,3.6693364959713355,3.598825402918106,5.710301344706683,6.5278168975013635,5.949957455886134,7.438293918603131,5.949957455886134,7.438293918603131
2018,Portugal,5.693,39123.61512825749,9.68646955246185,0.784476811591817,69.83392869,70.401,79.86872704778882,3.31831104579141,8.86128554335306,1.4622611651159576,1.0600622591063342,6.512777457102377,8.60507457717013,3.536124063773057,3.388005916161269,5.5689064006340345,6.253897417918347,5.973214273250427,7.4771096568591515,5.973214273250427,7.4771096568591515
2018,Qatar,6.374,114909.94548512688,107.786961140147,0.362168986600472,67.75660607,93.312,64.66453020541552,7.925897665731027,8.26511362317338,9.857289804369046,1.0247298022456397,9.217807105000787,5.899316497187225,4.152065420688385,4.362783109208254,7.502613218017611,10.0,7.324699118195799,9.732744259679647,7.324699118195799,9.732744259679647
2018,Romania,6.07,34828.895863788384,18.7538854964325,1.27564870308368,65.90999824,54.639,76.56912180205416,3.0572047100421544,7.735154662908486,2.2382125931025776,1.1011562399428902,4.651807734690665,8.017872658715689,3.41562694862675,3.1973094507366824,5.185981789411107,5.512070962144792,5.555708768529671,6.780290993417728,5.555708768529671,6.780290993417728
2018,Russian Federation,5.648,36536.6953125,12.6740675593912,8.17044875503453,63.29247239,78.731,72.8522378977232,3.1610339078984224,6.983949531317297,1.717927272643352,1.6780108729434995,7.4962743348900664,7.35641130296202,3.5865561981570204,3.4678188623812867,5.32841712214365,5.788005950288961,5.137624919807839,6.082507071101194,5.137624919807839,6.082507071101194
2018,Rwanda,3.334,2577.69730366075,32.1513532416355,2.28219163427022,58.97197321,90.998,58.09604820075758,1.0964264237348724,5.744007180776028,3.384711694117966,1.1853688275152714,8.94460040929842,4.730381140615554,2.9098699400624355,2.3969079325773244,4.948701084426208,5.052395351741353,3.752157553068512,3.7701554785665827,3.752157553068512,3.7701554785665827
2018,Saudi Arabia,6.375,61359.46537403877,72.6868758200635,0.737688493612268,66.08239188,83.658,58.58338873015873,4.670185527548216,7.78463000506096,6.853571711489294,1.056147706429905,8.07798971506533,4.817108876963676,3.349805874157199,3.093142257716737,5.878507501426772,6.853676801570867,5.662018538848324,6.957722503245976,5.662018538848324,6.957722503245976
2018,Serbia,5.603,20454.225884367035,23.0376789441363,1.49572244747486,66.52428826,64.66,76.49001997204185,2.1832669332511703,7.91145008146539,2.6048016702426624,1.1195687476439544,5.834955659337776,8.003795597104599,3.5350700710101326,3.3863378870617438,5.527194979651914,6.173091340989457,5.446038337201532,6.597250524458567,5.446038337201532,6.597250524458567
2018,Singapore,6.262,120668.88872615836,16.0290550221245,0.159733932962686,73.49633197,99.928,71.57094185185184,8.276024524986761,9.91236060260889,2.0050330289769605,1.0077930386422278,9.998937398331323,7.1283902397708,3.343809793310237,3.0836529730767905,5.7730679278989925,6.649412403733947,7.052450473701402,9.278359983459843,7.052450473701402,9.278359983459843
2018,Slovenia,6.118,43369.221946980986,16.1763751313729,0.434891751818874,69.97783532,50.165,80.56744191070368,3.57643148887606,8.902585383400867,2.017640066069866,1.030814164913848,4.123576638505536,8.72941875697364,3.52225730578094,3.3660606460792075,5.321990669663501,5.775556208677106,6.162815948416285,7.793555750099751,6.162815948416285,7.793555750099751
2018,Spain,6.354,46325.20994411408,10.5034718641397,0.613681647994712,71.42041388,78.299,79.72737934385877,3.7561468897954295,9.316591769238636,1.5321767964636455,1.045772652348672,7.445269454793515,8.579920161191385,3.5783082168792166,3.4547657625236217,5.762512878541455,6.628964475797398,6.197997570801688,7.852274044376359,6.197997570801688,7.852274044376359
2018,Sri Lanka,4.366,14759.82489452264,28.6882456623859,2.3097886777035,66.91540428,84.183,67.2420258636788,1.8370640535784282,8.023696675427976,3.088353471665751,1.1876777389038042,8.139974812404892,6.358010881097749,3.2892794707729207,2.997354311455699,5.412723859959874,5.951330444664776,4.972053970381998,5.80616837285862,4.972053970381998,5.80616837285862
2018,Sweden,7.343,60124.57119941789,6.6338928167307,1.06138286689242,71.05753137,68.378,85.93914786520668,4.59510758342252,9.212447925281301,1.201034450496745,1.0832296518809628,6.273928215353938,9.685374335579526,3.803928922962956,3.811828843449067,5.916405036440952,6.927094370612299,6.655630369175961,8.616065350848842,6.655630369175961,8.616065350848842
2018,Switzerland,7.48,81371.8944120855,10.676114525677,0.587106357663197,71.35828444,75.677,80.16004532203907,5.886882520712989,9.298761208309932,1.5469508313793323,1.0435492261092505,7.13569816865194,8.656917945325066,3.5859822982991236,3.4669106192729293,5.739677372691586,6.584726049031609,6.722290016968081,8.72732061851543,6.722290016968081,8.72732061851543
2018,Trinidad and Tobago,6.192,33710.017854000784,12.9576145189546,35.1576671765775,63.99936868,87.316,60.22525297073297,2.9891802084867134,7.186822072404438,1.7421920322544722,3.935901146913322,8.50987825995697,5.1092971116481785,4.163995418176339,4.3816632985863535,4.675956763242212,4.524017318085798,4.594891095876416,5.176681750188854,4.594891095876416,5.176681750188854
2018,Uganda,4.189,2613.879764139632,27.5743901013937,10.8189825436186,57.21662843,66.762,52.10635181727994,1.0986262112162553,5.240239851621356,2.993034384236278,1.8996009082007346,6.083132182400168,3.6644472044623555,2.773761176549472,2.181504766420873,3.8359109272309415,2.8966259022522935,3.279083112039925,2.9805919974184256,3.279083112039925,2.9805919974184256
2018,Ukraine,4.332,16978.984375,17.4384643248867,4.42833090390794,63.24698516,74.144,72.12534914096321,1.971982441651995,6.970895127060747,2.1256443660826725,1.3649259388784607,6.9547016844204235,7.227053261413207,3.42343925771063,3.209673063984114,5.273175743435374,5.680988759494327,4.857676266330925,5.615271443445261,4.857676266330925,5.615271443445261
2018,Uruguay,6.293,29757.92760554146,10.8748352762654,12.4022914485464,66.82723705,86.236,76.84125905565023,2.7489047120502446,7.998393515341061,1.563956519785209,2.0320687202325427,8.38236605971559,8.066302548200532,3.991274081941496,4.10831776426876,5.786785922881448,6.675987795599344,5.51612994598614,6.714233751265161,5.51612994598614,6.714233751265161
2018,Uzbekistan,6.174,8742.549199121602,32.6612147415155,1.46416093130273,62.9945615,85.304,68.86666436202687,1.4712313387331102,6.8984519270338875,3.428343502932291,1.116928147961406,8.272327753581362,6.647133600931623,3.3930359004451045,3.1615572832823364,5.666558889471295,6.443076168953074,4.724224874058616,5.392540438114484,4.724224874058616,5.392540438114484
2018,Zimbabwe,3.663,5415.493220281926,18.0277324680283,4.88212007993374,51.62104799,34.504,57.67606004689755,1.26895609279224,3.6343612541819863,2.1760714623980006,1.402892288391663,2.2745316681534344,4.655639518115848,2.4879173694722203,1.7291337398867173,3.2400379102930033,1.7422619483803723,3.0509508091916975,2.599838104209666,3.0509508091916975,2.599838104209666
2019,Afghanistan,2.56690001487732,2927.245143535302,34.7952135471867,7.16396695794585,52.30937005,83.97,45.06062122655123,1.1176779072471468,3.8319031671527473,3.610962170788085,1.5938034001659376,8.11482657291284,2.410580086528414,2.4536917986073195,1.6749689959162861,3.8600558981103936,2.9434011098187565,2.6112403560213227,1.8659592767093327,2.6112403560213227,1.8659592767093327
2019,Albania,4.88269996643066,16761.12301786816,17.2950261740093,2.25302550996799,68.40525475,67.364,73.21649582378406,1.9587371100810418,8.45126965178179,2.1133695307063283,1.1829286387057856,6.1542084273495306,7.4212351037096,3.343494979162559,3.083154754134745,5.186575161682717,5.513220481492209,5.289691001368352,6.336306080957706,5.289691001368352,6.336306080957706
2019,Algeria,5.00509977340698,15199.198996563926,16.0043837868398,1.19876531330297,66.1377459,79.509,71.64526131907309,1.8637767103884424,7.80051608461131,2.0029217681317926,1.0947237779045973,7.588130345804691,7.141616226057263,3.272777466478523,2.9712385501983274,5.307688382837322,5.747848888659629,4.9914522201183,5.83854414348084,4.9914522201183,5.83854414348084
2019,Argentina,5.97469997406006,26629.552941950053,14.7246348007331,5.13191495105041,66.89652894,85.974,72.91914927637721,2.5587087073849344,8.018279631593037,1.8934062171335797,1.4237914192754761,8.351432544471848,7.368318936447226,3.5278760755167324,3.3749528052595275,5.542212739635989,6.202184722130631,5.282366554525914,6.324081544510912,5.282366554525914,6.324081544510912
2019,Armenia,4.67679977416992,16215.360796509412,29.3192994071172,2.51379877522903,66.47682393,77.122,72.6115640873016,1.925556367631052,7.897828268231513,3.1423564045174373,1.2047462788251628,7.306304769900824,7.313580687577351,3.5367349551385185,3.388972701332934,5.685101638462127,6.478998388003548,5.257037659955803,6.281807499591198,5.257037659955803,6.281807499591198
2019,Australia,7.22279977798462,58048.61884208314,9.32733932375095,0.882951478402183,70.25644524,82.03,77.72122139037432,4.468895768438913,8.982543792069961,1.431528306325391,1.068301159053357,7.885776879886657,8.222901757086378,3.494948736564962,3.3228426186686213,5.6629836837842475,6.436150048025475,6.157623597725308,7.784889692221004,6.157623597725308,7.784889692221004
2019,Austria,7.29419994354248,64609.283639689456,11.0526066543986,0.86703158562286,70.44474022,58.473,85.38796351322287,4.867764947049562,9.036582668220452,1.5791694487574737,1.066969218484025,5.1044760455475675,9.587284871900396,3.7670165443414927,3.7534120081166997,5.758495421057036,6.621181595931388,6.699247244123143,8.68886212157529,6.699247244123143,8.68886212157529
2019,Azerbaijan,5.16480016708374,20101.491875147043,23.6069727557806,1.66164299896889,66.62391976,78.709,72.6592423611111,2.161821739987074,7.940043378478342,2.65351944704026,1.1334505191410504,7.493676864144409,7.322065573424141,3.4377653474520193,3.2323452638431838,5.571030801135663,6.258012944705026,5.250759146767214,6.271328631363106,5.250759146767214,6.271328631363106
2019,Bahrain,6.22730016708374,56749.96283706122,55.3164475014708,0.269238704006036,65.79860929,97.833,60.85254518518519,4.389941292025201,7.703187089085844,5.367083307092913,1.0169547741582785,9.751587343233458,5.220930826691527,3.302397060413073,3.0181139618110615,5.925011058961873,6.9437665170293545,5.475219878729168,6.645954655385051,5.475219878729168,6.645954655385051
2019,Belarus,5.5398998260498,26798.82063980764,13.3493316188904,2.38463165310244,65.43521345,73.586,78.70996591706904,2.5689996869872465,7.598895924279626,1.7757135388160052,1.1939394893216737,6.888820380962376,8.398859982297406,3.61242945648793,3.508765393812607,5.656738487913528,6.424051448503256,5.456263780963063,6.614316838493806,5.456263780963063,6.614316838493806
2019,Bosnia and Herzegovina,5.67409992218018,17029.29719803434,25.9044315955196,1.25540534198886,67.01024039,51.424,72.25752714393448,1.9750413137352953,8.050913740922152,2.8501263390645937,1.0994625756528362,4.272222805268406,7.2505758258237645,3.27034171225894,2.967383771436582,4.963189440189105,5.080463136601802,5.24126902512667,6.255489573428088,5.24126902512667,6.255489573428088
2019,Brazil,6.37559986114502,18018.62091515179,13.813142449647,21.2445602088385,64.5250651,79.182,72.16768331211271,2.035189294252551,7.33769196672205,1.8154045245020158,2.771858657892567,7.549522485176051,7.234587103998559,4.13253788442224,4.331879198024299,5.376525549529827,5.881204723976429,4.999400077358995,5.851809154832938,4.999400077358995,5.851809154832938
2019,Bulgaria,5.10150003433228,29149.921509976022,21.9039450440062,1.18988414972527,65.66690799,60.094,74.83069976657328,2.711939724597001,7.665390063166413,2.5077814779189875,1.0939807338253447,5.295862412761716,7.708500876852566,3.3965849056994832,3.1671738721688136,5.2600140828356,5.655491134769599,5.401827111715784,6.523461779870178,5.401827111715784,6.523461779870178
2019,Canada,7.23210000991821,57583.82307392043,6.44637527905843,1.82357460879594,70.29668163,76.13,78.77350515660811,4.440637548885247,8.994091254970737,1.1849874860662575,1.1469985551470476,7.189182452642073,8.410167505645148,3.5169807582752544,3.3577100813560823,5.536119399811327,6.190380308014974,6.178281049736935,7.81936707740057,6.178281049736935,7.81936707740057
2019,Chile,6.22849988937378,28227.979050759383,20.755448395943,4.81306553520039,69.37230839,81.691,78.28502741702742,2.6558883269447096,8.72880488868955,2.4094979515417645,1.3971148280216688,7.8457522170331115,8.323237389936654,3.838735253893976,3.866912687364208,6.019056251206164,7.125956978546883,5.854161427758015,7.278409894252652,5.854161427758015,7.278409894252652
2019,China,5.12389993667603,18820.58716456445,37.20244673057,0.518362801144556,68.45295916,83.6,72.45793732672556,2.0839464902143687,8.464960365702165,3.8169630907508556,1.0377977846217636,8.071141837644959,7.2862410751637725,3.582859250306443,3.4619681423278807,6.022675774323819,7.132968954082707,5.525434808044196,6.729763610080167,5.525434808044196,6.729763610080167
2019,Colombia,6.16340017318726,17336.77160305506,19.7067243599727,23.3990612924966,67.90056298,81.262,70.53013545751635,1.993734855801209,8.306427893105045,2.3197525468638034,2.952115361864911,7.795101537492785,6.943167018816267,4.230916451736135,4.487571266149878,5.462717754737092,6.048181868380942,5.239364037958848,6.252310140828649,5.239364037958848,6.252310140828649
2019,Costa Rica,7.12139987945557,23496.82946229951,17.841294618157,11.2610056078008,69.21303269,73.621,72.4686018249724,2.368248307457414,8.683094271093253,2.1601168931213386,1.9365828439414938,6.892952720785012,7.28813894274596,3.737329001958831,3.706429062569479,5.3302971215877495,5.7916480074553025,5.453674191506314,6.60999480143391,5.453674191506314,6.60999480143391
2019,Croatia,5.50470018386841,35122.79662310085,16.3501847140191,0.827828171469303,68.37991794,54.568,81.16522936507936,3.075073014257724,8.443998227245466,2.0325139612000167,1.0636892580916244,4.643424988193315,8.835801767635644,3.597398097673559,3.4849770483991187,5.477582105663593,6.076978055520664,5.960121936824072,7.455258485397255,5.960121936824072,7.455258485397255
2019,Cyprus,6.15899991989136,45454.17578125,16.4888959613625,1.16579872951254,71.12585493,75.441,75.16237166199815,3.703190567257785,9.232056139993135,2.044384287996427,1.0919656229979395,7.107834391562156,7.767525626416976,3.4318605247380467,3.2230004026060817,5.500168622473211,6.1207341245276625,5.9961787366494645,7.515437454963441,5.9961787366494645,7.515437454963441
2019,Czechia,6.9109001159668,47763.61655202543,13.4196543528156,0.862160849844266,68.49230253,59.967,81.79984812826063,3.8435977930049727,8.476251540319634,1.7817314634536705,1.0665617075368137,5.280867922548144,8.948739324547624,3.6245886342493217,3.528008279575899,5.575631362628398,6.2669254515711295,6.147522909826563,7.768031596311227,6.147522909826563,7.768031596311227
2019,Denmark,7.64559984207153,66758.63233461307,9.08862810353217,0.859901642730301,70.31425391,64.661,85.6868345089551,4.998439044102172,8.999134332925351,1.4111004012474995,1.0663726905847948,5.835073726189852,9.640472331912838,3.792547949933624,3.793817529840845,5.874020931906416,6.844985127365758,6.711578901695255,8.709443716429146,6.711578901695255,8.709443716429146
2019,Dominican Republic,5.68919992446899,21451.28644199497,13.2694812112673,9.41799066618377,64.1430915,85.389,70.78457552202701,2.2438852909808977,7.228069160722879,1.76888027582208,1.7823866816524483,8.282363436007765,6.988447494171756,3.582251576898571,3.4610064498353004,5.343549821552245,5.8173219995570244,4.886820491656794,5.663913293454377,4.886820491656794,5.663913293454377
2019,Ecuador,5.92519998550415,13870.489511806803,18.880438766098,6.84543557226847,67.61542231,77.361,69.68055317460319,1.7829950705475202,8.224595221030631,2.249042491159545,1.56715341696126,7.334522747546834,6.791974282334714,3.44129925837205,3.237937964720354,5.206556854780175,5.5519303166305205,5.039168490712916,5.918182824945382,5.039168490712916,5.918182824945382
2019,El Salvador,6.34829998016357,10543.938329131672,30.6138770514804,38.5386955905095,64.38870404,76.145,66.8550479034038,1.5807505147329908,7.298557633809455,3.253140929898248,4.2187754710688905,7.1909534554232035,6.289143794355536,4.808463562451181,5.401586448138383,5.4151917567326215,5.95611141476303,4.884510204799215,5.660057413754441,4.884510204799215,5.660057413754441
2019,Estonia,6.02180004119873,42215.03438358106,6.48539152857741,1.95957029638124,68.36583118,64.73,81.38717932688226,3.5062602700166665,8.439955460523795,1.1883263330669915,1.1583766577548944,5.843220338983051,8.875300263263274,3.589042094449819,3.4717529950439086,5.4764085996324665,6.074704663332265,5.953552942920231,7.444294803480556,5.953552942920231,7.444294803480556
2019,Finland,7.80870008468628,56922.48731631031,5.2174017815856,1.46692385524251,70.18863415,60.766,87.07343067357479,4.400430274384645,8.963082651395153,1.079817088434299,1.1171593084683507,5.375203337356353,9.887232737279136,3.8160169639960246,3.830959149565646,5.792240450048637,6.686554660297421,6.589071413625692,8.504978139010483,6.589071413625692,8.504978139010483
2019,France,6.66379976272583,53448.55488499433,9.41824194165321,1.14560504750237,70.71715121,62.125,83.30925088277733,4.189225370891716,9.114762042681962,1.4393073711223339,1.090276115117053,5.535656189326756,9.217354545813366,3.673993689995886,3.6061957904846467,5.639412545626536,6.390486506519901,6.428393096304377,8.236805266907297,6.428393096304377,8.236805266907297
2019,Georgia,4.67259979248047,18186.8816465807,18.9456214930977,2.02806499553233,64.85351819,64.472,72.77122573211102,2.0454190532492253,7.431954893177956,2.2546205555615773,1.1641072785478948,5.812759091147609,7.341994275613943,3.31574685694574,3.039241098421975,5.127002181870569,5.3978118313853924,5.038957901210304,5.9178313500687985,5.038957901210304,5.9178313500687985
2019,Germany,7.0757999420166,62949.89325118552,9.95772717043857,0.745579302641966,69.44497943,72.911,83.53679282318988,4.766878878080078,8.749660788991767,1.4854742544152575,1.0568078923254505,6.809125255811513,9.25784819701962,3.7382427798186213,3.7078751902036022,5.920657454875082,6.935332432107962,6.486510600667808,8.333803656761255,6.486510600667808,8.333803656761255
2019,Ghana,5.14799976348877,6508.246523059009,25.0476126459012,1.82667713193775,57.94305064,76.657,61.68741053391053,1.335392288779847,5.448716146842592,2.776803366831862,1.1472581282796779,7.251403683685784,5.3695045189707375,2.896298588197694,2.3754301666698403,4.705563955176595,4.581374295449953,3.83247541175645,3.904206364862894,3.83247541175645,3.904206364862894
2019,Greece,5.5149998664856,33502.75064889967,15.4629284259515,0.727708640014711,69.81574212,67.231,77.73615176979884,2.9765789702887537,8.856066169985635,1.95658628919618,1.055312740261047,6.138505536023508,8.225558786272721,3.482014031607206,3.302372398167832,5.480824446306915,6.083259328641669,5.849158932170478,7.270060705440134,5.849158932170478,7.270060705440134
2019,Guatemala,6.39890003204346,11466.376493219734,29.3775212370689,25.9415998284592,62.53651792,72.939,59.47025014854427,1.6368320497876638,6.766997757139672,3.1473387845439165,3.1648372860688805,6.8124311276696226,4.974935855494638,3.857327276464627,3.8963360721897486,4.672689127244206,4.51768704115892,4.291020502648065,4.669520291864721,4.291020502648065,4.669520291864721
2019,Honduras,5.95319986343384,6264.0188427671455,29.4283957469446,41.0111655865032,62.34940977,58.397,61.49950710041593,1.3205439620877806,6.713299489960177,3.151692411732754,4.425635098816967,5.0955029647898415,5.336064986537325,4.524973854880951,4.95294097515546,4.564177524172263,4.307471307936424,4.378118935935494,4.814887989260187,4.378118935935494,4.814887989260187
2019,Hungary,6.00040006637573,37662.67681013997,14.686677071267,0.66527835015882,66.59236063,62.543,80.30615351315352,3.229490280682215,7.930986207025936,1.8901579538395663,1.0500894993154664,5.585008133494255,8.682919543617837,3.571959077904676,3.444717734739186,5.551524266180716,6.220223616816601,5.794384341606966,7.178641654540324,5.794384341606966,7.178641654540324
2019,Iceland,7.50449991226196,65994.9860038103,4.92546019539672,0.277239086829896,71.39375059,75.576,81.53176358543418,4.952011586807377,9.308939657503768,1.0548339518834084,1.0176241275641713,7.123773416592327,8.901030660591786,3.5670263336790056,3.4369112666130675,5.691183567948405,6.490780697269755,6.503741884307998,8.362562750712765,6.503741884307998,8.362562750712765
2019,India,3.57329988479614,7702.176348119574,53.5981486621548,2.94997162020176,60.88252939,83.092,64.37440284780578,1.4079797205923081,6.292318711914971,5.220038498923328,1.2412387549688886,8.01116387679068,5.847685066062311,3.487792348928354,3.311517054352394,5.823902093026945,6.747891653810465,4.57974019017326,5.151394816860726,4.57974019017326,5.151394816860726
2019,Ireland,7.09369993209839,96205.7961557005,8.57888040778008,0.648627918850972,70.47920306,54.727,78.32216353874884,6.788740241934402,9.046473176945403,1.36747833131315,1.0486964381144135,4.662197617673296,8.32984618107825,3.3461417133279454,3.087343425785886,5.0534042268179835,5.255233087296634,6.7445539689837375,8.76447925980532,6.7445539689837375,8.76447925980532
2019,Israel,7.12860012054443,44492.12269670844,22.6047775086382,1.6402012873501,71.50510833,93.475,74.04220316742082,3.6447005612219727,9.340898274351963,2.5677557809697023,1.1316565946481623,9.237052001889069,7.568179025832464,3.580081762842239,3.4575725429681636,5.996205506550366,7.081689030175372,6.029928551611366,7.571766055873451,6.029928551611366,7.571766055873451
2019,Italy,6.38740015029907,49690.62985052735,14.9904134967112,0.527189893600108,71.42736916,76.724,79.62932456497751,3.960754550019246,9.318587868733758,1.9161504432666887,1.0385363048312757,7.259314162774833,8.56247020885326,3.6184997285616665,3.518372092090998,5.836210852798114,6.771736983591839,6.29779731081349,8.018840282810359,6.29779731081349,8.018840282810359
2019,Jamaica,5.88980007171631,10816.37203911542,21.0265683890828,47.462677157099,63.55076363,72.789,69.8493035226212,1.5973136853078258,7.058076671239545,2.4326992634847158,4.96540192473126,6.79472109985832,6.82200530747753,5.200754521518187,6.02241873297165,5.359387017727476,5.8480028457699165,4.904583758974785,5.6935602706820285,4.904583758974785,5.6935602706820285
2019,Japan,5.87080001831055,46055.349867248704,11.9970236725114,0.251776994076062,73.58129509,91.129,80.07703487754077,3.7397401885662536,9.936744213467977,1.6599886963080153,1.0154938371916775,8.960067166920293,8.642145301741666,3.6746642409947947,3.607256991868792,6.126235205495021,7.3335910178939425,6.392643891346848,8.17713967463143,6.392643891346848,8.17713967463143
2019,Jordan,4.63339996337891,10168.358852353693,32.1645840142968,1.14319003336944,68.3615608,93.308,68.2458891817333,1.5579163840424384,8.438729901903297,3.385843928152816,1.0900740625439767,9.217334837592487,6.536659665521169,3.3881042786520315,3.153752591496911,5.789836851052851,6.681898252033532,5.107393916151301,6.032051382914444,5.107393916151301,6.032051382914444
2019,Kenya,4.58300018310547,5171.712642792572,20.2519023152347,3.07795502113628,58.24660368,74.821,60.89844309056957,1.2541349486393052,5.535832994746159,2.3664065898134563,1.2519465082351147,7.034632943275437,5.229098875923958,2.8374835687176843,2.2823506243496956,4.4804949407383265,4.145355966014377,3.7388187017899632,3.7478928726496163,3.7388187017899632,3.7478928726496163
2019,Kuwait,6.10209989547729,51380.64553546314,57.825909998705,0.360182418888326,70.47654159,96.161,58.5004897964998,4.063502547194075,9.0457093602589,5.581832582988054,1.0245635957160977,9.554179566563468,4.802356077990139,3.2100045665789425,2.8718953408545453,5.769134454225168,6.641792222766699,5.65568378042973,6.9471497614627955,5.65568378042973,6.9471497614627955
2019,Latvia,5.94999980926514,35208.193459085865,13.953687230057,3.39556267869149,66.02158296,57.264,80.98339797130974,3.0802648914342137,7.767178420867237,1.8274317573684777,1.2785192075674694,4.961733221388467,8.803442823063476,3.683541177286779,3.62130546408844,5.474880131602109,6.071743615678259,5.755316931717669,7.1134379625282005,5.755316931717669,7.1134379625282005
2019,Lebanon,4.77150011062622,15659.566104001173,27.8802089438784,3.14085853124481,67.40532045,89.992,64.98030952919629,1.8917656803583534,8.164297976826205,3.019205078180126,1.2572093412345777,8.825825156110616,5.955512984622204,3.234089090215908,2.9100110544417763,5.353958867841612,5.837487080856352,4.893916171948436,5.675756017445135,4.893916171948436,5.675756017445135
2019,Lithuania,6.21549987792969,43078.711858546114,12.1457403238805,3.36307869103253,66.22751262,57.882,76.98465306850012,3.558769327505706,7.826278283181425,1.6727152436185502,1.27580142914921,5.034698535971034,8.091821127900083,3.4599885979943616,3.267515361679336,5.129248054689094,5.402162682242859,5.646363722880749,6.931594541301514,5.646363722880749,6.931594541301514
2019,Luxembourg,7.23750019073486,132724.75466830298,8.85302220354508,0.644991719918795,71.45517211,67.947,77.31461651785716,9.008985816887817,9.326567052096314,1.390938236451407,1.0483922149049318,6.2230414021094616,8.150541840243708,3.37574356782559,3.1341907632998143,5.289747128488714,5.713091924141067,7.292164163787758,9.678443266783992,7.292164163787758,9.678443266783992
2019,Malaysia,5.38430023193359,31300.508655484915,20.8986497768105,0.9270169844912,65.48693368,82.136,69.00790812324931,2.8426891158130747,7.613739140511121,2.421752525133669,1.0719879072043457,7.898291966206643,6.672269519134793,3.206293859870372,2.866022846291563,5.290876328925673,5.71527948465156,5.092842640687616,6.007765235294056,5.092842640687616,6.007765235294056
2019,Maldives,5.1975998878479,21855.50122457897,11.7717933697816,0.615093155858455,66.93412668,55.463,73.4204156862745,2.268460364282979,8.029069826931218,1.6407144316102258,1.0458907463970246,4.749094820800756,7.4575249400832515,3.1422644926824583,2.764691175477017,4.77201121751137,4.710100252646172,5.186373143555,6.16386808726159,5.186373143555,6.16386808726159
2019,Malta,6.77279996871948,53393.42316424629,12.1152477005238,0.992032983112623,71.16284153,94.962,78.68988034547154,4.185873523960261,9.242670943938666,1.6701058127969255,1.0774274819188172,9.41261741092512,8.39528552859857,3.660269893038116,3.584476767843533,6.113760243040252,7.3094237094669,6.246503313665711,7.933230358795131,6.246503313665711,7.933230358795131
2019,Mauritania,4.37459993362427,6162.21044455969,43.6914963916805,1.07437639165317,61.59490029,58.949,54.8610145955352,1.3143543100599113,6.496762414228831,4.372268745849088,1.084316757366368,5.160675867135436,4.154670472890448,2.6563444097034314,1.9956832022121724,4.248975811714441,3.696842055197651,3.9674497713260948,4.129479209821161,3.9674497713260948,4.129479209821161
2019,Mauritius,6.10129976272583,25958.490028146534,15.0236819864042,2.09909272547754,64.24799842,90.982,66.96067347913524,2.5179100503155265,7.2581764533188355,1.9189974210874654,1.1700498257982415,8.942711339665216,6.307941055266529,3.1287988252896506,2.743380663824736,5.187418402480082,5.514854062394923,4.74411730864553,5.425741005591361,4.74411730864553,5.425741005591361
2019,Mexico,6.46500015258789,21704.185952747957,17.0845735836968,29.150867187807,65.4608084,77.435,68.86961606824549,2.259260839532301,7.606241432551424,2.095359880659883,3.433341192031113,7.34325969460041,6.647658890299655,4.338390478014024,4.657657636360963,5.201619653973347,5.542365650195855,5.021791371607373,5.889180330911955,5.021791371607373,5.889180330911955
2019,Mongolia,5.45620012283325,15790.696112644133,44.1529420963905,6.34259904548525,62.00196014,69.994,65.83537236426768,1.8997380003064337,6.61358473641707,4.411757333967305,1.5250835124054687,6.464724248307708,6.1076810470903,3.5091439624880234,3.34530771591302,5.399551161285595,5.9258114362643886,4.75449478907308,5.44306106954178,4.75449478907308,5.44306106954178
2019,Montenegro,5.54610013961792,24585.115952915752,19.9401337330817,3.76021900823406,67.25294148,81.866,72.93352754859521,2.434412934365886,8.120566655429482,2.3397267421018437,1.3090282421391262,7.866413916146299,7.37087771193753,3.5130280760454338,3.35145464088966,5.578950547729114,6.273355592771657,5.340256820998389,6.4207006732493435,5.340256820998389,6.4207006732493435
2019,Morocco,5.09479999542236,8768.17578125,17.1600688643338,2.77264595868349,63.59750282,77.914,69.35428464052288,1.4727893597690092,7.071490376160327,2.101820450151623,1.2264027729786975,7.399813716744504,6.733911121782118,3.2302893946912503,2.9039977278541476,5.129559257248278,5.402765564075839,4.606502056025286,5.19606049763224,4.606502056025286,5.19606049763224
2019,Myanmar,4.30800008773804,6562.988984786251,36.7128668064078,2.8855992129134,60.66155073,69.317,61.30757283761989,1.3387204699044546,6.2288999291113,3.7750668941260774,1.2358530264340652,6.384792989452694,5.30190812262863,3.030824161070024,2.5883278051304996,4.817849181118762,4.798900536268979,4.169035803794129,4.465927252121313,4.169035803794129,4.465927252121313
2019,Namibia,4.57110023498535,10813.304468194408,15.4572528817777,12.0354899812092,55.53160284,41.534,65.99853403361347,1.5971271859923843,4.75665346409037,1.9561005999288654,2.0013802123381015,3.104541638243165,6.13671750391553,3.2250402790313215,2.895690576253565,4.018899280061891,3.251122837810706,3.8684578491475685,3.9642612231743164,3.8684578491475685,3.9642612231743164
2019,Nepal,5.13719987869263,4607.524547171124,54.2758746113853,1.95325811107588,61.52749847,72.287,66.70500508883478,1.2198339670734526,6.477418730168333,5.278035443294087,1.1578485476849403,6.735451540116493,6.262441985501545,3.5084718687644916,3.344244073041936,5.7675202785806485,6.6386651367495695,4.713016899656004,5.373834275788941,4.713016899656004,5.373834275788941
2019,New Zealand,7.29960012435913,47392.19331351721,7.72371069620344,2.28484272415384,69.74499622,75.936,77.85275603354978,3.821016349411827,8.835762766632797,1.2942964939551718,1.1855906314066598,7.166277483339456,8.246309828374812,3.5056576391539367,3.339790326253273,5.495591223097695,6.111866488821107,5.959026831335911,7.453430749154357,5.959026831335911,7.453430749154357
2019,Nicaragua,6.13710021972656,6756.59334024487,20.2131179025699,7.94304819024202,67.68334258,64.583,63.65638032212885,1.3504910469144855,8.24408769533153,2.3630875824383852,1.6589853655525493,5.825864511727974,5.719904870199177,3.126358637299684,2.739518868261472,4.479103344459707,4.142660075217652,4.640333616294031,5.252525531846274,4.640333616294031,5.252525531846274
2019,Nigeria,4.72410011291504,8361.786648360001,56.1742360202495,21.099298161443,54.81295678,80.562,53.89339008573126,1.4480820923452462,4.550408850280809,5.440489250988037,2.7597052836963796,7.7124547410400375,3.9824707925696283,3.7578523945389124,3.7389089972035205,5.099475307152856,5.3444849798018685,3.6825752143499777,3.654022225910652,3.6825752143499777,3.654022225910652
2019,North Macedonia,5.15980005264282,21766.88420624866,23.5530919085053,1.21203114814657,66.6524371,70.628,73.00412821744229,2.26307270946403,7.948227585005787,2.648908550105263,1.0958336662599508,6.539578632523482,7.383441896166769,3.387962531811527,3.153528265616275,5.406299713302712,5.93888517004314,5.292690162748827,6.341311695496814,5.292690162748827,6.341311695496814
2019,Norway,7.48799991607666,90772.90170418654,6.1522585458121,0.523586594350632,71.18469375,64.306,83.91436601241897,6.458436192847126,9.248942324143243,1.1598182095526985,1.0382348341794096,5.7931599937031,9.325041598823935,3.64828139333006,3.5655039939535187,5.648325079548529,6.407752446753408,6.988550609697315,9.1717108079976,6.988550609697315,9.1717108079976
2019,Pakistan,5.69329977035522,5295.952951382034,53.4624424408059,3.47225684652177,57.80361075,87.552,56.55258713280184,1.2616883950302096,5.4086982188758,5.208425329648529,1.284935838318713,8.537742037046755,4.455704858858839,3.1387494423193143,2.7591283229620243,5.3160011809757535,5.763952981736591,3.894351968590186,4.007478631081467,3.894351968590186,4.007478631081467
2019,Panama,6.30480003356934,33163.7172814857,15.3498636744005,11.3349220328569,68.31230743,68.074,69.25812029539088,2.9559667358652923,8.424594651131216,1.9469106819489697,1.9427670743654621,6.238035892323031,6.716797593422501,3.513403960204621,3.3520495080819495,4.885127988028539,4.929237415685428,5.321465430905745,6.389337754244669,5.321465430905745,6.389337754244669
2019,Paraguay,5.69210004806519,15319.388999122124,16.398596736735,8.50337786708883,64.87178917,59.802,66.25321275703465,1.8710839100513625,7.437198491416039,2.0366568590653236,1.7058654444034742,5.261386891955713,6.182040451312272,3.2046215305621297,2.8633762494189288,4.472448485009731,4.129767848772135,4.645700159586274,5.261482318000991,4.645700159586274,5.261482318000991
2019,Peru,5.79680013656616,15461.457258546636,30.672466480308,7.3499267457301,68.41484707,72.868,71.7123927298192,1.8797212435673156,8.454022556784757,3.258154767494826,1.609361757816179,6.804048381172272,7.153563016731579,3.6922507246833556,3.635089029794212,5.574144250917209,6.264044522067728,5.382064901785643,6.4904785579618105,5.382064901785643,6.4904785579618105
2019,Philippines,6.00600004196167,9452.293971598096,23.1871442405274,4.2994572517325,61.25593066,84.575,67.69061559290384,1.51438173936388,6.399481340382104,2.6175922834543828,1.3541437025889431,8.186257018418429,6.437842476086394,3.3287831113772715,3.0598720292077473,5.320958497824819,5.773556618276285,4.433613130501842,4.907508062646631,4.433613130501842,4.907508062646631
2019,Poland,6.1862998008728,38181.62303346887,18.1315337173154,0.661855188726895,67.55951536,60.045,81.17869633340516,3.2610406890978103,8.2085504558064,2.1849543379723455,1.049803099925109,5.290077137010023,8.838198366333895,3.6459692280073597,3.561844804652755,5.652384692746292,6.415616993408401,5.964821378923723,7.463101876504135,5.964821378923723,7.463101876504135
2019,Portugal,5.9109001159668,40188.28687992231,8.28261825252783,0.705776821960449,70.06049234,70.457,80.21378422459895,3.3830399658288197,8.926307165398182,1.3421254585821667,1.0534778109288834,6.519389200818596,8.666481388321646,3.5323517266232223,3.3820358864224658,5.559727276488266,6.2361150217688435,6.0060356150799326,7.531888631716709,6.0060356150799326,7.531888631716709
2019,Romania,6.12370014190674,36399.4746080793,16.4166768529099,1.25118311157138,66.17611197,54.675,76.80479257703082,3.1526912915098166,7.811526783383581,2.0382040795800505,1.0991093220182757,4.656058141365378,8.059812927591437,3.396457710867222,3.166972576022403,5.143417033573366,5.429611749447188,5.581379368811374,6.8231353467873905,5.581379368811374,6.8231353467873905
2019,Russian Federation,5.5460000038147,37319.3203125,12.5569592919877,7.64469087376708,63.7170407,78.775,73.07112935071464,3.2086152126198666,7.105796615724505,1.7079056382678817,1.634023249319824,7.501469276381384,7.395365502497255,3.573724344305731,3.447511412104866,5.340985481163168,5.812354192614161,5.188762446186724,6.167855844662558,5.188762446186724,6.167855844662558
2019,Rwanda,3.31229996681213,2753.539598108564,40.1780502490937,3.16215359253131,59.10058688,91.554,59.02409458423521,1.107117119527927,5.780918086124594,4.071602760265056,1.2589909962021752,9.010245579052318,4.895537447569913,3.1018852776573036,2.7007877901339996,5.250043295596189,5.63617507739877,3.919213899456207,4.048973311368906,3.919213899456207,4.048973311368906
2019,Saudi Arabia,6.4064998626709,62647.72994878423,71.1180092701773,0.935259944754359,66.15306557,83.651,59.08505108465608,4.748508235477052,7.8049126848276105,6.719314691934112,1.072677555893447,8.077163247100803,4.90638534340099,3.3633570060017783,3.1145880238010637,5.8770200409168964,6.850795196351969,5.693870908720916,7.010884259321279,5.693870908720916,7.010884259321279
2019,Serbia,5.77820014953613,21541.126403718445,20.3036764511414,1.26325112750546,66.55006534,64.745,77.11944070616882,2.2493472971715094,7.918847859322459,2.3708372032250193,1.1001189946484096,5.844991341764182,8.115808106198568,3.5220160536527585,3.365678845004016,5.505065255266864,6.130220199969351,5.461897418470388,6.623719406157658,5.461897418470388,6.623719406157658
2019,Singapore,6.37709999084473,120678.341978557,18.8678146675534,0.211656543163604,73.79679211,99.926,71.29758211640211,8.276599255008149,9.998589817501498,2.247962173751228,1.0121371527610135,9.998701264627172,7.079742795870722,3.368945022814878,3.1234315139850186,5.826847619907565,6.75359792001064,7.096521295280429,9.35191439326338,7.096521295280429,9.35191439326338
2019,Slovenia,6.36339998245239,44577.94185830695,13.2114748069236,0.671965756625042,70.23011555,50.239,80.64688384687209,3.649918114557169,8.974987420375975,1.763916331015645,1.0506490023284227,4.132313585559112,8.743556344305981,3.4985466861466223,3.3285366659258147,5.252768322753954,5.6414541771982725,6.16710089485664,7.800707345989447,6.16710089485664,7.800707345989447
2019,Spain,6.40089988708496,46896.41711414235,10.4338195896242,0.69779523479218,71.68925823,78.469,80.01819636703166,3.7908746104997117,9.393747551795395,1.5262162469303733,1.0528100300647507,7.465340819646324,8.631674326071284,3.596740185498756,3.4839358489800087,5.787726524974973,6.677809991135705,6.241529192758002,7.9249285274575465,6.241529192758002,7.9249285274575465
2019,Sri Lanka,4.3270001411438,14637.444291267591,24.0032412073756,3.31094038448808,67.08723464,84.435,68.07097099142686,1.8296236718177221,8.073010361554577,2.6874304391885406,1.2714392687587195,8.16972765912788,6.505531003371873,3.315190686321893,3.038360913265577,5.364318899030739,5.857557206916384,4.973071415250669,5.807866493160021,4.973071415250669,5.807866493160021
2019,Sweden,7.35349988937378,61070.5243445838,5.99033026849403,1.07985845098683,71.41293479,68.607,86.62482581274934,4.652618760362111,9.31444534123387,1.1459610667026543,1.0847754148040278,6.300965524479194,9.807398449451762,3.8324315667632165,3.8569365908118654,5.958362691824549,7.008377468834634,6.724728871559206,8.731391078371168,6.724728871559206,8.731391078371168
2019,Switzerland,7.55989980697632,81694.63065231395,9.18416349963332,0.53628529631628,71.52508144,75.851,80.04710015262516,5.906503937599701,9.346630367781273,1.4192759197729563,1.0392972732649208,7.15624180091305,8.636818080274319,3.5597820648042475,3.4254466231041807,5.695297524489174,6.498750521382387,6.714383161912847,8.71412404000493,6.714383161912847,8.71412404000493
2019,Trinidad and Tobago,6.19189977645874,33748.706084992446,13.6004693726607,36.2988873279844,64.07092927,87.382,59.91632281792281,2.9915323394663624,7.207359284072352,1.7972048545186885,4.031381527294544,8.517670672193944,5.054319511332794,4.206232936799776,4.4485076002114585,4.6756674526575335,4.523456846809314,4.597377771269123,5.18083202318877,4.597377771269123,5.18083202318877
2019,Tunisia,4.39219999313354,13243.902423324596,16.9323513605894,4.80838825436222,66.6757488,70.988,72.18205287751464,1.7449004132191772,7.954917822149428,2.082333341222258,1.3967235025153433,6.582082699270609,7.237144330012875,3.417701746059832,3.200592986085062,5.192542017490046,5.524779862545118,5.060223715266964,5.953324094380916,5.060223715266964,5.953324094380916
2019,Uganda,4.43200016021729,2689.4100914491924,32.5735656593236,10.9721855213314,57.55453728,68.216,52.3647881403319,1.1032182336017229,5.337216491653422,3.4208428620761993,1.912418661698621,6.25480138531773,3.7104388590369726,2.866637562587538,2.328489186067466,4.022593203777082,3.2582789470218287,3.383139349538328,3.1542623503036573,3.383139349538328,3.1542623503036573
2019,Ukraine,4.56069993972778,17636.5546875,16.290163233447,4.04827159044446,63.47307784,74.096,72.46127107389138,2.0119607881331802,7.035781585175844,2.02737757462113,1.3331282110060756,6.949034475520807,7.2868343530214625,3.4089221580648594,3.18669857544716,5.266201320449533,5.667477453788151,4.886014559954704,5.6625681896290985,4.886014559954704,5.6625681896290985
2019,United Arab Emirates,6.79080009460449,72822.94664389215,55.0277222030034,0.68245938100401,69.6863442,90.366,68.55592296918769,5.367131568716671,8.818930192313733,5.342375406956203,1.0515269532181317,8.869982158786797,6.5918336700522415,3.6626958919263357,3.5883161080015595,6.346821816523045,7.76092574398381,6.410272245002534,8.206561480318143,6.410272245002534,8.206561480318143
2019,Uruguay,6.44010019302368,30010.562883429426,11.1840764177385,11.5977676357818,66.81174318,86.243,77.68756529973294,2.764264196018395,7.993946921374393,1.5904200797234538,1.9647580969721534,8.383192527680116,8.21691227667267,4.00348608909732,4.127644256836883,5.857422656963484,6.812829869876441,5.564373053823827,6.7947517265819215,5.564373053823827,6.7947517265819215
2019,Uzbekistan,6.25759983062744,9169.011475083513,32.5487636954353,1.20128497449438,63.62098233,85.364,69.75856482753358,1.4971589943852353,7.078228773184846,3.4187204140254073,1.0949345857918318,8.279411764705882,6.805857334654909,3.4257413224235744,3.213316268250077,5.733385492164324,6.572537008957156,4.822764854938418,5.55700413259471,4.822764854938418,5.55700413259471
2019,Zimbabwe,3.2992000579834,4993.865469282076,16.5336648957629,5.1730796210621,51.95162108,34.053,56.55037762896825,1.2433223620791385,3.729232600561988,2.0482154256427076,1.4272354684767963,2.22128351786745,4.4553116527649905,2.421513713608493,1.6240445645225763,3.103589119852245,1.4779244792268726,2.991786378405919,2.5010923892016854,2.991786378405919,2.5010923892016854
2020,Afghanistan,2.523,2769.68574507111,34.1641257733592,6.57810893906391,51.65582147,84.415,46.98659947330448,1.1080987579099135,3.6443409136452467,3.5569563258690633,1.5447874881849972,8.167366322086373,2.753329608719583,2.5203485803753063,1.7804587635700528,4.0013733588600235,3.217170483670222,2.652658650197382,1.9350866057228475,2.652658650197382,1.9350866057228475
2020,Albania,5.117,16457.71897449906,15.7141751458801,2.12398982086583,67.15342179,67.898,73.62407707325353,1.940291034066011,8.092005446827713,1.9780869297656891,1.172132845568906,6.217256126357768,7.493768777828318,3.341218490713639,3.0795520263826166,5.1884988421891585,5.5169471604527915,5.192558724552151,6.174191851222322,5.192558724552151,6.174191851222322
2020,Algeria,4.887,14194.1557479619,15.3457911307566,1.48494311952627,64.14079841,79.778,71.81524620575503,1.8026730284590853,7.227411065607907,1.946562170744063,1.1186668933159212,7.6198903290129625,7.171866951260505,3.2867548653467966,2.993358918447584,5.31117307483706,5.754599660586701,4.828894186999509,5.567234016814931,4.828894186999509,5.567234016814931
2020,Argentina,5.929,23877.093140485536,16.0292286761716,5.35272149985868,66.15404009,86.048,73.07000434810288,2.391367223855774,7.805192362839133,2.0050478895620105,1.4422652371842182,8.360169491525422,7.39516529561107,3.5623410635108805,3.4294964462703907,5.5911736109732635,6.29703490566864,5.212476279186252,6.207434344176848,5.212476279186252,6.207434344176848
2020,Armenia,5.283,15052.93597911361,27.1586984360582,2.59435451162573,61.03095047,76.988,74.36000555555557,1.854884347886885,6.334914156361989,2.9574612349165204,1.2114859883751248,7.290483811722726,7.624735540355941,3.599938708824583,3.4889977717660665,5.761820529925641,6.627623213040251,4.8976961264745835,5.682064779439881,4.8976961264745835,5.682064779439881
2020,Australia,7.183,57260.46505301084,6.81304835611171,0.858459424254959,70.73290197,82.202,77.88303752228163,4.420978329556677,9.119282361645942,1.2163658301834623,1.0662520271278373,7.906084378443616,8.25169876036902,3.470542961402752,3.2842184984668257,5.613146047861482,6.339601339122577,6.159019495370141,7.787219451997044,6.159019495370141,7.787219451997044
2020,Austria,7.268,60276.33076973262,10.2641161409981,0.728584791296886,69.92110503,58.724,85.77326432109558,4.604334120217972,8.886304327393475,1.5116937375286472,1.0553860436088633,5.134110825418482,9.655853490482079,3.7718104863532345,3.7609988104727528,5.7729601034793525,6.649203519257151,6.607722862140482,8.536107494859372,6.607722862140482,8.536107494859372
2020,Azerbaijan,5.171,19126.096851125996,24.5574389862394,2.15091148557269,62.99997082,78.928,72.68967606646827,2.1025205831600804,6.900004350648889,2.734856360813139,1.1743852512800546,7.519533504748911,7.327481594081312,3.4739649707218234,3.2896341059774663,5.605872813833936,6.3255111572368135,4.979940038401674,5.819330257708389,4.979940038401674,5.819330257708389
2020,Bosnia and Herzegovina,5.813,16747.035391869464,26.8199216959582,1.3032872085846,65.8717719,51.193,72.71815115815558,1.9578806237364375,7.724184065323005,2.9284701423192914,1.1034686202624482,4.244949362438999,7.332549057375163,3.306215659868928,3.024157205404235,5.0181546836269115,5.186945380195336,5.1880572604915045,6.166678886399578,5.1880572604915045,6.166678886399578
2020,Botswana,3.467,16289.391358264542,13.3194834274843,9.3410798076921,56.29608445,69.2,62.36559253472223,1.930057208669315,4.976052446697972,1.7731592557779825,1.7759519214397255,6.370979167759878,5.490194644691894,3.0589984113058675,2.632915843022026,4.3104080730197,3.8158526263090096,3.7708539059677317,3.801359780045619,3.7708539059677317,3.801359780045619
2020,Brazil,6.33,17327.51572494663,13.6658296866126,21.8129091470528,63.27264316,79.25,72.60170351837705,1.9931721255578079,6.978258730085478,1.8027981160672946,2.819409669625986,7.557551031117175,7.3118258882730895,4.17747735430451,4.402999556832874,5.410752283636587,5.947510978813468,4.919210857756816,5.71797296777961,4.919210857756816,5.71797296777961
2020,Bulgaria,5.266,28521.20624825962,20.4975477456356,0.995146569224991,64.37926353,60.106,74.97301923436041,2.673715680577515,7.295848296838884,2.3874278955168426,1.0776879806367832,5.29727921498662,7.733828229155101,3.3772638974055758,3.136596808264722,5.233375973389208,5.603886057059875,5.284998005631728,6.328473448861231,5.284998005631728,6.328473448861231
2020,Cameroon,5.142,4763.481943880655,53.4777342537613,4.58593823145619,54.36933648,74.183,55.77085835667601,1.229315719402345,4.4230940251615,5.2097339388678,1.378112183063356,6.959306291651362,4.3165874181754385,3.0692975967490144,2.6492151399668185,4.949331102328222,5.053615863386799,3.591536871891102,3.502078801460367,3.591536871891102,3.502078801460367
2020,Canada,7.103,54092.8576890836,6.02639529210685,2.00409191032713,69.62553122,76.243,79.47900395127748,4.228397091772409,8.80147744293846,1.1490473601677014,1.1621015662482284,7.202524006926589,8.535718962514926,3.5556839656276167,3.418961048515992,5.583580537127235,6.282325109289563,6.110998175514554,7.707071641872136,6.110998175514554,7.707071641872136
2020,Chile,6.172,26258.40385532415,20.0102686850355,5.75613878004137,68.34494597,81.763,78.02294318818436,2.536143931422203,8.433961603031857,2.345728597145949,1.476017213362272,7.854253030382537,8.276596549438462,3.8568759908404235,3.8956218760587626,5.985005002895017,7.05999068620372,5.729278841238232,7.069980266279181,5.729278841238232,7.069980266279181
2020,China,5.339,19215.10124910116,33.6907047751319,0.5018560705357,68.51324163,83.644,73.10427308410542,2.107931789525332,8.482260863731241,3.5164429423556935,1.036416746164424,8.076336779136275,7.401263803167302,3.5696590820417926,3.4410778045963735,5.981392483475905,7.052992278688114,5.525994894767267,6.730698397471876,5.525994894767267,6.730698397471876
2020,Colombia,6.012,15861.499929129526,19.1676132940414,22.6427030734102,66.36999036,81.463,69.26705427383077,1.9040426646956785,7.867168045330486,2.273617682858701,2.88883452128932,7.81883297475993,6.718387495513398,4.128607891444709,4.325659665141304,5.351041533343306,5.83183543077235,5.025122116418996,5.89473935976704,5.025122116418996,5.89473935976704
2020,Costa Rica,7.069,22368.13780726379,17.9677813432914,11.3222838436969,68.80789472,73.671,72.48788180969358,2.2996271650522955,8.566823510265257,2.1709410965764198,1.9417096980942503,6.898856063388782,7.291570033186457,3.7428737831885357,3.7152041289332947,5.33659039699184,5.803839749775843,5.409880065393468,6.536902197673034,5.409880065393468,6.536902197673034
2020,Croatia,5.882,32493.40170100552,15.5363694697733,1.01164453441337,67.73166145,54.39,81.44941321195147,2.915213514470168,8.25795475345311,1.9628710657166888,1.0790682857337102,4.622409088523902,8.886375484080293,3.6081254237067806,3.501953912579715,5.475000555051015,6.071976907813774,5.879380676056098,7.3205009390253934,5.879380676056098,7.3205009390253934
2020,Cyprus,6.223,43402.359375,16.8829450553339,1.15185477415008,70.93251625,75.671,74.98782640235582,3.5784461473143385,9.176569769705308,2.0781053568272068,1.090798999572665,7.134989767539487,7.736463331479849,3.4288702439888046,3.2182680406004414,5.502232931225105,6.1247332376694095,5.9476855793790815,7.434502145960021,5.9476855793790815,7.434502145960021
2020,Czechia,6.965,45119.93873091392,12.7679260152194,0.729848861096918,67.69540769,60.066,82.32466644293207,3.682869934846045,8.247550267647753,1.7259592856532922,1.0554918022262403,5.292556540903605,9.042136654914179,3.637589886932165,3.548583817253293,5.601086548056366,6.316238891955077,6.068962790448986,7.636914385243326,6.068962790448986,7.636914385243326
2020,Denmark,7.62,65379.306612099535,7.56699784427867,0.823111601929511,70.24159362,64.79,85.99252254477548,4.9145800854527,8.978281517771336,1.2808856653369325,1.0632946454893157,5.850304350107573,9.694872960992432,3.787490625613664,3.7858139036033935,5.860555035232238,6.818898116735348,6.6833570333529995,8.662341284591214,6.6833570333529995,8.662341284591214
2020,Dominican Republic,5.545,19545.409955294315,12.8896641072094,8.72977662309348,63.74390426,85.517,71.84863563152534,2.128013590134209,7.1135062030528635,1.7363771209995154,1.724807135289768,8.297475993073412,7.177808975656837,3.602281703194583,3.4927057505365644,5.416358193706337,5.95837111231376,4.87869802096549,5.650356851426763,4.87869802096549,5.650356851426763
2020,Ecuador,5.764,12440.326374781402,18.7426731318293,7.81941728300383,63.51526577,77.484,69.21118081232491,1.6960453461914335,7.047889121575993,2.2372530859641913,1.648641764420528,7.349044970352101,6.70844418370986,3.4584414535277745,3.2650668799798273,5.173687152393963,5.488252991880821,4.687589340358844,5.3313955589728,4.687589340358844,5.3313955589728
2020,El Salvador,6.061,9692.449316057988,31.1858574816377,21.5087446038674,62.57983737,76.073,67.07161646294881,1.5289824799806881,6.779430029064591,3.302088616240582,2.7939616907710567,7.182452642073778,6.327684608838157,4.0927374040931666,4.268891707313509,5.366082865978923,5.860974478386855,4.680038561983991,5.318793274127174,4.680038561983991,5.318793274127174
2020,Estonia,6.189,40916.71941133273,6.38391649561802,3.1586796568621,68.07439019,65.016,81.97943282403872,3.427326527395409,8.356314656271941,1.1796425253298837,1.2587003487765165,5.876987458676602,8.980698443906604,3.67102928521815,3.601504379304257,5.532214584884899,6.18281564663666,5.94876469305553,7.436303191793483,5.94876469305553,7.436303191793483
2020,Finland,7.842,55424.8574989208,4.95233131104412,1.75419179501202,69.98030861,60.872,87.5235258075258,4.309378773728351,8.903295194209388,1.0571334692637773,1.1411936300904395,5.38771842367634,9.967332235994837,3.84835834218351,3.8821420056848566,5.824187663509858,6.748444879518618,6.573961372219528,8.479759408387448,6.573961372219528,8.479759408387448
2020,France,6.69,49311.33340963903,8.77800001489545,1.04999178555921,70.08042993,62.111,83.71220511416688,3.937694438811878,8.932029064923857,1.3845181521878114,1.0822766151007173,5.534003253397702,9.289064789948524,3.6818977172516707,3.618704555183848,5.653198314757127,6.417193194871945,6.334180862913952,8.07956460347016,6.334180862913952,8.07956460347016
2020,Germany,7.155,60299.57677108095,9.06086572629572,0.935085587265765,69.24162344,73.023,83.79395171886938,4.6057474089241985,8.691299545595523,1.4087246134382672,1.0726629682441553,6.822348743243952,9.303612519005052,3.7484661468938394,3.7240544984269985,5.920552496373595,6.935129099674164,6.436458946772739,8.250267209514837,6.436458946772739,8.250267209514837
2020,Ghana,5.088,6412.685417624688,30.1543666247493,1.74047705817606,58.02110423,76.842,62.08858294287413,1.3295824538305565,5.471116788023314,3.213817954752961,1.1400461842726353,7.273246051319725,5.44089766773571,2.9800666699403395,2.507999955451293,4.875567480917304,4.9107161796565535,3.9224906160253834,4.054442166831631,3.9224906160253834,4.054442166831631
2020,Greece,5.723,30487.112933104487,14.4453432380952,0.72901495405944,69.46651581,67.182,78.11894535268652,2.793237041415116,8.755841526107275,1.8695056165443238,1.0554220332504272,6.1327202602718165,8.293681215928288,3.487984658593053,3.311821400006483,5.482714472920497,6.086920811092728,5.7872781456774085,7.166781379900115,5.7872781456774085,7.166781379900115
2020,Guatemala,6.435,11097.150390298591,31.9662189623904,18.1882859775834,61.05037089,72.91,59.44452082590612,1.6143841855944652,6.340487632995145,3.368868678948354,2.5161549483236376,6.809007188959438,4.970357032729949,3.555341642518016,3.4184192944088108,4.702164119411096,4.574787912537458,4.171029801819862,4.469255244263897,4.171029801819862,4.469255244263897
2020,Haiti,3.615,3210.53609854862,15.8597316710366,11.3840030566048,54.73509414,82.552,50.75853226381462,1.1349011664777076,4.528063009941835,1.9905430467284342,1.946873446664595,7.947407776669991,3.424587533809836,2.6704711751041312,2.018039955123019,3.7917567461178097,2.811087551561981,2.883509526604672,2.3203778110687496,2.883509526604672,2.3203778110687496
2020,Honduras,5.919,5603.263983777774,36.5355643898854,35.7028493255269,61.29582849,59.065,60.70173606230372,1.2803720045196627,6.410931639768967,3.759894096921653,3.9815139052356905,5.174371621976176,5.194092644642052,4.351806672613849,4.67888985330266,4.68027219428592,4.532377451706006,4.312756198846009,4.705797271694604,4.312756198846009,4.705797271694604
2020,Hungary,5.992,36119.52117356523,13.5188812207119,0.820558561392627,66.09802497,62.551,80.72474288523975,3.135670943737347,7.789116553849245,1.7902228826534232,1.0630810449133972,5.585952668310857,8.757412237145772,3.58476314063052,3.464981203303794,5.554289316284985,6.225580251670483,5.743457884069399,7.093645155874113,5.743457884069399,7.093645155874113
2020,Iceland,7.554,60617.14326885096,4.46377481487081,1.36383225954273,71.36480723,75.86,82.2509553688142,4.625054520631231,9.30063318727063,1.0153248533140593,1.108534132371182,7.157304402581729,9.029018939033074,3.6459159623764963,3.5617605074683625,5.7468202618463025,6.598563718354308,6.461844246270346,8.292635394525508,6.461844246270346,8.292635394525508
2020,India,3.819,7186.864470996788,52.1933674059995,2.93529734667461,60.35599285,83.392,64.87300560224091,1.3766502697672531,6.141207711113099,5.099823210636332,1.2400110293486715,8.046583932413286,5.936417042206865,3.4959614429167885,3.3244453086713808,5.832663773721566,6.764865351362976,4.541722721523156,5.08794348174621,4.541722721523156,5.08794348174621
2020,Ireland,7.085,101793.4475258714,7.81294532464159,0.622164323030526,70.10420776,54.811,79.05118185637892,7.128453057805728,8.938853076963358,1.301932819209279,1.0464823568154842,4.6721152332476255,8.459583201970121,3.3724709490508276,3.1290115784515167,5.091929991185132,5.329867703090004,6.826012185607241,8.90043340889343,6.826012185607241,8.90043340889343
2020,Israel,7.157,42926.54154185844,21.4862164788286,1.67038317453709,71.22294813,93.562,74.39141846943905,3.549517818535414,9.259920968943197,2.472034019253446,1.1341817674342232,9.247323818019625,7.6303258221996435,3.585084300429474,3.465489464754059,5.996110202375496,7.081504400730849,5.990984202843148,7.5067677534548585,5.990984202843148,7.5067677534548585
2020,Italy,6.483,45505.06887089558,15.4110266691012,0.475691584209703,70.48039507,76.752,79.88737055852643,3.706284717849246,9.046815272527345,1.9521447545195025,1.0342276899128273,7.262620034632943,8.60839239989635,3.6349475530939683,3.5444021094771023,5.867867390390755,6.833064086619801,6.185342863323985,7.831153277701072,6.185342863323985,7.831153277701072
2020,Jamaica,6.309,9891.969329615484,22.2580622432181,47.0901768054208,63.75281798,72.356,70.00075469399883,1.541112711653719,7.116064356282017,2.5380853426695404,4.934236618697604,6.743598152909692,6.848957749288586,5.20578256924397,6.030376026622446,5.391894161595193,5.910977798582939,4.92850533995559,5.733485502560347,4.92850533995559,5.733485502560347
2020,Japan,5.94,44212.55034157237,11.2359883823418,0.251772416452194,73.63807718,91.126,80.29799877997822,3.6277033819580584,9.953040135584837,1.594862487936822,1.0154934542039886,8.959712966364066,8.681468316998771,3.6759781215005916,3.609336314416402,6.123328349647609,7.327959667733807,6.3726980266238815,8.143849932004594,6.3726980266238815,8.143849932004594
2020,Jordan,4.395,9872.309451232495,34.5689113833928,0.993996674252794,66.65636387,93.465,68.25399640098463,1.539917448706423,7.949354530810193,3.5915961807157863,1.0775917744760277,9.235871333368316,6.538102436502294,3.4141245170625547,3.1949317308345373,5.856886171440204,6.811790555236836,5.004967671537521,5.86110149586844,5.004967671537521,5.86110149586844
2020,Kazakhstan,6.152,32011.5491499004,20.087431214828,3.11054491665357,62.47886209,76.684,70.77820897817462,2.8859182925376485,6.750451079916923,2.352331842828019,1.2546731474525687,7.254591488691819,6.9873144959839015,3.347613565066629,3.089672750632005,5.290916093126791,5.715356518447554,4.97122577451403,5.8047861100351135,4.97122577451403,5.8047861100351135
2020,Kenya,4.607,5057.401155374287,22.7039455998975,3.56012051055805,58.37011157,75.34,62.42224701213819,1.2471851454564131,5.57127858958527,2.5762421703113683,1.2922869668923975,7.095909639502545,5.500276947073577,2.9701383577946547,2.492287595603381,4.678495081043885,4.528934712380275,3.8612819806028327,3.952284664609613,3.8612819806028327,3.952284664609613
2020,Kuwait,6.106,49372.81879385524,56.6337832700639,0.249991818449578,67.66835431,96.17,60.07414355107856,3.941432569848206,8.239786203776946,5.479815377298358,1.0153444801656437,9.555242168232146,5.082405488405579,3.2695160058899058,2.96607702408531,5.860209351793983,6.81822843630138,5.4845664769291345,6.661554172018445,5.4845664769291345,6.661554172018445
2020,Latvia,6.032,34225.897604405814,14.0098212612214,3.68203328189884,65.80990113,57.137,80.91374617180205,3.020544184341873,7.706427740234755,1.8322354723309116,1.3024868198888568,4.9467387311748965,8.791047500820733,3.69234280038407,3.635234747064343,5.469304012035435,6.060941194277595,5.7235092566050865,7.0603508022188946,5.7235092566050865,7.0603508022188946
2020,Lebanon,4.584,12507.436636807848,26.0680786310559,2.24466989542556,66.00251747,89.624,64.24763573942397,1.7001254533020118,7.761706805782977,2.8641305660345284,1.1822295647770202,8.782376554546886,5.82512543128935,3.132798218718534,2.749710028555206,5.23618961453932,5.6093368256473015,4.676992293755978,5.313709038036568,4.676992293755978,5.313709038036568
2020,Lithuania,6.255,43108.19760602826,11.4345904384498,3.6126075712028,65.08668332,57.927,78.09526330956626,3.5605619744769728,7.498871077468602,1.6118580189668674,1.296678305854713,5.040011544314426,8.289466729613261,3.5180001235018614,3.35932330956868,5.199387088540517,5.538040579271242,5.612727627898734,6.875455739576175,5.612727627898734,6.875455739576175
2020,Luxembourg,7.324,129865.63187112364,8.14727031655208,0.475739656230524,71.31500432,68.717,78.43055825216452,8.83515953603988,9.286340223722563,1.3305429498669623,1.0342317118667228,6.313952878207482,8.349136241230227,3.4202868612936204,3.2046841407753646,5.375370237273363,5.878966577951322,7.290786124233696,9.676143312245973,7.290786124233696,9.676143312245973
2020,Malaysia,5.384,29200.452632127035,13.6599055069719,0.746542626101193,66.99996633,82.282,69.21449757236228,2.7150118686263687,8.047965182995101,1.8022911496194935,1.0568884889484629,7.915529726609645,6.709034438516707,3.1161308849731695,2.72333262002195,5.118508806018302,5.381357911419481,5.095517538213904,6.012229651925778,5.095517538213904,6.012229651925778
2020,Malta,6.602,50389.6963309289,10.4163973243993,1.35081285163347,70.93989204,95.106,78.70111255835668,4.003255741809099,9.178686551588298,1.5247253225409378,1.1074448613677021,9.429619037623969,8.397284427395078,3.6551466394819982,3.576368803238411,6.074825405648726,7.233996610811545,6.167336567680235,7.801100685047471,6.167336567680235,7.801100685047471
2020,Mauritania,4.227,5963.235497249875,45.4453206008517,0.999971522550119,60.55111844,59.122,55.05373131737544,1.302257216816172,6.197206907649309,4.522353666178437,1.0780916611871458,5.181101432544472,4.188966584199255,2.6866025738099046,2.043569202954476,4.313988839885217,3.822789520713143,3.9182049609519507,4.047289388229974,3.9182049609519507,4.047289388229974
2020,Mauritius,6.049,22272.539869667697,14.1375462211663,2.72750722204948,63.80634809,90.878,67.37273466566114,2.2938150908155905,7.1314269909343695,1.8431656387279522,1.2226262328094497,8.930432387049379,6.381271984644037,3.164647326771472,2.800113827229113,5.19670709225252,5.532848716200698,4.671641470189094,5.304778488177877,4.671641470189094,5.304778488177877
2020,Mexico,6.317,19728.48178274552,16.7237606198387,29.0010048931398,61.59445373,77.326,68.94824979203803,2.1391438203311335,6.49663425573765,2.064483020452765,3.4208029373551976,7.330390407724194,6.6616526471364415,4.330606876396721,4.645339455009562,5.194998418560081,5.529538562420591,4.701608218835336,5.354793133501716,4.701608218835336,5.354793133501716
2020,Mongolia,5.677,14801.342082918463,40.2206027753218,6.2295157189674,63.41105649,70.496,66.94213236607143,1.8395881768714988,7.017982045053551,4.0752442269955065,1.5156223764297438,6.523993808049535,6.304641455359715,3.5123138751917624,3.35032436006731,5.3933211205573635,5.913742196269629,4.855600750940349,5.611807398434931,4.855600750940349,5.611807398434931
2020,Montenegro,5.581,20904.599931451263,19.452509792424,2.96084285326556,66.07260301,81.775,73.32517569815806,2.210648354459213,7.781820692069271,2.2979979303420386,1.2421482985542038,7.855669832607442,7.440575911466012,3.491566854716182,3.317490516136848,5.590806488085456,6.2963236913389435,5.20993771434791,6.203197467446575,5.20993771434791,6.203197467446575
2020,Morocco,4.918,8054.56298828125,17.6745548244128,2.93295948896857,62.38086268,78.102,69.5598847805789,1.4294037948364209,6.72232617727846,2.1458480008749166,1.2398154320813304,7.422010284934671,6.7704999824743055,3.2553575949487294,2.943670189538003,5.164312278493998,5.470091376579249,4.522964540574888,5.05663598896068,4.522964540574888,5.05663598896068
2020,Myanmar,4.426,5926.83450206681,36.8841217490584,2.96322722719558,60.68569606,69.363,61.81729199558611,1.3000441430656922,6.23582941017066,3.7897221738794964,1.24234778760943,6.3902240646481605,5.392618387990724,3.062448596890212,2.6383760417595195,4.8635919735342785,4.887516448070567,4.191567810646355,4.503533278202149,4.191567810646355,4.503533278202149
2020,Namibia,4.574,9652.248272194623,14.4300441951521,11.1039385450139,55.71828677,41.765,66.26079822595705,1.5265383744152095,4.81022998414713,1.8681963886130277,1.923441801100841,3.1318150810725722,6.183390370945648,3.186233356996107,2.8342754721895593,4.013293980676459,3.2402638873677847,3.8628386434279554,3.9548827422324613,3.8628386434279554,3.9548827422324613
2020,Nepal,5.269,4412.5420439395,51.1333778512821,2.13004129984372,61.09515422,72.597,66.38486386183261,1.2079796027206477,6.353340024617462,5.0091137501112755,1.1726391435991026,6.772052264259851,6.205469248258193,3.4610219211213265,3.2691506794022076,5.667631372072316,6.445153851983824,4.621684364207537,5.221399841846607,4.621684364207537,5.221399841846607
2020,New Zealand,7.277,46326.38046729759,7.05142839254853,1.02566226716727,70.19413907,76.28,78.7240001736111,3.7562180541720824,8.964662511304848,1.2367653939422694,1.080241081757137,7.206892480453377,8.40135753632337,3.4888080436248385,3.313124473653138,5.547994414747924,6.213385359099416,6.010232974795915,7.538894044948877,6.010232974795915,7.538894044948877
2020,North Macedonia,5.101,20971.442103359343,22.5072186688488,0.587601972312729,65.09200815,70.545,72.88779010191199,2.2147121624768484,7.500399253253703,2.559407104619673,1.0435906917942033,6.529779083801229,7.362738218138292,3.3411520203003517,3.079446831558211,5.364769516088195,5.858430171580569,5.141716173744841,6.089335393286043,5.141716173744841,6.089335393286043
2020,Norway,7.392,89012.27238045036,5.35135775741965,0.576285998471727,71.20376003,64.47,84.2007173486644,6.351395093528549,9.254414165950022,1.0912804790384203,1.0426439388952198,5.812522957443458,9.376001044416,3.6556340116750214,3.5771401092936883,5.6536041248522295,6.417979356575175,6.970188187247004,9.141063838018292,6.970188187247004,9.141063838018292
2020,Pakistan,4.934,5135.014592888394,54.8397942743298,3.55316509010108,56.86688688,87.988,56.60764035506977,1.2519038148329824,5.139867338742198,5.3262933229849905,1.2917050404427775,8.58921918455161,4.4655021998512545,3.1653949504355463,2.801297002361842,5.367179041875433,5.863098061610236,3.8422562722942297,3.9205306673934706,3.8422562722942297,3.9205306673934706
2020,Panama,6.18,26881.82772216894,15.1907401233296,11.6461589453797,66.87675243,68.315,69.96331842373313,2.574046274152071,8.01260396050197,1.9332935558082123,1.9688067642182205,6.266490003673191,6.842295543332823,3.5618473637345716,3.4287151263009563,4.943040126697374,5.041428576336521,5.1604260439433425,6.120562255201556,5.1604260439433425,6.120562255201556
2020,Paraguay,5.653,14989.76671301618,19.6466878417044,7.28375188027935,64.85424131,59.376,67.46154785804474,1.8510438417706587,7.43216242177018,2.3146148734219434,1.603825226308981,5.211090412971612,6.397077292572652,3.2527820368136995,2.9395941597322324,4.63689394566555,4.448342287894141,4.740064611981127,5.418977035676973,4.740064611981127,5.418977035676973
2020,Peru,5.84,13607.764070582782,29.8567440111987,5.79501314909191,63.90066449,73.007,70.33732709023002,1.767022134240916,7.158494904580075,3.18834865970653,1.4792696441394972,6.820459673610747,6.908854598168083,3.5459300504325366,3.403524685998147,5.441257461879648,6.006607593644569,4.924962562666876,5.7275725904974415,4.924962562666876,5.7275725904974415
2020,Poland,6.166,37852.80213136388,16.4409892974788,0.69686389242182,66.44287628,60.045,81.39067763608942,3.241049342614069,7.888085614157834,2.040284636620519,1.0527321091450426,5.290077137010023,8.875922826789758,3.636323298298967,3.5465793379327337,5.624477333283382,6.361553042036216,5.866333783430243,7.298725613481621,5.866333783430243,7.298725613481621
2020,Portugal,5.929,36852.22873381031,8.74778129241256,0.78106023430457,69.38735957,70.513,80.35724042101688,3.180217414519302,8.73312443481839,1.381932160654234,1.0597764105795744,6.526000944534817,8.692011034287532,3.5492026498914,3.4087038402774663,5.5848577034864455,6.284799319005833,5.9213561599580915,7.390558220328684,5.9213561599580915,7.390558220328684
2020,Romania,6.14,35283.60603582406,16.0420354209434,1.44901611032613,65.02236491,54.71,76.75867390289447,3.0848497549302802,7.480412302878928,2.0061438370684384,1.1156610539078453,4.660190481188016,8.051605590072974,3.3980018737821904,3.1694163391744645,5.131666634422748,5.406848112166239,5.47223930818782,6.640980069044438,5.47223930818782,6.640980069044438
2020,Russian Federation,5.477,36376.3359375,12.444538795419,7.30812673633554,62.21581425,78.818,74.00280781440782,3.151284528199569,6.674958840838567,1.6982851636600689,1.6058645528360436,7.506546151020622,7.561168179035766,3.605169330215016,3.497275654683999,5.410178562080471,5.946399528109856,5.10940436911601,6.035406838428061,5.10940436911601,6.035406838428061
2020,Rwanda,3.415,2617.7070603436364,38.4056047935603,3.61247427164444,59.49526156,92.086,59.26469752886003,1.0988588996007842,5.894185981807501,3.919924311769036,1.296667153324221,9.073057144356405,4.938355451587853,3.113626387525344,2.7193690495216494,5.236531322588172,5.609998804698425,3.939504207849612,4.082837932111962,3.939504207849612,4.082837932111962
2020,Serbia,6.078,21479.07885533468,20.1427099429094,1.21601456438015,65.31375421,64.832,77.26547995580808,2.245574988202506,7.564038272590276,2.3570623645397273,1.0961669394647133,5.855263157894736,8.141797435579308,3.525796074379195,3.3716610346264635,5.514022163589422,6.147572105176989,5.373620084236551,6.476384117502874,5.373620084236551,6.476384117502874
2020,Sierra Leone,3.849,2752.626153556634,22.6716833620106,2.22431228940123,52.64918501,57.679,54.43872410661233,1.1070615847781151,3.9294268427043963,2.573481303299965,1.1805263421652763,5.0107309649997385,4.079519123934048,2.4050269028200733,1.5979528482216654,3.6370333828181263,2.511347391598358,2.963077169762053,2.453176584093775,2.963077169762053,2.453176584093775
2020,Singapore,6.377,116684.21359657156,12.2426173596677,0.177931178177524,73.8017058,99.925,72.32572592592594,8.033767963342513,10.000000000000002,1.6810055740415384,1.009315514295029,9.998583197775096,7.262712567233485,3.3337628514082582,3.0677528720104106,5.732068004055067,6.569984685324857,7.01101922663464,9.209211036010439,7.01101922663464,9.209211036010439
2020,Slovenia,6.461,42471.522803127664,13.2080480794718,0.523206714930108,69.46577502,50.312,81.33031645870469,3.521854013697188,8.755628926392381,1.7636230860519224,1.0382030515023108,4.1409324657606135,8.865180875398359,3.527105733318729,3.3737336762028005,5.307033855770669,5.746580896266786,6.115322724754932,7.714289335022511,6.115322724754932,7.714289335022511
2020,Spain,6.491,41553.44779456746,10.0910228471584,0.69421884953507,70.63086617,78.638,80.53076363636364,3.4660377457023688,9.089999053301153,1.4968811393904604,1.052510811176688,7.485294117647059,8.722891444930507,3.619074973276833,3.5192824635451463,5.822609124415533,6.745386830943722,6.108310611926626,7.7025860855235875,6.108310611926626,7.7025860855235875
2020,Sweden,7.363,59458.28052919693,5.36986329823469,1.19764105277864,70.73289273,68.832,86.84427806213392,4.55459906476692,9.119279709853444,1.0928641056096313,1.0946297164543342,6.327530566196148,9.846452449021665,3.841894208782967,3.8719119898872174,5.964905336225855,7.021052304991305,6.654886943672858,8.614824570165515,6.654886943672858,8.614824570165515
2020,Switzerland,7.571,79270.8713687141,9.12641120132556,0.543944872228796,70.8688369,76.021,80.8239074824481,5.759146481545532,9.158294399283887,1.4143337202953628,1.03993811300192,7.176313165765861,8.775059694155601,3.5996683856675338,3.488569963428007,5.758406159343525,6.621008672335908,6.671190510318236,8.64203530006178,6.671190510318236,8.64203530006178
2020,Tajikistan,5.466,3724.748959146597,31.4350206909239,0.892370798940089,62.34402703,82.778,65.95110753968254,1.166163800321244,6.711754694553467,3.3234109587075022,1.0690892281273066,7.97409088523902,6.128277425134043,3.1902358779562094,2.8406097864920437,5.345125864628747,5.820375212683894,4.4287206133641135,4.899342428387374,4.4287206133641135,4.899342428387374
2020,Tunisia,4.596,11955.59836984789,17.004974740635,4.69348024650292,66.2405825,71.252,71.87266123843476,1.666575305099264,7.830029214972713,2.0885481455060595,1.3871097042611424,6.613252348218502,7.18208460301786,3.3995759291579337,3.1719074095720616,5.175917161595798,5.492573110708536,4.992781333992504,5.84076244082761,4.992781333992504,5.84076244082761
2020,Uganda,4.636,2678.009072022927,33.4244237039788,10.0321315001,57.68586334,69.58,52.35026440746753,1.1025250850574568,5.374905827246288,3.4936557250620557,1.8337688802209473,6.415844571548512,3.707854197186254,2.8443822297761203,2.2932683154363964,4.071286672420451,3.352611100673874,3.3986567268401977,3.1801609264645565,3.3986567268401977,3.1801609264645565
2020,Ukraine,4.875,17092.5390625,15.9929635073004,3.80035686872931,62.9945096,74.047,73.43659281274282,1.9788862336193942,6.898437032225368,2.0019444685051555,1.3123863831455307,6.943249199769113,7.460403841948726,3.4434659349146197,3.241366906217291,5.332196070654884,5.795326775063548,4.889711925902873,5.668739110896303,4.889711925902873,5.668739110896303
2020,United Arab Emirates,6.561,66808.62092560282,47.9198581382905,0.687938137215929,68.60732431,90.251,70.53125961718021,5.001478203828067,8.509261701950223,4.734114210488627,1.0519853342995429,8.856404470798132,6.943367075690379,3.6702232256053238,3.600228724539404,6.310772097856532,7.691087884921665,6.259137969708883,7.9543176595312834,6.259137969708883,7.9543176595312834
2020,Uruguay,6.431,27788.174960019605,11.9353074773879,10.0324569104505,67.32914507,86.249,77.87890168752816,2.6291495280828956,8.142436364129269,1.6547072831654073,1.8337961057339278,8.383900928792569,8.250962741990826,3.9554922211558887,4.051690065175342,5.885024429748839,6.866301818866698,5.584191828281398,6.82782935495429,5.584191828281398,6.82782935495429
2020,Uzbekistan,6.179,9145.23119844239,32.3909036978102,1.33685174451114,62.81750336,85.421,71.11239417353478,1.4957132233081274,6.847637917553143,3.4052114174892325,1.1062768029374863,8.28614157527418,7.046786515580255,3.498383211926443,3.32827795470324,5.836861514155724,6.7729974870817635,4.833262451692743,5.5745246712630285,4.833262451692743,5.5745246712630285
2020,Zimbabwe,3.145,4527.739492192543,13.698771280809,5.02354351291954,52.19894576,33.615,57.02969880050505,1.2149832697239518,3.800212441614999,1.8056171195424628,1.414724504252604,2.169570236658446,4.540612254055425,2.400076744618805,1.5901188210656776,3.05529030340749,1.3843568714754575,2.993026396305597,2.50316198494528,2.993026396305597,2.50316198494528
2021,Afghanistan,2.404,2144.166570028188,39.7388328758413,4.0324584656778,50.44624351,84.122,45.85377019240021,1.0700690265867079,3.2972034935461854,4.034016379527955,1.331805203200899,8.132772734428293,2.551729878603915,2.4237968071987934,1.627657745447075,4.041379567108923,3.294673111614245,2.5509400132865814,1.7653177192822378,2.5509400132865814,1.7653177192822378
2021,Albania,5.199,18212.794718287976,15.8337516349214,2.31608568885389,66.68795531,68.118,74.24823736312706,2.046994492011305,7.95842097492663,1.9883197841972673,1.1882045794254712,6.243230833814346,7.604845131616577,3.383912907532493,3.1471194064882226,5.24639606219035,5.6291094196908675,5.218626961382053,6.217699861872951,5.218626961382053,6.217699861872951
2021,Algeria,5.122,14496.865469729872,16.8669275134746,1.55268752449532,65.54819194,80.037,71.83353217044395,1.82107689175707,7.631319681029694,2.0767346427720272,1.124334740617049,7.650469643700478,7.175121144640154,3.3118001104092105,3.032995051671984,5.359093539699112,5.8474343010505425,4.959551689894658,5.78530200755169,4.959551689894658,5.78530200755169
2021,Argentina,5.967,26300.274261175044,13.9190749120157,4.62126366336244,64.7943616,86.095,73.76310717468805,2.538689529300627,7.414977512047054,1.8244697803536334,1.3810676914036017,8.365718633572964,7.518510750338756,3.53886578963757,3.392344919886718,5.5872680874840635,6.289468871616452,5.15241836371126,6.10719739899369,5.15241836371126,6.10719739899369
2021,Armenia,5.399,15921.705281964018,30.5313936417254,3.13550776151398,64.01330853,77.074,73.64469439484125,1.907702973578068,7.190822677347312,3.246082345624615,1.2567616681641345,7.300637561001207,7.497437862427257,3.63121002205395,3.538487163232283,5.799523300436304,6.700663471621295,5.140995217350906,6.0881321136522635,5.140995217350906,6.0881321136522635
2021,Australia,7.162,58327.41468423248,5.4818683964456,0.743554074825619,70.60635821,82.114,78.11532711145065,4.485845737990587,9.082965500865809,1.1024490321681542,1.0566384512916367,7.895694495460986,8.293037309146445,3.4596038759598766,3.2669065078320205,5.593560681540778,6.301659293986552,6.160019070896968,7.78888774828233,6.160019070896968,7.78888774828233
2021,Austria,7.163,62968.85387701863,10.7703740394321,0.724875548626241,69.78945352,58.833,85.35778240127927,4.768031628523106,8.848521590732538,1.5550171652446305,1.0550757091824314,5.1469801122946945,9.581913803086245,3.7578140809362592,3.7388483628174214,5.7564085858153975,6.617138843008966,6.620581654700324,8.55756888050269,6.620581654700324,8.55756888050269
2021,Azerbaijan,5.173,20111.37569521088,27.2242211332911,1.7001534193041,64.04244286,78.959,72.83051096230159,2.1624226472597394,7.199183954162005,2.963068392545284,1.136672500086369,7.523193577163248,7.352544750083249,3.4963716204392985,3.3250944478947084,5.685870072728871,6.480487048830997,5.111693623358244,6.039227614593439,5.111693623358244,6.039227614593439
2021,Bahrain,6.647,54954.67578955323,57.5337113311962,0.0665883809268237,64.23784447,97.889,61.51280031746033,4.280793104745291,7.255262365824372,5.556827446495997,1.0,9.758199086949677,5.338430664238012,3.3561058811316364,3.103112530122983,6.035430664609974,7.157678556906461,5.394519673366842,6.511265630679532,5.394519673366842,6.511265630679532
2021,Belgium,6.805,60669.21377465336,10.7283609930744,1.08030153549307,69.79467895,78.569,80.91787897690544,4.628220254671906,8.85002123965894,1.551421864938924,1.084812485545501,7.4771475048538605,8.791782980038573,3.663144716915994,3.5890264099786493,5.869843912154119,6.836893133099193,6.350657525523088,8.107064231349206,6.350657525523088,8.107064231349206
2021,Bosnia and Herzegovina,5.768,18286.66149771745,25.6011826273789,0.986160622452258,64.98581956,51.288,73.32211767758386,2.051485375564508,7.469924133504862,2.8241755641891224,1.076936169853484,4.2561657133861575,7.440031702260937,3.3078977753005776,3.026819289611498,5.033868115552041,5.217386462255407,5.159207868735044,6.118529115013258,5.159207868735044,6.118529115013258
2021,Botswana,3.471,17960.625444743728,13.9720494964628,11.3681767255945,53.10367193,69.472,62.73142611607143,2.0316633397405566,4.059860284859353,1.829003123116635,1.9455493339567709,6.403093351524373,5.555298851045366,3.1748762229121192,2.8163018856473427,4.3719766844425045,3.9351273437339715,3.5915502216812394,3.502101082323291,3.5915502216812394,3.502101082323291
2021,Brazil,6.293,18075.706004906784,13.6869644159129,20.5048626655709,61.8265355,79.343,72.17042256599609,2.0386599002907984,6.563239525967462,1.8046067375623287,2.7099717356268007,7.568531248360183,7.235074585080587,4.100116494747377,4.280569717231813,5.373707174401938,5.875744784419436,4.792553420225499,5.506581105067481,4.792553420225499,5.506581105067481
2021,Bulgaria,5.371,30958.983023833225,20.3137843906143,1.29412653402161,62.3889052,60.263,75.49072502334268,2.82192535903326,6.724634304357674,2.371702198292684,1.102702190848505,5.3158157107624495,7.82595980546361,3.41488156848904,3.1961298261665303,5.273988928000207,5.682564113509033,5.19711947700656,6.181803768654871,5.19711947700656,6.181803768654871
2021,Canada,7.025,56995.09520207115,7.83769210708607,2.08300518200199,69.7835968,76.248,79.0186448433919,4.404844620894872,8.846840767554312,1.3040505450635382,1.1687038587045555,7.203114341186966,8.453792874029695,3.559260524815825,3.4246212437392973,5.595933744126791,6.30625654513186,6.163065478111248,7.793972216341673,6.163065478111248,7.793972216341673
2021,Chile,6.172,29106.635652205307,22.0634868594571,4.65658124495601,67.65230473,81.865,78.12857146676852,2.7093080713930817,8.235180126302723,2.5214343973711957,1.3840225429460862,7.866295849294222,8.295394291352542,3.842022880943444,3.8721156240254437,6.044686894594642,7.175610327500737,5.744821819004116,7.0959215697356885,5.744821819004116,7.0959215697356885
2021,Colombia,5.781,17383.090172829532,16.6640289062553,25.5801274097033,65.02156489,81.626,69.78374250275867,1.996550889000635,7.48018270471493,2.059371430917497,3.1345946339411688,7.838077871648214,6.810337985548983,4.249849402949645,4.5175341982257935,5.342794683633762,5.8158590972799935,4.954686907236111,5.777182662269454,4.954686907236111,5.777182662269454
2021,Costa Rica,6.582,24083.59881824373,18.054990422746,11.6205820666553,67.63481911,73.761,72.99083397419572,2.4039221634246877,8.230161918947463,2.178404083843613,1.9666668702577437,6.909482080075563,7.381076035841849,3.7828315657942397,3.77844056326502,5.381640391124698,5.891113527696432,5.375711573143398,6.479874822387464,5.375711573143398,6.479874822387464
2021,Croatia,6.125,36930.076102199,15.8311978587026,0.840847880426335,66.80261522,54.487,82.1587263305322,3.1849503062069746,7.991327283294047,1.9881012427389313,1.0647785542823178,4.633861573175212,9.012605742852589,3.641045409944592,3.5540524629039636,5.539614157321344,6.197150579503045,5.914301693126321,7.378784281797516,5.914301693126321,7.378784281797516
2021,Cyprus,6.221,47632.5703125,16.4064238159329,1.21459779542909,70.74237452,75.746,75.55387070674426,3.8356305659735606,9.122000893793103,2.03732666767652,1.0960484052465849,7.143844781445138,7.837197291063883,3.4544886206831906,3.2588112011533164,5.535881610932043,6.189919647936273,6.018831789615668,7.553245507581418,6.018831789615668,7.553245507581418
2021,Czechia,6.92,47796.0337408466,13.9271630754611,0.44631485186264,66.65716215,60.162,82.53454019695582,3.8455686630123362,7.949583629610668,1.825161931459751,1.031769880545023,5.303890958702839,9.079486053347608,3.6515610685746154,3.5706943462380347,5.648977894241018,6.409017121823675,6.0539598103628665,7.611874340470166,6.0539598103628665,7.611874340470166
2021,Denmark,7.636,69327.99821652696,7.83233153264872,0.631746832067094,70.05689094,64.891,85.84750846277905,5.154648954299554,8.925273597702601,1.3035918095852947,1.0472840790832607,5.862229102167183,9.669066071740668,3.775931987416593,3.76752142044621,5.8576966168352405,6.813360602753703,6.7209326926314485,8.725055237773343,6.7209326926314485,8.725055237773343
2021,Dominican Republic,5.737,22053.458986995527,13.666329634232,10.5362752855436,63.56255142,85.614,71.37020906332229,2.2804956156684035,7.061459655341925,1.802840899487796,1.8759481567975493,8.30892847772472,7.092667579105973,3.666515614669825,3.5943611292885906,5.410194103208322,5.946429635393259,4.893171083044297,5.674512460537605,4.893171083044297,5.674512460537605
2021,Ecuador,5.533,13507.444563837456,18.605495375963,14.1156873894402,64.34154411,77.692,69.7880820261438,1.7609230024473312,7.2850231804929875,2.2255139889369686,2.1754202865175385,7.373602875583774,6.811110252613422,3.758325368538402,3.739657516948835,5.24931174354592,5.634757867199268,4.822042869959752,5.555799136248146,4.822042869959752,5.555799136248146
2021,El Salvador,6.12,10809.71339951796,28.6065883877576,17.343956146806,62.19610022,76.191,67.56756586028351,1.596908859548724,6.669301100915828,3.081365584571473,2.4455139477152508,7.19638453061867,6.415944390200705,3.9057159255318563,3.9729150370271005,5.32004425046811,5.77178547884975,4.642997785531675,5.256972042913471,4.642997785531675,5.256972042913471
2021,Estonia,6.341,44247.41989718728,7.22114742755663,1.95231911106406,66.74032525,65.141,81.48548034971566,3.6298233486741927,7.97345065177552,1.2512892371611983,1.1577699860873414,5.891745815186022,8.892794037486242,3.6056276699319727,3.4980010144893456,5.513035654072098,6.1456609747942075,5.87501990160357,7.313222785824485,5.87501990160357,7.313222785824485
2021,Eswatini,4.396,9990.434919512049,17.8762333514337,12.5145709802017,47.46740336,23.709,56.08804613095238,1.5470991307400572,2.4423045794170752,2.1631068033830516,2.041462606572752,1.0,4.373034555240135,2.671370309124891,2.0194629076932418,2.8963569915310057,1.0764609253853088,2.7507691490764152,2.0988334927110435,2.7507691490764152,2.0988334927110435
2021,Finland,7.821,56790.376617769165,5.26109490666293,1.28133981222055,69.92942246,60.967,87.36498290990056,4.392398331366917,8.888691351039352,1.0835561628306265,1.101632387568315,5.3989347746234975,9.939117741620635,3.8245153890794987,3.8444085970742146,5.819966737418667,6.740267827037426,6.583058291607957,8.494942209902648,6.583058291607957,8.494942209902648
2021,France,6.687,52517.33549058552,9.93627290816782,1.11071518973766,70.08345936,62.181,83.51365217299042,4.132609962787088,8.932898482645864,1.4836382886287254,1.0873570491623252,5.542267933042976,9.253730057672806,3.689866718298485,3.631316146181252,5.670181932817117,6.4500949641038,6.384694135298611,8.163871494160556,6.384694135298611,8.163871494160556
2021,Germany,7.034,62630.7748127737,9.90412103549472,0.830375419597212,68.93389132,73.105,83.62776466768526,4.747477412933547,8.602983341306867,1.4808868662094499,1.0639023740446492,6.832030225114132,9.27403766140542,3.7469386210653663,3.7216370648147428,5.931256158914765,6.955864930733322,6.448064266696177,8.26963654339528,6.448064266696177,8.26963654339528
2021,Ghana,4.872,6607.502973783208,29.2960702713952,1.85431966533681,57.88251828,77.051,62.44681514727102,1.3414267898850727,5.43134393274991,3.140368552504719,1.149570845594027,7.297922023403474,5.504649123442703,2.993210884202349,2.528801741431855,4.886275722171282,4.931460880895884,3.9237779258117067,4.056590692957869,3.9237779258117067,4.056590692957869
2021,Greece,5.948,33528.227120251475,15.6616318007135,0.841244735958326,68.55281799,67.356,78.40703716153129,2.9781278650296796,8.49361890427235,1.973590490651707,1.0648117572687041,6.153263892532927,8.344950398223151,3.524158012695859,3.369068669051733,5.541879387293087,6.201538930296388,5.793549406407527,7.177248143740694,5.793549406407527,7.177248143740694
2021,Guatemala,6.262,11825.141273764038,31.1657290720303,20.2458705569498,59.25327698,73.276,60.03423888040064,1.658643896261263,5.824738698884989,3.3003661113643887,2.6883031162842563,6.852219656819017,5.075304002793729,3.6656039858893856,3.5929184027469803,4.745189908207402,4.658140268260145,4.076953141971094,4.31224085370946,4.076953141971094,4.31224085370946
2021,Honduras,6.022,6202.980788120369,30.2857858448489,38.2025965034663,60.04648065,59.444,61.1051269289534,1.3168330273773479,6.052380640721386,3.225064260440413,4.19065568310589,5.219118958912736,5.265880592939773,4.401231253034236,4.757108263592543,4.56729529185497,4.313511250218018,4.181298004315203,4.4863929228282435,4.181298004315203,4.4863929228282435
2021,Hungary,6.086,38887.19095271536,14.3835277703063,0.772570691377117,64.8387919,62.62,81.33874191364191,3.303937149302049,7.427728587402485,1.8642157080633575,1.059066131509426,5.594099281104056,8.866680280004225,3.625362368943285,3.52923277753285,5.626422606581034,6.365321551955961,5.732164996681224,7.07479727337377,5.732164996681224,7.07479727337377
2021,Iceland,7.557,62720.79168327966,5.81227571822743,0.536705993798362,71.37048597,75.955,81.80935574229693,4.752950174659297,9.30226293187429,1.1307239050468296,1.039332470992165,7.168520753528886,8.950431311554027,3.6059440170718924,3.498501659516047,5.746292496077835,6.5975412961907125,6.482155589207517,8.326535122021667,6.482155589207517,8.326535122021667
2021,India,3.777,7818.657017575041,55.6234726382873,2.92249230234054,58.14674818,83.531,65.85454614845938,1.4150614036812952,5.507175411854437,5.393357230646511,1.2389396931106036,8.062995224851761,6.111093237950389,3.5902911625499048,3.4737297466986825,6.002991934900164,7.0948361404486295,4.480496970437258,4.985757413401057,4.480496970437258,4.985757413401057
2021,Ireland,7.041,116702.85817484996,8.08642354824427,0.437512696568737,70.00318423,55.005,79.42589010270774,8.034901499021117,8.909860280522608,1.3253359386248882,1.0310334467074322,4.6950202025502445,8.526266754916163,3.3881511029962947,3.153826694822422,5.13205371034947,5.407597980820328,7.055434226889719,9.283339881653314,7.055434226889719,9.283339881653314
2021,Israel,7.364,46151.10082040303,21.2769390267208,1.9344902218508,70.75752541,93.621,74.03002527831646,3.7455615657001355,9.126349055747713,2.454124932606061,1.1562783290028094,9.254289762292071,7.56601183330116,3.5758093737954617,3.4508111405134247,5.964981059812471,7.021199001647074,5.981449500929571,7.490854290833152,5.981449500929571,7.490854290833152
2021,Italy,6.467,49825.39341118482,14.908654546733,0.50728829294141,70.56465521,76.784,79.90432436550378,3.9689477792733454,9.070997134783486,1.9091538552223901,1.0368712339869297,7.266398173899355,8.611409520806518,3.6308511145861506,3.5379191630321065,5.856824150878047,6.811670404971062,6.24848844632367,7.936543554596941,6.24848844632367,7.936543554596941
2021,Jamaica,5.85,10430.690977175882,22.2134550045398,51.9438139904003,61.72002219,72.445,69.33326413292589,1.5738654078653274,6.532671214653646,2.5342680422650097,5.340317009131444,6.754106102744398,6.73017028569156,5.381045834476621,6.307744369906494,5.363322376576523,5.855626678821184,4.768346028124601,5.466178853076977,4.768346028124601,5.466178853076977
2021,Japan,6.039,45999.46179668955,11.541008097897,0.226767585297115,73.39518386,91.175,80.60311584395997,3.7363423577845016,9.883332052887884,1.6209647959495597,1.0134014207018534,8.965498242115757,8.735767335208562,3.694575832088364,3.638768700990732,6.156220994089525,7.391681437325578,6.4002212382296655,8.189786302442595,6.4002212382296655,8.189786302442595
2021,Jordan,4.152,10056.561126123856,30.9456076388942,1.03014940057956,65.06663803,93.522,68.2049027926322,1.551119410167458,7.4931182690628155,3.2815290422999666,1.0806164985463504,9.242601143936612,6.529365675932021,3.3666319531338296,3.1197708934637625,5.75891989534496,6.62200391512255,4.8399032896019305,5.58560826116469,4.8399032896019305,5.58560826116469
2021,Kazakhstan,6.234,32945.85157258231,20.7882543073739,2.84649159527772,61.55451989,76.874,71.68163734217171,2.9427211397193913,6.485173621821795,2.4123053438549116,1.2325810808738202,7.277024190586135,7.148089749087591,3.3921374499649035,3.1601354124705305,5.383128319080754,5.893996038482465,4.971290327415207,5.804893849132707,4.971290327415207,5.804893849132707
2021,Kenya,4.543,5338.852433827813,20.7417100078724,5.25374641584713,58.21708276,75.71,61.6697580298786,1.2642965577475325,5.52736077026238,2.4083222779091127,1.433984469745932,7.139594374770425,5.36636305704996,2.981783400598432,2.5107168210641064,4.584478695339886,4.346800056765688,3.7961571141364248,3.843590954239793,3.7961571141364248,3.843590954239793
2021,Latvia,6.18,36912.013060216064,15.6506457326208,3.02293132059141,63.76267358,57.363,81.05264497495968,3.1838521262296084,7.118892820151783,1.9726503490196075,1.247342940858978,4.973421839743926,8.815766107323928,3.693534937499271,3.63712140081447,5.525640124479718,6.170079174448509,5.633367500933659,6.909903785360424,5.633367500933659,6.909903785360424
2021,Lithuania,6.446,45897.37150263274,13.1257678749685,2.57650105788629,64.22813311,58.134,77.9818516085222,3.730135567315734,7.252475297468684,1.7565818912314928,1.2099922760952824,5.064451382694023,8.269283840004167,3.4907228538904036,3.316154816322824,5.235155376193107,5.607333231873722,5.598903063119392,6.8523824755274925,5.598903063119392,6.8523824755274925
2021,Luxembourg,7.404,136772.44375329168,8.97511853947365,0.624732536382861,71.23441146,69.319,77.48438987644302,9.255073442213499,9.263210836098137,1.4013867288114277,1.046697226827619,6.385029123156846,8.180754921639714,3.3930544849590625,3.1615866947841726,5.338069655858929,5.8067054662390385,7.344294519884054,9.765449077842801,7.344294519884054,9.765449077842801
2021,Malaysia,5.711,29822.849183161838,14.1005683018031,0.708818550137325,63.9469182,82.443,69.57223991596639,2.7528517535678962,7.171769281338239,1.840001223473248,1.0537322976403092,7.934538489793777,6.7726987179781,3.139253522522112,2.7599260707989517,5.1616376718443755,5.464909954666613,4.899421642929504,5.6849446745700485,4.899421642929504,5.6849446745700485
2021,Malta,6.447,56823.9958525022,11.9224212348358,0.38140534520521,70.7127916,95.19,78.58579080298786,4.394442282240368,9.113510875896452,1.653604532572353,1.0263392154990472,9.4395366531983,8.376761622105068,3.627531370497382,3.5326653985492498,6.103005386314043,7.288588701703685,6.251250079665691,7.941152733715644,6.251250079665691,7.941152733715644
2021,Mauritius,6.071,23010.20138269057,14.2401161185035,2.65703154091809,63.63169692,90.873,67.58059019607843,2.3386627473975077,7.081303759050182,1.8519431403666815,1.2167298728181237,8.929842052789002,6.418262217454515,3.173428326475247,2.814010472010783,5.215194761339552,5.568664230880069,4.681245490982491,5.320807644338092,4.681245490982491,5.320807644338092
2021,Mexico,6.128,20782.58774409054,16.8243083628705,27.9675034061893,61.43518472,77.371,69.22481799932095,2.203230371304394,6.450925558108,2.073087474606899,3.3343348575750262,7.335703416067586,6.7108710747377325,4.301642751587519,4.599501376491874,5.215468691208928,5.569194905634769,4.716337491715759,5.379376359653106,4.716337491715759,5.379376359653106
2021,Mongolia,5.761,14792.250908642214,48.7495925005672,6.16826672303943,61.31316296,70.622,67.43628605248918,1.8390354601380516,6.415906468505582,4.8051193973286885,1.5104979686439535,6.53887023141103,6.3925816697386715,3.6458137042250245,3.5615986756434026,5.659648574755226,6.4296890579556125,4.831432770920063,5.571470925393507,4.831432770920063,5.571470925393507
2021,Montenegro,5.547,23689.97910906513,18.5616072203119,2.48405855422824,65.14714539,81.808,74.09810642135642,2.379991239512478,7.516223118996912,2.221758224642091,1.202258058116585,7.859566038725929,7.578127639534441,3.498802677096257,3.3289417923823,5.626174082217439,6.364840094399002,5.208518302818045,6.200828462885125,5.208518302818045,6.200828462885125
2021,Morocco,5.06,8623.265625,18.8808973994063,1.93752077304373,62.33965438,78.132,70.19505581232494,1.4639792472607667,6.710499785411442,2.2490817390745734,1.1565318805899498,7.425552290496931,6.883535821797842,3.2604060645990898,2.951659802542083,5.241789395910608,5.620185086234424,4.572949841902652,5.140061693458217,4.572949841902652,5.140061693458217
2021,Myanmar,4.394,5178.447182171636,36.8613783730995,28.6567343550508,59.75064952,69.369,61.69812762074527,1.25454438888253,5.967479907863134,3.78777589115004,3.391999483534073,6.390932465760613,5.3714117452844725,4.163063123177727,4.380187866077017,4.9736742847796025,5.100775059298715,4.216980776761216,4.545947638927963,4.216980776761216,4.545947638927963
2021,Namibia,4.459,9709.099306467706,14.4518731743436,11.2077806904171,52.82296302,42.211,66.87076531279179,1.5299947505665932,3.979299485937207,1.8700644211020852,1.9321297720681223,3.1844728970981793,6.291940884388561,3.2244619692269074,2.8947753540468897,4.072353276944295,3.3546773963113057,3.679360114194071,3.648656208533306,3.679360114194071,3.648656208533306
2021,New Zealand,7.2,48202.09133682335,6.64525633790746,1.15511953382508,69.98321689,76.286,79.14376391819985,3.8702557739641033,8.904129843028654,1.2020068929807501,1.091072146252767,7.2076008815658295,8.476059222665626,3.5104055069662703,3.347304212448937,5.570785604509331,6.257537933857074,6.039307038578512,7.587418795010196,6.039307038578512,7.587418795010196
2021,Nicaragua,6.165,7119.168747826008,20.0656114146273,11.3473196321723,64.61449366,64.458,64.60721872082166,1.3725345683361367,7.363357116574458,2.3504645958384973,1.9438043216459182,5.811106155218555,5.889117272978061,3.3184973352430323,3.04359395358273,4.562403653637313,4.304034850593711,4.478897100420771,4.983087222771322,4.478897100420771,4.983087222771322
2021,North Macedonia,5.199,22144.192425273224,22.1217769876626,0.756303996391349,63.71234821,70.672,73.4850245603355,2.2860119426131282,7.1044499155312915,2.5264226220757937,1.0577051756738043,6.544773574014797,7.469022816941959,3.374396184818833,3.132058420325049,5.404961679714954,5.936293044373959,5.082742324347412,5.990907759517242,5.082742324347412,5.990907759517242
2021,Norway,7.365,92205.76986360487,6.32535191211004,0.536233629966067,71.15530529,64.682,83.74141520407697,6.545550374631427,9.2405081144251,1.1746308138915575,1.0392929505908381,5.8375531300834345,9.294263054454742,3.64450998072766,3.5595354273860775,5.648205257238906,6.407520319183997,6.999887675645415,9.190632424723555,6.999887675645415,9.190632424723555
2021,Pakistan,4.516,5367.273647147621,58.590150324952,3.78657227562101,56.89014881,88.222,57.12184421330304,1.2660244841637893,5.14654329236715,5.647233064904916,1.3112330927906783,8.616846827937241,4.557010568139118,3.2513816413128414,2.9373779201825476,5.512838314114007,6.145278674995755,3.923240362308218,4.055693496926247,3.923240362308218,4.055693496926247
2021,Panama,6.309,30932.76277805141,14.7545659474275,12.6570480772218,66.73552793,68.434,68.83136441303793,2.8203312449883264,7.972073866365023,1.8959675991372626,2.053382977416468,6.280539959070158,6.640851577409433,3.543163106182595,3.3991457721307894,4.850650923849286,4.86244620515474,5.146223256663827,6.09685773600995,5.146223256663827,6.09685773600995
2021,Paraguay,5.578,15400.944633242812,15.7732462771943,7.85436422886151,60.87813875,59.646,67.67645330537518,1.876042253419958,6.291058639813306,1.983141989440824,1.6515656066603794,5.242968463031957,6.435322137504291,3.239680659792804,2.9188601671628156,4.560385989352587,4.300126100146724,4.41214541168545,4.871678338334901,4.41214541168545,4.871678338334901
2021,Peru,5.559,15285.770685239548,28.9466302805559,8.60480803979216,62.98693141,73.212,72.13853574399457,1.8690400151629192,6.896262163459057,3.1104649436306064,1.7143516172596995,6.844663378286194,7.229399965949431,3.7475480973330657,3.722601610479336,5.575722078611159,6.267101192471561,4.977936050815504,5.815985592942155,4.977936050815504,5.815985592942155
2021,Poland,6.123,41059.5847829682,18.6068862351858,0.717659927064458,65.52082086,60.121,81.46673229809406,3.436012322996022,7.623464440267434,2.22563301283603,1.0544720129625946,5.299050217767751,8.889457610532224,3.6695462767677354,3.5991573980562377,5.689445045705952,6.487412718937717,5.874542798718936,7.312426498851894,5.874542798718936,7.312426498851894
2021,Portugal,6.016,38657.66772234286,8.90743352046322,0.789147831496343,69.51926959,70.655,80.75614295475766,3.289982810039945,8.77098136140129,1.3955945287536629,1.060453060790569,6.542766437529517,8.763000233189953,3.572633628695713,3.4457852661190365,5.623554283266739,6.359764849524481,5.9806831697918446,7.489575280537225,5.9806831697918446,7.489575280537225
2021,Romania,6.477,37534.00026435487,16.1003744255086,1.26765356960595,63.8471267,54.792,76.89168604108309,3.2216671240803896,7.14313006584045,2.011136244406914,1.100487325724445,4.669871963058194,8.075276598240709,3.398153749051891,3.169656694116424,5.144652704937552,5.432005572360966,5.42326352230287,6.559239250599013,5.42326352230287,6.559239250599013
2021,Russian Federation,5.459,38638.4296875,12.9278827390739,6.76512531955806,60.93955704,78.9,73.80799080657903,3.2888131939427083,6.308685107426436,1.7396477112265663,1.560434245846161,7.516227632890803,7.526498298178807,3.5786523531240793,3.4553103860645265,5.407103820389489,5.940442938577113,5.039166899129311,5.918180168584813,5.039166899129311,5.918180168584813
2021,Serbia,6.178,23406.306565711737,19.0942900855095,1.1264836301447,63.87476741,65.008,78.05379704635641,2.362744780829961,7.151062687859378,2.267342990188104,1.0886763184428638,5.876042923859998,8.282087341021418,3.5492900489389205,3.4088421563643156,5.551569016391236,6.220310309834213,5.321789577806262,6.389878756955826,5.321789577806262,6.389878756955826
2021,Singapore,6.48,133990.18678210382,13.8183890637078,0.108180423309996,73.64695048,99.916,72.01087158730158,9.085920378154144,9.955586688656759,1.8158535077291806,1.0034798053843348,9.997520596106417,7.206680691325626,3.3351679344434304,3.0699765299636326,5.74854408839123,6.601903227225541,7.250752120102039,9.60932636986844,7.250752120102039,9.60932636986844
2021,Slovenia,6.63,45922.66326001342,12.7146140710229,0.425835133669648,69.35553821,50.414,80.81081648841355,3.7316732319889443,8.723992005839243,1.7213970730578148,1.0300564413976714,4.1529752846723,8.772730004317246,3.49082985304333,3.316324151167411,5.255377812026841,5.646509449494567,6.122099231204382,7.725599356359992,6.122099231204382,7.725599356359992
2021,Spain,6.476,44251.66582226214,10.2366414392856,0.607512242916661,71.10701546,78.768,80.77666078431373,3.6300814884663173,9.226649390508518,1.509342567784251,1.0452564880110093,7.500642808416854,8.766651612061233,3.630427398054864,3.5372485972284333,5.8482698292367,6.795098416859665,6.197553131000598,7.851532272244798,6.197553131000598,7.851532272244798
2021,Sweden,7.384,62190.85269838252,5.82496147194208,1.08485573554827,71.11832049,68.96,86.32735331890333,4.720731438579866,9.229893827062524,1.1318094986460199,1.0851935134769364,6.342643123261793,9.754459868601947,3.8175138282220047,3.833328058703166,5.939018267462009,6.970902192126737,6.700642525879564,8.691190853430655,6.700642525879564,8.691190853430655
2021,Switzerland,7.512,83524.98328801953,9.5328942364051,0.482369204585241,71.14915936,76.235,80.59008331043957,6.017784009801849,9.238744290715623,1.4491188336585628,1.0347863741708223,7.201579472109986,8.733448049077172,3.5916937153113055,3.47594940028828,5.755576515925026,6.615526903113646,6.7457157509671895,8.76641827943444,6.7457157509671895,8.76641827943444
2021,Uganda,4.603,2684.9203593974357,32.2662841882816,8.52084677875181,57.22439375,71.168,54.19524566197691,1.102945271060439,5.242468424925588,3.3945470025146434,1.7073269839043066,6.603334732644173,4.036189392301139,2.866924293082347,2.3289429603493073,4.214664590463272,3.6303721263708537,3.441818870857616,3.252198749116978,3.441818870857616,3.252198749116978
2021,Ukraine,5.084,17846.408203125,15.7278049885396,3.77663964401616,61.55215691,74.166,74.16608446033133,2.0247192664258744,6.484495468938663,1.9792533145372961,1.3104020774579674,6.957299155166081,7.590225097238037,3.4766236587467705,3.293841695581653,5.384803388513564,5.8972410919057685,4.827769765816601,5.565357352538748,4.827769765816601,5.565357352538748
2021,United Arab Emirates,6.576,68580.13129126764,56.3065448613774,0.44948191080481,67.27370093,90.49,69.83650471521942,5.109180838584042,8.126524420992336,5.451811686712044,1.0320348530764976,8.88462244844414,6.819727615541512,3.73474076906486,3.702332973928878,6.482339002932472,8.023458449232113,6.251657181174833,7.9418321880612215,6.251657181174833,7.9418321880612215
2021,Uruguay,6.474,29431.873883336117,11.1461992677525,9.00875836787795,64.9870654,86.293,77.61276316983671,2.729081601988831,7.47028167778705,1.5871787120833993,1.7481481909823087,8.389095870283887,8.203600395126742,3.887965015766391,3.944822781488577,5.839671586186363,6.77844134133887,5.402919377235207,6.525284776191811,5.402919377235207,6.525284776191811
2021,Uzbekistan,6.063,9705.600545656924,34.2032324656807,1.39879762685076,63.3588737,85.795,72.33838240231991,1.5297820361704453,7.0030060784823895,3.560302912585522,1.1114595158448475,8.33029857795036,7.264964929763525,3.5887362930998465,3.4712690395857964,5.989393703890483,7.068492763138705,4.970952240782784,5.8043295809430235,4.970952240782784,5.8043295809430235
2021,Zimbabwe,2.995,4827.109601659941,15.1447088758431,6.2162875596387,51.24891236,33.839,56.96252734487734,1.2331840943884596,3.5275618524095367,1.9293543947021305,1.5145156402028288,2.1960172115233245,4.5286583369433835,2.4680858163200847,1.6977486973037457,3.098987674281234,1.469010259666849,2.945746992490424,2.424252436203326,2.945746992490424,2.424252436203326
