year,country,life_evaluation,gdp_per_capita,pm2_5,intentional_homicide_rate,healthy_life_expectancy,degree_of_urbanization,sdg_index_score
2011,Afghanistan,4.258,2757.052587477253,41.9026051489319,4.19453539608613,50.93310189,79.197,37.89358036796536
2011,Albania,5.134,12153.06365917855,21.9489443809331,4.87720435898422,67.00329306,62.579,69.26289697181903
2011,Algeria,5.368,14641.964093568453,15.9157535272917,0.758738181010027,65.35785983,77.002,69.14321018589254
2011,Angola,4.178,11034.591968781438,21.5236235344248,4.35620071002768,51.05446448,71.739,51.35704564977507
2011,Argentina,6.242,29425.759387608403,15.7163051408834,6.01715853502966,65.96714709,85.301,70.78391580510993
2011,Armenia,4.474,10990.177099035007,26.4617308757386,2.42878652522919,64.57398915,76.89,71.09339866071429
2011,Australia,7.345,53257.047323760315,5.4379673679775,1.10321388892905,69.65596114,80.457,75.12525789831088
2011,Austria,7.227,61272.172466289885,16.7900255714223,0.917401680155648,69.6239956,56.31,82.90816157106784
2011,Azerbaijan,4.582,19358.077810034483,23.504172387075702,2.27956547808754,62.40031259,77.17,68.99386676587302
2011,Bahrain,5.568,53132.3284162611,54.6856108835961,0.994424592783129,64.54082046,97.786,58.10569126984127
2011,Bangladesh,4.807,4352.42643359325,69.2015582728483,2.58218128044816,61.53790024,97.147,56.60192476445123
2011,Belarus,5.566,25404.756608241158,17.2267917168315,3.93761674954488,61.84040702,72.006,75.3064911276224
2011,Belgium,7.113,56585.302500067955,16.5866346122343,,68.80474986,77.325,77.52049275854864
2011,Belize,6.451,11641.771737570321,18.1926127367792,37.8859632506156,64.39294465,59.3,66.53521445972328
2011,Benin,3.493,2732.0124964795677,38.2689360574171,,53.49516066,71.513,51.28485639589169
2011,Bolivia,5.633,9554.445025129997,30.2808785160905,,,,62.7132740981241
2011,Bosnia and Herzegovina,4.857,12487.649056603703,34.5560460093254,1.36298129441799,66.94670309,52.05,69.41800739962653
2011,Botswana,4.581,15236.718884352216,15.5405259285874,,50.75329531,69.362,57.95965178571429
2011,Brazil,6.697,18627.81045293967,15.0149383266817,26.7470983503833,63.25101288,78.427,70.07098017570665
2011,Bulgaria,3.889,22321.033168818998,30.8419877010684,1.73441146879584,64.84955708,60.141,73.38424528478059
2011,Burkina Faso,3.926,1939.866599894059,42.704603891547,0.55963484448214,51.66966859,49.145,48.12507261904761
2011,Burundi,3.678,991.6598816668724,40.8879781915218,,52.65954088,74.167,52.0121021329365
2011,Cambodia,4.101,3921.979115633081,21.1793343979383,1.82033262639221,59.15056359,65.897,54.21390772907648
2011,Cameroon,4.376,4307.851955585272,52.6477399727018,4.12706343595528,50.05536433,73.442,51.74185457940752
2011,Canada,7.499,53681.10848093447,7.40657220393887,1.76238467720832,70.02853914,75.099,77.22967282913164
2011,Central African Republic,3.568,1517.1483909101112,39.2225449652738,,42.99058628,,39.03691192956349
2011,Chad,3.919,2741.070833994096,44.8699679772776,,48.87551706,53.041,38.17532256944445
2011,Chile,6.128,25372.27414807724,23.8820538505398,3.66532251337043,68.36719666,80.724,75.0958737076649
2011,China,4.68,11404.917983554236,52.7272298089351,0.883293080721741,66.81696284,83.032,66.62370038784745
2011,Colombia,6.202,14852.369951306107,19.4233780082529,35.6322084408409,66.81985658,79.375,67.4151205818691
2011,Comoros,3.7,3293.8340766840897,11.0582673035185,,57.81647363,80.448,50.37146316526611
2011,Congo,3.82,,,,53.20388376,87.878,
2011,Costa Rica,7.251,19264.456646177645,19.3112349144129,10.282368146525,69.18762856,73.225,70.74105749936338
2011,Croatia,5.623,28769.02294908822,24.2670565479156,1.14463944324737,67.24932529,55.159,76.03317749766575
2011,Cuba,5.418,,10.5030793327199,4.72500681542416,68.49445256,83.434,76.35576169312169
2011,Cyprus,6.416,41212.6875,23.6802164434596,0.785002954663899,70.40229958,73.816,72.94358576815343
2011,Czechia,6.36,39708.16262801955,20.5894906583766,0.81939793117267,67.28853165,59.372,79.62590076069763
2011,Côte d’Ivoire,4.197,,,,,,
2011,DR Congo,3.984,,,,,,
2011,Denmark,7.856,60391.779933220576,13.4610916735072,0.825726922413442,69.0239629,63.355,83.42188172481113
2011,Djibouti,4.957,,43.7035416781021,,54.9337524,90.307,49.07448074229691
2011,Dominican Republic,5.036,15258.085814850285,12.37191949007,25.2674003329003,64.34410881,84.845,66.5506669149478
2011,Ecuador,5.425,12449.078554921784,18.9757073503174,15.2875203821371,65.87894631,76.117,65.79125485527544
2011,Egypt,4.853,,,,61.33617475,96.488,
2011,El Salvador,5.956,8945.931329700064,31.7764794212371,71.7719022936632,64.40046295,76.703,63.88268238265003
2011,Estonia,5.33,32453.100847670903,8.57915434602602,4.89694750660617,66.33367241,63.383,76.8220578134284
2011,Ethiopia,4.064,1492.5339646994307,25.2350078828693,,55.96727913,57.2,47.62315659722223
2011,Finland,7.579,55053.39068503226,6.90854689697724,2.04148255432524,68.91819484,59.196,85.36711360698125
2011,France,6.746,50085.68297791092,15.4920531594036,1.34308688468283,69.96634497,62.191,79.62488398692811
2011,Georgia,3.892,12288.682886115614,19.044926700640602,,63.45704886,64.738,67.7524304176216
2011,Germany,6.572,57950.95897296767,15.4585841988169,0.91271260058552,69.09884746,72.235,80.52063204312027
2011,Ghana,4.705,5005.367324981874,30.3930045479609,1.62099472513754,54.88318904,74.78,57.88319397334693
2011,Greece,6.133,33906.49174356758,18.8826332091494,1.65633803374762,69.21048122,67.39,74.9162777820219
2011,Guatemala,6.277,10032.093282970902,31.96363951634,38.4055692334411,61.39007406,72.983,57.22500847975555
2011,Guinea,4.171,2673.40873029955,30.5038550590595,,51.26526446,50.426,47.99501078431372
2011,Guyana,5.993,10958.85988384375,17.0102709095446,17.4227001700724,57.11145549,72.999,62.54087278499277
2011,Haiti,3.789,3300.874441051747,14.1411517955388,9.21844574684968,52.85756286,78.743,46.10721881207029
2011,Honduras,5.564,5488.433715963321,33.3998623380405,83.17933330780821,61.60674587,54.386,58.31024766997707
2011,Hong Kong SAR of China,5.424,,,,,,
2011,Hungary,4.943,28415.117344289698,23.5710586394975,1.45777335776427,65.27843027,62.676,79.20935797882673
2011,Iceland,6.888,57837.860459941294,5.11666915910621,0.940035157314884,70.84840583,73.856,81.06394617180204
2011,India,4.975,5098.674587754443,55.0258281992835,3.77728016164146,58.23393254,80.78,57.57421958450047
2011,Indonesia,5.159,9274.969551817021,19.8110740394032,,61.68660325,85.275,62.837770821662
2011,Iran,5.149,,,,,,
2011,Iraq,4.882,12267.584894064483,51.6251483019676,8.18993599583675,61.22202479,84.924,58.28358069561158
2011,Ireland,7.284,59797.05373434632,9.21023784264142,0.917110164037163,69.16682738,54.057,78.15033517528225
2011,Israel,7.199,39036.0247356871,19.8490631652087,1.9676021588745,70.60583022,92.651,71.26167528909001
2011,Italy,6.578,49473.01492356342,20.9109626019682,0.914393555930683,70.51863201,76.264,76.48993714455479
2011,Jamaica,6.208,9932.483809469626,19.9260997656634,41.0433859018324,64.02516696,74.916,66.1299253968254
2011,Japan,6.059,41640.660872125074,12.8987119186209,0.345052544691282,72.11954868,91.159,78.43885875823526
2011,Jordan,5.706,11988.496311081499,29.1117532656141,1.89828811842751,66.29735017,91.197,66.14229210593328
2011,Kazakhstan,5.594,27946.160343294392,20.658217702199,8.3206363060125,60.57142757,73.757,69.08647301587303
2011,Kenya,4.18,4307.106115568585,21.8008758316208,5.31122951314829,54.34378906,69.64,55.7781626984127
2011,Kosovo,5.42,8359.936214793357,,3.45991989727386,,,
2011,Kuwait,6.574,64844.501901940814,64.3121796188421,1.88329056827335,69.70496446,95.887,58.45833768823771
2011,Kyrgyzstan,4.828,,,,61.4557781,74.841,
2011,Lao PDR,5.161,5266.878669242057,28.6093615377909,,,,56.03000505952381
2011,Latvia,4.762,25308.732207462603,16.9893348621119,,64.37540666,58.209,78.07474125710893
2011,Lebanon,5.049,17353.19608452942,25.8236773224029,3.29669003490076,66.55678241,87.911,64.39204216763629
2011,Liberia,4.04,1601.0337404599568,21.4654808181205,3.81410073040029,51.70360633,54.932,47.47341752397929
2011,Libya,5.178,10741.920675190808,21.9932635411793,,61.77048815,75.216,55.04061938775511
2011,Lithuania,5.588,29251.87747185385,16.3104488377446,6.96681994220841,63.87498451,58.1,75.9654501145913
2011,Luxembourg,7.051,129887.62696287333,15.1964907412119,0.771331163321661,70.26109833,62.236,74.117078612013
2011,Madagascar,4.309,1614.5513777378487,14.8317787262958,,55.19191971,36.79,48.65973118580766
2011,Malawi,4.624,1533.228895724054,19.1678879677523,2.24696688131315,50.98246482,54.049,49.98040082972582
2011,Malaysia,5.823,24115.818120395794,18.2222758028205,1.81743121597224,65.22203312,80.465,66.77902511671334
2011,Mali,3.967,2623.3462700869823,41.3928404859631,,51.43213462,43.145,50.88625580357143
2011,Malta,5.96,37740.847366542876,14.6398808384871,0.70649991698626,70.10967732,94.119,75.62369248366014
2011,Mauritania,4.643,5653.217200924267,49.0196495739197,,60.33128531,55.977,50.38233023512435
2011,Mauritius,5.477,19678.602263973276,15.9689639909968,2.48781940296999,63.88767844,91.51,64.87590578179989
2011,Mexico,6.74,20457.600167778302,17.9603910904213,23.6134785680132,64.99708929,77.354,65.77566875477464
2011,Mongolia,4.562,10960.095928386429,46.1738692440549,9.68970892806502,59.21664641,65.407,64.07770566378066
2011,Montenegro,5.147,20110.48697250475,28.7991539019875,3.31917415785834,66.52035962,80.805,71.12868537475595
2011,Morocco,4.793,7503.79296875,20.0117884593084,1.33991288287498,62.59007784,76.176,65.59712670401494
2011,Mozambique,4.693,1275.5295982258067,15.6051763609066,3.58999788532633,46.38167076,50.336,48.94239365079366
2011,Myanmar,5.322,4078.6122091996535,34.0895925194937,2.13477102911342,57.68494956,68.798,54.9580255326373
2011,Namibia,4.886,10965.272975953529,19.1486949521859,14.350110071867,53.2875184,38.051,58.96043865546219
2011,Nepal,4.474,3176.650406024168,52.7488588178893,2.47228294102196,59.8589232,70.574,59.68091048881674
2011,Netherlands,7.512,62318.13911543888,15.8751816468242,0.848611455055905,,83.744,78.15838228503523
2011,New Zealand,7.372,41961.92022636408,7.14580979286737,0.889862312060794,69.0459536,74.133,77.72816826073233
2011,Nicaragua,5.115,5976.252475193953,21.7376057725567,12.682480356333,66.13089688,65.628,61.23440126050421
2011,Niger,4.122,1325.926469874159,68.6712649060334,4.83806653628145,51.30897594,51.292,44.6338641504329
2011,Nigeria,4.856,8153.531786502706,60.5981870803509,,52.23027318,79.799,50.97604202529496
2011,North Macedonia,4.369,17201.236162643956,30.0063660364587,1.47026715489338,65.62542853,71.145,68.96067143082612
2011,Norway,7.524,84670.83443983554,8.33134144870997,2.24108049961155,69.83909679,62.709,82.08130573511457
2011,Pakistan,5.149,4246.067108824967,55.1733849833434,6.80258538196207,55.7744433,84.209,52.61062204005145
2011,Panama,6.863,24999.47026554821,15.1716286040201,14.8639320731842,67.18397539,66.152,65.7283371827519
2011,Paraguay,5.398,13107.810443598915,14.3574917202928,11.2990930113132,64.69857352,62.142,62.986438866342
2011,Peru,5.258,12724.883204942871,29.706354612961,5.5180019181967,68.53336165,70.975,66.43516524064171
2011,Philippines,4.825,6388.31296959977,24.6822130997902,8.64032540631909,61.43255175,82.338,61.47265602240896
2011,Poland,5.803,28521.6612623568,25.8393780636571,1.10446216454824,66.57402172,59.827,77.57150679973618
2011,Portugal,5.327,36127.2949766157,10.2621187703881,1.07984686066494,68.86846299,70.058,77.26457915711738
2011,Puerto Rico,6.593,,,,67.956497,83.374,
2011,Qatar,6.569,149025.11632502364,98.0607408213711,0.220878544410392,64.75578356,93.005,62.26494299719887
2011,Republic of Korea,5.643,,,,70.41507353,90.012,
2011,Republic of Moldova,5.305,,,,61.5530963,57.233,
2011,Romania,5.178,26150.74762317356,22.3185237720693,1.01074789871675,65.27195228,54.762,73.91808739495798
2011,Russian Federation,5.284,34444.64453125,13.5706689279912,11.2292273482455,60.75641253,78.496,68.59202162967752
2011,Rwanda,4.204,1945.537053838781,40.2979486427098,,56.53724775,86.187,52.36889620310246
2011,Saudi Arabia,6.597,58645.44594165308,73.8628444969087,,65.41226624,82.777,53.27667158730159
2011,Senegal,4.414,3362.879405381648,40.7000713653305,,57.36160479,69.369,53.56731942110177
2011,Serbia,4.564,17986.58402835389,28.1010565404824,1.75156114676202,65.39609436,64.271,73.74627556818182
2011,Sierra Leone,3.586,2590.52839404167,24.8500575155607,2.92770708400218,48.52647717,52.971,51.37051987522281
2011,Singapore,6.549,100153.72940594527,16.7516267296423,0.30874685632986,72.25753327,99.937,70.23967571428572
2011,Slovakia,5.657,,,,66.02535594,53.868,
2011,Slovenia,5.922,38233.29056228515,21.1444823610094,0.780943418696957,68.81327766,49.548,78.85410090824209
2011,Somaliland Region,4.691,,,,,,
2011,South Africa,5.101,14434.261145604813,28.534440032251,29.3498251398405,50.83901213,,59.37319188523894
2011,Spain,6.761,42271.83467882382,12.0942948150579,0.819183054272952,70.77351418,77.264,77.46137459893049
2011,Sri Lanka,4.26,10618.492599972198,28.5251295739551,3.48421308761825,65.23811462,82.608,65.94807703081233
2011,State of Palestine,4.555,,,,,92.386,
2011,Sudan,4.424,4467.6259765625,42.2186016282076,,58.0264854,75.722,46.04990693277311
2011,Sweden,7.379,56846.136829062525,8.22573808359796,0.857210073297811,70.72455485,66.867,85.5177181690858
2011,Switzerland,7.499,76527.33615399452,14.9579088964769,0.581221136763671,70.50295163,74.36,78.69508833562271
2011,Syria,4.735,,,,,,
2011,Taiwan Province of China,5.988,,,,,,
2011,Tajikistan,4.614,2572.480748954979,32.6607402415778,1.61026778305936,62.17734621,81.092,64.45590089285714
2011,Tanzania,3.8,2779.70776367188,24.0450043955925,9.01381068307978,,,53.94507082590612
2011,Thailand,5.804,16768.168854248648,27.0474933399381,4.79225300638159,66.20724983,57.595,70.74647203548086
2011,Togo,3.007,2246.5620452267895,34.3810861525479,,52.31667002,72.281,48.22205396825397
2011,Trinidad and Tobago,6.263,34769.76202513761,14.0082614945374,25.2332824127606,64.00174931,87.022,59.18570154364154
2011,Tunisia,5.141,12068.713625766673,19.2235168460425,,65.85578445,68.825,68.22672436125966
2011,Turkmenistan,6.568,9837.563455134583,33.5785187835555,1.75950488940016,61.06037968,74.011,55.37427469474969
2011,Türkiye,5.234,,,,66.47082466,80.589,67.81522298975537
2011,Uganda,4.313,2384.465327315405,34.1383520886805,11.2518403976957,52.87313258,56.969,48.76917693452381
2011,Ukraine,5.089,17783.95703125,19.5134164241427,,61.8131051,74.319,70.42142128149628
2011,United Arab Emirates,6.977,73190.4056300014,57.1500411170482,0.708390053731386,68.87477264,90.429,62.84560887021474
2011,United Kingdom,6.936,47714.28942628269,13.017005115073,1.00772665754522,,85.49,79.85965456406339
2011,United States,7.27,60253.20357967189,9.43462500241397,4.66754631709583,,,74.09867432045078
2011,Uruguay,5.898,26099.31164877044,12.548000498889,5.98168012770136,66.55796,85.799,73.27693201112615
2011,Uzbekistan,5.225,6170.841497475337,33.5094666610887,,59.53182238,84.641,65.49302568681318
2011,Venezuela,6.922,,,,,,
2011,Viet Nam,5.425,7652.61895672271,30.8272434335264,1.53501286347562,64.51306762,85.736,
2011,Yemen,4.454,,,,58.40834135,82.004,
2011,Zambia,4.705,3335.6433950065702,22.4770513593954,5.9773668355394,50.46861683,51.868,47.49236191829004
2011,Zimbabwe,3.978,4358.944706743855,16.7654811217047,,46.89143509,36.713,56.2619012761544
2012,Afghanistan,4.04,2985.319144528449,34.3492255147613,6.37433845786952,51.25516665,79.952,39.18337201539202
2012,Albania,5.55,12463.518369846022,19.0674970188242,5.39518158737926,67.74143899,63.243,70.68286236949324
2012,Algeria,5.422,14697.539613385314,16.1392471454087,1.38925169697228,65.50732171,77.353,69.88569403276462
2012,Angola,5.589,11516.813324658757,21.343442353859,4.83370121625773,51.67331406,72.401,51.98643686444274
2012,Argentina,6.562,28825.966686536078,14.0989689010505,6.28057846262278,66.15198684,85.396,71.46274367625838
2012,Armenia,4.316,11796.274117799436,26.175282946909,2.22410225395655,64.86642185,77.08,71.09947366071428
2012,Australia,7.35,54403.8836902433,5.39664894010799,1.06333429077178,69.93422223,80.675,75.47482976402682
2012,Austria,7.369,61376.634593042756,14.2633315811578,0.960671644685274,69.64677579,56.598,83.72978076125264
2012,Azerbaijan,4.604,19523.373716135644,24.1972460640639,2.15439538519976,63.06423479,77.332,69.51730793650793
2012,Bahrain,5.312,54516.84065947874,60.1462862483855,0.739947200656415,64.79778525,97.769,59.68648031746032
2012,Bangladesh,4.804,4592.048409198117,73.0293458531385,2.65299368492385,62.28676798,97.233,57.04513740981241
2012,Belarus,5.504,25879.131940070107,16.9065715512912,3.59291188230382,63.08645628,72.177,76.21536187007437
2012,Belgium,6.967,56356.82512921373,14.7753104581848,,68.77894462,77.461,78.01204130183542
2012,Benin,3.528,2779.726480853202,38.1125116282081,,53.75975901,71.746,51.25570107376284
2012,Bolivia,5.857,9884.46163594645,26.3774150753894,,,,62.9422436417749
2012,Bosnia and Herzegovina,4.813,12626.926323775278,30.9238504274899,1.71656816607988,67.103335,52.106,69.84100025497379
2012,Botswana,3.97,14957.618914293178,17.0970022555707,,51.84741485,69.453,58.67895642361111
2012,Brazil,6.849,18832.219552707473,13.6373535030931,28.6413621085766,63.48118734,78.548,70.42088262880911
2012,Bulgaria,3.981,22618.810427891858,26.2195407538234,1.92701571481315,65.03633307,60.118,73.68201297852477
2012,Burkina Faso,4.259,2003.6646118745,41.9889050064991,0.693972911642403,52.11796699,49.335,48.80262247023809
2012,Burundi,3.706,999.2200681631589,40.4265824547151,4.96473671628838,53.34471532,75.533,51.61361731150794
2012,Cambodia,4.067,4159.163541234465,17.9326651804583,,59.57674811,66.048,55.27984775883839
2012,Cameroon,4.42,4382.1112079735485,54.6446439640503,4.22883189715635,50.52252987,73.586,52.59884257278669
2012,Canada,7.477,54034.78216803184,6.91602708094203,1.57205168149969,70.08354106,75.241,77.36738953823954
2012,Central African Republic,3.623,1577.9805325225304,36.4656988842659,,43.30782343,,39.26474270833334
2012,Chad,4.056,2886.274745636191,43.9610063101173,,49.26178693,53.073,38.39558082837301
2012,Chile,6.587,26676.811015401894,21.5652714471192,2.47729352143792,68.38526702,80.894,75.44765630676514
2012,China,4.978,12217.93438131015,48.6578207635684,0.824083830524219,67.15763099,83.131,67.4790159735689
2012,Colombia,6.416,15279.479000805788,18.5684399142815,35.9613009153726,67.04399187,79.638,67.98951726933197
2012,Comoros,3.851,3330.5244605918742,11.2597161414589,,58.30750825,81.252,50.7526112745098
2012,Congo,4.297,,,,53.29986936,88.354,
2012,Costa Rica,7.257,19970.68560136275,18.5556568857618,8.72653951862736,69.2949856,73.274,71.36743737373736
2012,Croatia,5.661,28259.163807394827,20.5974954444333,1.19739770261642,67.37374372,55.18,76.52267044817928
2012,Cyprus,6.466,39190.22265625,24.8549561269072,1.88776871744135,70.5910277,73.984,73.12684852761618
2012,Czechia,6.29,39347.0492956846,18.3649701006501,0.999301916232803,67.44204182,59.421,79.86918167700355
2012,DR Congo,4.578,,,,,,
2012,Denmark,7.693,60161.70106602562,9.66883000239718,0.840498959524879,69.25649466,63.553,84.37928850691793
2012,Djibouti,4.69,,46.8649547654421,,55.29960717,90.191,45.69681918767508
2012,Dominican Republic,4.963,15487.277635632054,11.9047106498909,22.5214243986665,64.10236522,84.846,66.84427321959087
2012,Ecuador,5.865,12961.026742376513,18.0424343279012,12.3425125579607,66.06980989,76.305,66.79248641456581
2012,Egypt,4.273,,,,61.17590333,96.531,
2012,El Salvador,5.809,9162.562126135077,28.8449690841345,42.4273897096406,65.00252012,76.635,64.51796977760802
2012,Estonia,5.426,33765.43020750718,8.66776188531885,4.76328730334428,66.44041383,63.43,77.75141982853746
2012,Ethiopia,4.561,1576.7687573393341,24.5351118806919,8.51054794891045,56.71607505,58.035,48.39472628968254
2012,Finland,7.389,53957.66809862787,6.69926003675058,1.64389487458514,69.05624378,59.486,86.38581858043916
2012,France,6.764,49935.626908161736,13.9323322128474,1.22388195514924,70.00449094,62.189,80.49067490450724
2012,Gabon,4.114,19450.402706679015,29.5648483349918,,54.33531818,79.983,58.82671981792717
2012,Georgia,4.187,13193.959697405353,18.5215256244454,,63.62084353,64.831,68.75645842882608
2012,Germany,6.672,58110.376851224464,12.9545311145046,0.814420905242925,69.19733035,72.29,81.18214186401833
2012,Ghana,5.091,5339.7132190304455,29.0418637003495,2.09468981730321,55.40156191,75.064,58.29521805449452
2012,Greece,5.435,31250.22685659556,17.7408338148344,1.50249393628294,69.20302115,67.399,75.0695663441134
2012,Guatemala,5.965,10126.83305662243,29.6585058561654,34.1624967821479,61.70783699,73.005,58.20294822171292
2012,Guinea,3.847,2762.903509385131,29.4976600174044,,51.53863423,50.898,50.11462915499533
2012,Haiti,4.341,3266.43832519352,13.6823892132522,10.2584264457666,53.20168201,79.067,49.24405142602496
2012,Honduras,5.142,5600.6077605497,28.4877328595734,82.2941714854712,60.28447761,54.674,58.59171416687887
2012,Hong Kong SAR of China,5.523,,,,,,
2012,Hungary,4.775,28179.656464434003,20.2847528931058,1.2504256741433,65.48443968,62.635,79.33833524045397
2012,Iceland,7.355,58203.63794595362,4.28469553971635,0.311681349455571,70.95868842,73.974,81.72543720821662
2012,India,4.772,5303.501977676549,53.0196291324327,3.71306379435684,58.56535664,81.051,58.33670823996265
2012,Indonesia,5.348,9708.611825310807,20.1620125202947,,61.91979631,85.377,64.0229918767507
2012,Iran,4.643,,,,,,
2012,Iraq,4.817,13357.014388232257,53.0903644919475,8.01370560566433,61.40384556,85.316,57.7897006302521
2012,Ireland,7.076,59303.03198135613,8.18207039845128,1.10866383834203,69.28346489,54.137,78.34909503862151
2012,Israel,7.301,39245.507811768664,20.7683305581639,1.68248807914477,70.60439883,92.767,71.45936921281333
2012,Italy,6.021,47795.957936054125,19.0010283847063,0.87557696185202,70.56086005,76.352,77.32928940242766
2012,Jamaica,5.374,9829.035100150444,20.6965656842447,39.7485238581317,65.1363361,74.82,66.42691471437061
2012,Japan,6.064,42394.943317506404,13.3798864588537,0.335344134410932,72.54169749,91.155,78.6264646167558
2012,Jordan,5.414,12104.1217423938,31.5006699984411,2.21427674702976,66.46730966,91.604,66.06986341142519
2012,Kazakhstan,5.671,28881.241756372758,20.7632597816078,7.31533714170016,61.05473679,74.121,69.32829153589465
2012,Kenya,4.403,4387.937900754086,21.0458966700434,5.40918613326198,54.90716869,70.414,56.21734014939309
2012,Kosovo,5.222,8431.662326946565,,4.98192116165116,,,
2012,Kuwait,6.515,64908.262639237,66.1535213079572,1.8279755171148,69.62826452,95.953,58.33616537647538
2012,Kyrgyzstan,5.042,,,,61.83159002,75.07,
2012,Lao PDR,4.787,5608.969563370594,26.4076206054393,,,,57.48667529761904
2012,Latvia,5.046,27496.545458363544,17.834456118302,3.44042305407829,64.56782742,58.098,78.74412540106952
2012,Lebanon,4.931,17323.30137642822,25.2379752530515,3.70530098694703,66.60195663,88.885,64.63045652517417
2012,Lesotho,4.898,2894.2270504814223,27.0707996930906,,42.73575573,36.833,50.13098586309525
2012,Liberia,4.196,1668.972895887763,18.6592253145268,3.08709483452429,52.01646646,55.403,47.84757402776962
2012,Libya,5.34,20601.00266410003,19.5989872312007,,63.83117625,75.185,53.72252908163266
2012,Lithuania,5.426,30932.098318026077,16.4159435450745,6.75962941837572,64.13359705,58.006,75.7332086113233
2012,Luxembourg,7.054,128897.40321850652,13.1146493036684,,70.43105011,62.852,75.42663565566379
2012,Madagascar,3.966,1617.7908288248098,13.6814418008791,,55.38585999,37.52,48.82864463118581
2012,Malawi,4.113,1518.1480384923818,18.8598593107935,1.77598671180007,52.12809136,55.439,50.3928045319264
2012,Malaysia,5.76,25006.358778153717,18.5246158481105,2.02947587841498,65.49192273,80.739,67.08456071428573
2012,Mali,4.247,2520.529310868043,44.070314828068,,51.65389321,43.602,50.53732058531746
2012,Malta,5.964,38937.14877556738,12.9665997589316,2.81287028800276,70.28808549,94.164,76.23730845004668
2012,Mauritania,4.758,5716.251954142849,54.1025855948907,,60.60371333,56.572,50.54398467023174
2012,Mauritius,5.477,20313.032894146854,15.4132045281263,2.17194008548136,64.007356,91.482,64.5060753645048
2012,Mexico,7.088,20898.93572090796,16.8850710128223,22.2285552341782,65.1809795,77.493,66.29948117307529
2012,Mongolia,4.834,12078.918532006182,43.5127011393132,7.11868784339173,59.64088763,66.033,63.59010406520563
2012,Montenegro,5.299,19576.412051459018,24.1979418272443,2.68333491176563,66.68864336,81.157,69.5507952508276
2012,Morocco,4.885,7628.64404296875,18.1645611167978,1.14824532150367,62.76038495,76.421,66.86530884687208
2012,Mozambique,4.971,1338.5159486610426,15.9840326414074,,46.59120691,50.495,49.90164990662933
2012,Myanmar,4.439,4340.999450691742,34.2629904984601,2.88136755643538,58.22744535,68.882,55.55074035735505
2012,Nepal,4.156,3316.500734520208,54.5107288886808,2.33158518920432,60.04891159,70.68,60.69238887987013
2012,Netherlands,7.512,61480.84164163235,13.057940983087,0.857217506852641,,83.766,78.71118020019196
2012,New Zealand,7.221,42693.423451657094,6.61667168493178,0.929351914175937,69.2666896,74.208,77.21701337031023
2012,Nicaragua,5.507,6275.787302480032,19.8316265447103,11.4042929452756,66.22468329,65.563,63.02318739495798
2012,Niger,4.152,1411.5200140983138,62.3698389723865,4.41784034939735,51.62439969,51.133,44.84976348755411
2012,Nigeria,5.248,8265.90551181051,59.6227203937751,,52.63054275,79.984,51.3896807274425
2012,North Cyprus,5.463,,,,,,
2012,North Macedonia,4.574,17189.995630545585,28.7826561726187,1.43048214400664,65.62949139,71.096,68.78562784541847
2012,Norway,7.655,85925.87233520574,6.94681114643302,0.538013921608383,70.13404373,62.946,82.42852330479977
2012,Oman,6.853,41964.08285785523,54.1182539525814,1.09948801917507,64.18773593,73.166,61.23684452380954
2012,Pakistan,5.292,4292.021102934858,55.9102316841118,6.66740103101875,56.00246058,84.592,53.31900569038805
2012,Panama,7.143,26926.89569280648,16.0341321648034,16.9448445310514,67.1379723,66.382,66.75131125541124
2012,Paraguay,5.779,12833.180161941267,14.1010144483119,11.0055811353826,64.85476708,62.008,64.29989319534633
2012,Peru,5.776,13393.592385167878,28.7081917720721,6.65981599009637,68.8422807,71.308,66.62467187420422
2012,Philippines,4.985,6697.5562096276835,22.5654937983005,8.46913560836537,61.27801696,82.664,61.74238426704014
2012,Poland,5.822,28952.915730530058,23.6753724603608,1.0693406632409,66.67028831,59.883,78.3715655439332
2012,Portugal,5.101,34804.63333404844,8.72868716918715,1.16045143463187,68.94101346,70.101,77.72711722264661
2012,Qatar,6.666,147077.4060926366,107.019658452499,0.367046174933158,65.25128258,93.095,62.72515555555556
2012,Republic of Korea,6.267,,,,70.55709294,90.072,
2012,Republic of Moldova,5.791,,,,61.91331387,56.831,
2012,Romania,5.033,26767.45564871809,21.3523283781058,1.05166802858503,65.18939549,54.706,74.41054449112978
2012,Russian Federation,5.464,35740.69921875,14.8318275179914,11.2598822758413,61.12499705,78.522,68.79523556704734
2012,Rwanda,3.715,2063.664748230311,40.2514244200244,2.36382585584116,57.12656335,86.986,52.917287892316
2012,Saudi Arabia,6.48,59471.70019093943,74.6927141331945,,66.08023269,83.026,53.69970735449736
2012,Senegal,3.959,3405.10864461668,47.6952217115786,,57.66918,69.563,54.26936055088702
2012,Serbia,4.813,17993.814716999295,25.4492136747368,1.50178377781355,65.63901871,64.305,71.92940891053391
2012,Sierra Leone,4.318,2792.926264592321,21.8606036126187,1.72490642764247,49.14304632,53.484,52.36170938799763
2012,Singapore,6.546,102061.1193610502,18.7739150503469,0.20780832213766,72.45356842,99.936,70.48600873015873
2012,Slovakia,5.969,,,,66.21299597,53.757,
2012,Slovenia,6.06,37040.708274610646,17.7257087821966,0.681822277179262,68.88434033,49.646,80.54217917833799
2012,Somaliland Region,4.847,,,,,,
2012,South Africa,4.963,14563.762404103238,28.6474883538018,30.1454561488805,52.22923022,,59.6816874204227
2012,Spain,6.322,41034.04815663563,11.6919954874835,0.774166283792877,70.875002,77.393,77.95716453611747
2012,Sri Lanka,4.151,11447.693773778228,26.2507762201174,3.19327967678719,65.76099146,82.812,65.50136967574909
2012,State of Palestine,4.7,,,,,92.614,
2012,Sudan,4.401,4145.931640625,39.5964460341574,,58.46869611,75.764,45.74991360877684
2012,Suriname,6.269,24193.841237392193,17.5598973512618,,63.38670533,67.908,66.41254113827348
2012,Swaziland,4.867,,,,,,
2012,Sweden,7.48,56193.328748824606,6.62533792798124,0.714324244275151,70.65824332,67.07,86.2461539300569
2012,Switzerland,7.65,76570.23789871209,12.9054774876848,0.562575490598645,70.55685748,74.561,79.32761701007325
2012,Syria,3.892,,,,,,
2012,Taiwan Province of China,6.221,,,,,,
2012,Tajikistan,4.38,2700.0954603735836,27.2182421237884,,62.62145631,81.37,64.47617867063492
2012,Tanzania,3.77,2822.4853515625,23.2717852106239,8.63760184710429,,,54.25482867328749
2012,Thailand,6.371,17871.578647756483,25.20956576309,,66.55559648,57.951,70.55193506069095
2012,Togo,2.936,2333.192767378857,33.9828579157482,,52.7995905,72.378,48.32566139122316
2012,Trinidad and Tobago,6.519,36903.68985740943,15.2092044113822,27.0692095577105,64.48424958,87.044,59.28184968401968
2012,Tunisia,4.826,12436.395811573506,17.8799045046228,3.01553732901415,65.97451525,69.099,68.91229822171293
2012,Turkmenistan,5.628,10689.35373472846,27.9910667561883,1.36006509719172,61.15099944,74.349,58.6102653968254
2012,Türkiye,5.345,,,,66.55701223,80.816,68.35748893230951
2012,Uganda,4.443,2405.094559327674,33.2300507707354,11.8413029510429,53.69035031,58.272,49.97446479527417
2012,Ukraine,5.057,17848.740234375,19.2945159677439,5.05517673469169,61.95328687,74.311,70.88327118957432
2012,United Arab Emirates,7.144,73644.05499288836,64.1373972820381,0.920353599853064,68.91491814,90.553,63.68977114845939
2012,United Kingdom,6.883,48099.65944019423,11.1751270771676,0.980292769516879,,85.55,80.17110046554753
2012,United States,7.082,61142.36370342647,8.71315206553226,4.68473058437162,,,74.43879370923192
2012,Uruguay,6.355,26953.270902638887,11.6526564712501,8.00503447711385,66.40536444,85.904,74.07352186016598
2012,Uzbekistan,5.623,6525.4971525889,29.8599622066362,,59.92960388,84.765,66.43326371336997
2012,Venezuela,7.039,,,,,,
2012,Viet Nam,5.533,7979.868289268585,28.7625092173962,,64.61366727,85.901,
2012,Yemen,4.054,,,,58.52724583,82.507,
2012,Zambia,5.006,3474.5525284409214,22.9983310072879,5.93416934268648,51.07565822,52.099,48.14761041215728
2012,Zimbabwe,4.827,5003.508733970691,18.3749796571735,7.09949357669519,48.28139125,36.511,58.05271178751804
2014,Afghanistan,3.575,3017.9425442469606,35.9811583111996,,51.69511692,81.307,40.26042038961039
2014,Albania,4.959,13366.504094814461,16.6949201821752,4.6147231364138,68.32573611,64.578,69.19396734572616
2014,Algeria,5.605,15073.762940356462,16.1165663291136,1.47174990719622,65.74091003,78.016,71.57509924454632
2014,Angola,4.033,11718.428683237551,19.3563913804903,,53.09963627,73.581,52.01132754435108
2014,Argentina,6.574,28200.81525713183,13.534008457628,7.50277667235654,66.43944114,85.579,72.34588624904507
2014,Armenia,4.35,12667.375733024917,28.478768503414,2.46370989542236,65.30876718,77.461,71.14300902777778
2014,Australia,7.284,55489.068844146044,6.04064376240177,1.02985300162206,70.06493221,81.092,76.59332451829219
2014,Austria,7.2,60845.57439807106,13.6682418765719,0.491353494620118,70.04028409,57.162,84.42117213168774
2014,Azerbaijan,5.212,20709.20161123204,27.8735839715851,2.4503854061690302,64.265543,77.644,70.63695300099208
2014,Bahrain,5.96,55065.818947212945,49.8530353704297,0.685532521662828,65.52073739,97.737,60.16308328042328
2014,Bangladesh,4.694,5068.639656727411,68.7428624015006,2.85759633031455,62.88173258,97.401,57.78220385578474
2014,Belarus,5.813,26564.434724654748,18.3859366839528,3.58925893151456,63.97142454,72.519,76.63313995206182
2014,Belgium,6.937,57002.90921852065,12.9420206201963,,69.47604051,77.728,79.19734720638837
2014,Benin,3.34,2987.382363261529,32.0556801866944,,54.32969398,72.174,51.43992217553688
2014,Bhutan,5.253,11744.518912482503,32.4826578122473,,63.23381195,32.148,64.76831125992064
2014,Bolivia,5.89,10790.84728875278,26.2919232240248,,,,63.75635410804473
2014,Bosnia and Herzegovina,4.949,13458.852576408011,28.3747836629907,1.40259182137488,67.0351354,52.225,70.55212062414711
2014,Botswana,4.332,17052.19241053606,12.6783006490467,,53.23328369,69.627,60.62708886408729
2014,Brazil,6.983,19183.172744636024,13.1579344238856,29.8537931807395,63.81908924,78.783,71.36544000509294
2014,Bulgaria,4.218,23455.483001927692,24.5644186833641,1.55050575213407,65.15260742,60.071,73.70082735760973
2014,Burkina Faso,3.587,2083.1984469830372,37.4453908399316,0.739223164024124,53.06243959,49.683,50.85595535714285
2014,Burundi,2.906,1019.1760739866687,36.8085564374889,5.22232594341804,54.38874044,78.009,51.23166822916667
2014,Cambodia,3.819,4702.730618232066,19.6285216111346,,60.21150065,66.337,57.00266944444444
2014,Cameroon,4.252,4588.486494990299,51.6391324257464,,51.14136192,73.851,52.75306676640353
2014,Canada,7.427,55723.46156525055,7.45981587623436,1.47330111088167,70.15528777,75.517,77.84000869196163
2014,Central African Republic,3.678,1001.8559805349565,33.7465914342482,,42.78043036,,39.27824305555555
2014,Chad,3.667,2820.6779506666335,42.6394518129785,,50.04902706,53.132,39.26143382936508
2014,Chile,6.67,27511.56100304042,21.8087186705955,2.4518317226161,68.59244014,81.224,76.36892635175283
2014,China,5.14,13968.51877859216,52.5096572089248,0.726466059590713,67.70090126,83.325,69.2519761366085
2014,Colombia,6.477,16480.363147416112,19.1389877563514,28.654305199833,67.43828283,80.148,68.72572244716069
2014,Comoros,3.956,3403.412914599851,9.17841752128082,,58.89284975,82.761,52.23874824929972
2014,Congo,3.989,,,,53.70300796,89.231,
2014,Costa Rica,7.226,20735.192725840563,18.3616133870552,10.0060434824472,69.32897323,73.368,72.16789105339105
2014,Croatia,5.759,28456.33537560761,18.2337872404571,0.853185902809328,67.91494565,55.223,79.23597628384688
2014,Cyprus,5.689,36104.90234375,18.5304214787791,0.915293345276525,70.80594582,74.305,72.99207159017453
2014,Czechia,6.505,40158.01642757353,18.681045705784,0.77016509724927,67.98246582,59.518,80.44779197642636
2014,Côte d’Ivoire,3.655,,,,,,
2014,DR Congo,4.517,,,,,,
2014,Denmark,7.527,61210.94909229186,11.0323428710692,1.31117471686599,69.68612393,63.941,84.48129110856462
2014,Djibouti,4.369,4705.049267721836,38.7623274866295,,55.97503634,89.971,47.52154859943978
2014,Dominican Republic,4.885,16993.58744440305,12.7798219156363,17.5463639644216,63.71794716,84.847,68.42094423860453
2014,Ecuador,5.975,14064.799224672657,17.78596368057,8.16956550602398,66.92390409,76.662,68.52598944911297
2014,Egypt,4.194,,,,61.6640754,96.611,
2014,El Salvador,6.13,9451.744607867,28.6814966208416,63.6220773963139,64.01612878,76.502,66.01035011459129
2014,Estonia,5.429,35720.302533523354,9.37028815022363,3.11917057450557,67.00101191,63.524,78.60428082081319
2014,Ethiopia,4.512,1821.3916177240287,21.7734035744035,,57.96437944,59.574,49.60772991071428
2014,Finland,7.406,52710.73348677775,7.35747194919289,1.61122466990035,69.55721917,60.057,86.4274051758699
2014,France,6.575,50326.56786308905,11.3479530769135,1.2242533397519,70.52421339,62.186,81.45845504626094
2014,Gabon,3.896,20008.989977871584,28.7115755077277,,55.32160814,80.439,58.99629007936508
2014,Georgia,4.297,14475.31353560347,20.9305947312065,,64.031054,65.019,70.45776012647482
2014,Germany,6.75,59203.23408799625,13.4272572813693,0.87986543465844,69.30059311,72.398,82.15180547067312
2014,Ghana,4.633,5619.072335115914,23.6327809168327,1.93640928203346,56.16283408,75.592,60.23896867413631
2014,Greece,4.857,31213.376512029787,15.9602532913852,0.982267185579143,69.7753261,67.416,75.85686526610644
2014,Guatemala,6.123,10553.563988976965,27.4223137463517,33.4975903480006,61.84212909,73.045,58.3194077158136
2014,Guinea,3.656,2834.966343478455,25.9717238462183,,51.37812378,51.774,50.96412705415499
2014,Haiti,4.518,3403.5749664294676,15.2557099929414,9.44739032712553,53.78456611,79.687,49.88090699855699
2014,Honduras,4.788,5705.162462654839,29.4737326253674,64.9996731259012,60.74285144,55.216,60.32126666666667
2014,Hong Kong SAR of China,5.474,,,,,,
2014,Hungary,4.8,30264.949230216112,18.1685604365167,1.48030354739537,66.04035674,62.554,79.23628199404762
2014,Iceland,7.561,60199.1994872756,5.03924831285463,0.305331857562688,71.08425596,74.204,81.82037226890756
2014,India,4.565,5905.106182046329,51.6872206933655,3.60868879736221,59.21294436,81.573,60.07264556489262
2014,Indonesia,5.399,10504.38694110877,23.9061448888613,,62.3633082,85.573,64.27353986928105
2014,Iran,4.686,,,,,,
2014,Iraq,4.677,13536.822768139935,47.4866517700349,,60.17032351,86.016,58.4123214519141
2014,Ireland,6.94,65463.19525415641,8.36819428856524,1.00896508411924,69.74519002,54.293,79.17620365843308
2014,Israel,7.278,40795.62909272809,20.0398989757489,1.63349469475113,70.47043624,92.986,72.33087045895283
2014,Italy,5.948,46825.65112450621,15.7660884912533,0.782999237037301,71.16674626,76.526,78.80495933282404
2014,Jamaica,5.709,9872.15913752129,22.042085629123,35.9731672387176,64.42370499,74.63,66.76760330192683
2014,Japan,5.987,43754.43801329304,13.7128361071022,0.309836473839101,72.92866584,91.147,79.06252851233735
2014,Jordan,5.192,11086.690548751294,28.8641500064179,2.08150620974155,67.1272554,92.297,66.59754744503863
2014,Kazakhstan,5.855,30986.437916899453,21.0581359557609,5.07400953678053,62.551781,74.819,69.60655661525973
2014,Kenya,4.419,4558.551552663736,18.9023424497821,5.00527231064574,55.82214574,71.852,57.56014500466854
2014,Kosovo,5.589,9150.749972938826,,3.04038656027525,,,
2014,Kuwait,6.295,60065.6544076232,50.584892373606,,70.02897871,96.066,58.72411587505087
2014,Kyrgyzstan,5.286,,,,62.62988038,75.506,
2014,Lao PDR,4.876,6341.2122967031955,29.0344510411324,,,,58.80945873015874
2014,Latvia,5.098,29243.74125026286,18.0540062502131,3.20938906771761,65.045269,57.868,78.91365858161447
2014,Lebanon,4.839,15205.873265401997,24.4279933820689,3.78131966638362,66.6925659,90.562,64.17218309811105
2014,Lesotho,4.898,2930.617240362057,25.4588395682864,,42.44178604,37.037,51.33816617063493
2014,Liberia,4.571,1750.1438489328034,16.2110016557453,,49.73694986,56.269,49.26088113602084
2014,Libya,5.754,12499.082996852314,21.0489362107904,,62.71072653,75.125,53.53709829931972
2014,Lithuania,5.833,33988.014895119755,16.2276879501807,5.42076007920446,64.72338541,57.81,76.23507160258043
2014,Luxembourg,6.946,130249.5504827587,11.9599135966954,0.719063635334068,70.92480168,64.002,75.48518868145742
2014,Madagascar,3.681,1620.3578890660044,13.1020578242552,,55.66025733,38.866,48.61631946778711
2014,Malawi,4.292,1597.5648433140498,16.9489573456288,,53.82379992,57.994,51.33285853625542
2014,Malaysia,5.77,26818.431728165877,20.3905475120468,1.66144687296396,65.50002263,81.258,67.87256092436975
2014,Mali,3.995,2609.167330483949,38.0175990022528,,52.1384186,44.437,51.32682738095238
2014,Malta,6.302,43163.147300039556,11.7925867040285,1.3809468462051,70.67903816,94.25,77.04600760971056
2014,Mauritania,4.436,5837.852030955078,43.9453314705486,,60.80891155,57.655,53.01108157202276
2014,Mauritius,5.477,21721.309644478813,14.1799589328556,1.47058311329411,64.24093616,91.425,65.14949002011062
2014,Mexico,7.187,21069.76616538862,15.9348225773224,16.7050327254596,65.44766869,77.762,67.1063834394364
2014,Mongolia,4.874,13943.42771486525,41.3215795985317,7.31195279430739,60.54107191,67.215,65.56206179879149
2014,Montenegro,5.192,20641.764517656127,20.0824785795164,3.16768705786018,67.06838565,81.865,71.1476919361684
2014,Morocco,5.013,7951.79833984375,17.5128798204876,1.03786663735302,63.0611931,76.892,67.97381192810457
2014,Mozambique,4.971,1449.929266327224,13.9308842411649,,47.73764955,50.787,50.17694500466853
2014,Myanmar,4.307,5006.5066714976665,36.4414765952555,2.42691467314289,59.22982027,69.046,56.66112663186487
2014,Nepal,4.514,3621.7316893711227,50.6917645882859,2.01645182571012,60.45562633,70.889,62.49458025568181
2014,Netherlands,7.378,62045.849197560965,13.3086643474591,0.722251091061564,,83.809,79.5108780660516
2014,New Zealand,7.286,44369.766424185895,6.46803978335128,0.950700013685658,69.29686342,74.351,77.80180777867965
2014,Nicaragua,5.828,6712.21708286288,19.0966063692655,8.6540960289815,66.58790537,65.438,62.16338048552755
2014,Niger,3.845,1471.5055472955942,60.767919137322,,52.16697536,50.849,44.673557877886
2014,Nigeria,5.268,8884.774286286724,54.1305836870948,,53.29095432,80.325,52.20864620575502
2014,North Cyprus,5.695,,,,,,
2014,North Macedonia,5.007,18452.206228014806,25.7464515399391,1.75189774323035,65.8904815,70.995,69.76936881989539
2014,Norway,7.522,86790.79246256914,7.15094713440871,0.564488422634429,70.67663919,63.402,82.86299019901668
2014,Oman,6.853,39639.987051480224,41.5793397713907,0.29981718647055,64.51188307,75.308,63.57157661375661
2014,Pakistan,5.194,4520.234633992859,54.726513458073,6.19607584212452,56.48168867,85.319,54.11446174185292
2014,Panama,6.786,28931.81564011986,15.9619986030478,15.5186126360303,67.39496331,66.819,66.55147703930056
2014,Paraguay,5.878,14217.558089698265,14.1013413972108,9.52253702792393,65.02737382,61.75,64.3819232593795
2014,Peru,5.824,14242.644476080131,27.1057918484588,6.89338555748064,69.61672479,71.956,68.84132912740853
2014,Philippines,5.073,7340.3615859119955,22.6948139010066,,61.50606408,83.283,63.05773286647992
2014,Poland,5.791,30334.878656961846,23.6086177841208,0.750030452020356,67.37068842,59.993,79.13720339137987
2014,Portugal,5.102,35097.40982632318,8.15121248648451,0.884088459392736,69.62405061,70.188,78.29363865121805
2014,Qatar,6.611,128013.98705089105,90.7022898024857,0.405702920880718,66.36270725,93.24,63.22604981325864
2014,Republic of Korea,5.984,,,,71.26815504,90.187,
2014,Republic of Moldova,5.889,,,,62.64861966,55.979,
2014,Romania,5.124,28156.130784329307,18.2655082722918,1.62758998394145,65.61309198,54.593,75.19794808590102
2014,Russian Federation,5.716,35853.24609375,14.6545009824598,11.3961892650078,61.62716371,78.573,70.90382718523308
2014,Rwanda,3.465,2176.094920146659,36.5113738855701,3.76602860932266,58.05217521,88.473,53.97674413780663
2014,Saudi Arabia,6.411,58872.26714001262,63.4135301727035,,66.31872362,83.474,56.36374537037038
2014,Senegal,3.904,3484.012197506607,38.8137391761983,,58.33150255,69.918,55.74397212885153
2014,Serbia,5.123,17922.435768575666,21.6558081952053,1.63272026762776,66.03831055,64.375,73.5642213248557
2014,Sierra Leone,4.507,2812.5283210882003,20.3513212383783,,48.77614848,54.437,52.73145670571259
2014,Singapore,6.798,107990.89120262518,20.2243081592991,0.256508913684751,72.75875555,99.933,71.1283798941799
2014,Slovakia,5.995,,,,66.79666969,53.537,
2014,Slovenia,5.848,37662.25598980978,14.8678983898954,0.777302570612473,69.62201996,49.842,80.7126490111196
2014,Somaliland Region,5.057,,,,,,
2014,South Africa,4.642,14643.338478293632,26.7492908595649,32.026354388996,53.83648312,,60.52196137424666
2014,Spain,6.329,41339.41111694166,10.22461137596,0.691349965151574,71.28222085,77.651,78.80516880145998
2014,Sri Lanka,4.271,12909.966306811311,25.0108396744448,2.56642825955881,66.18862004,83.211,65.96230407435701
2014,State of Palestine,4.715,,,,,93.039,
2014,Sudan,4.55,4207.50048828125,35.0474316325894,,58.9279384,75.844,48.03953538748833
2014,Suriname,6.269,24414.35547597339,15.3725941750371,5.56160959933817,63.17724046,68.347,67.61094609116375
2014,Swaziland,4.867,,,,,,
2014,Sweden,7.364,57077.66935441957,7.77583632803298,0.89723711300655,70.90962082,67.466,86.17040746541039
2014,Switzerland,7.587,78086.68052498407,10.6761595852196,0.500596106180341,70.92077611,74.95,79.69625773809524
2014,Syria,3.006,,,,,,
2014,Taiwan Province of China,6.298,,,,,,
2014,Tajikistan,4.786,2943.0886791731673,30.8115594703019,,63.46526955,81.889,64.87210282738096
2014,Tanzania,3.781,3027.56909179688,20.3066252412462,,,,54.39553978864273
2014,Thailand,6.455,18326.60487374703,25.7011739015786,,67.00258723,58.651,72.02522913165267
2014,Togo,2.839,2501.4325309291735,28.4948133827228,,53.57856354,72.558,49.72335140056022
2014,Trinidad and Tobago,6.168,39248.6570516023,12.4160387215375,28.4984183377823,64.26089226,87.088,59.38014025123024
2014,Tunisia,4.739,12824.002891444126,19.2788417723855,,66.09020411,69.627,69.24711065274595
2014,Turkmenistan,5.548,12423.924641774463,32.8746009676061,1.46495233226172,60.90374421,74.98,55.73411808302808
2014,Türkiye,5.332,,,,66.46602818,81.246,68.44716974659326
2014,Uganda,3.931,2470.5038090959815,30.8166982571651,12.2899679036209,55.21564183,60.659,50.37188340999278
2014,Ukraine,4.681,16978.8125,19.0428574115728,6.18849833107946,61.80662161,74.294,71.25053479645355
2014,United Arab Emirates,6.901,74145.11754489513,50.625296563254,0.740572167270486,69.15068583,90.77,64.51401792717087
2014,United Kingdom,6.867,49763.17387987999,12.1572167997075,0.900318736728248,,85.667,80.98779857887212
2014,United States,7.119,63026.8779187814,8.40808065839595,4.38357348743573,,,74.7083222999223
2014,Uruguay,6.485,28935.086486756984,11.4718002560743,7.98490138572303,66.95855323,86.112,75.50669707743236
2014,Uzbekistan,6.003,7344.443044056232,32.3017805791929,,60.90853147,85.001,67.92765893620269
2014,Venezuela,6.81,,,,,,
2014,Viet Nam,5.36,8751.882806343749,28.8284052890005,,64.77673296,86.219,
2014,Yemen,4.077,,,,58.93196008,83.424,
2014,Zambia,5.129,3585.577485071313,20.5339311723167,5.19020856145348,52.25649549,52.519,49.64861596771284
2014,Zimbabwe,4.61,5081.134412321858,15.2750857745994,,50.05069082,36.125,58.24063508973666
2015,Afghanistan,3.36,2967.6920671530033,36.4857340459184,9.95218590955213,51.61706961,81.918,41.48672477633478
2015,Albania,4.655,13876.761629659793,18.6786335737453,2.20793808941597,68.19152535,65.25,70.76870221967575
2015,Algeria,6.355,15239.517145646907,16.0318389714709,1.36433389808261,65.83857445,78.328,71.26091462948817
2015,Angola,3.866,11389.760954948071,21.2324508850665,4.45347324389499,53.49860069,74.111,51.45125118835412
2015,Argentina,6.65,28669.206133679614,13.8006524258903,6.52528743235621,66.4804501,85.667,73.2844772833376
2015,Armenia,4.36,13112.760090291533,28.2872611000725,2.56745781452856,65.37019602,77.652,71.19828655753969
2015,Australia,7.313,55879.995881710274,5.89199209300085,0.985468432815397,70.03689916,81.291,77.0126620787709
2015,Austria,7.119,60951.60372736618,13.4993565061975,0.509021333026224,69.89998216,57.439,84.32338062215564
2015,Azerbaijan,5.291,20678.75395723748,23.4359645146502,2.16347016513122,64.96044047,77.795,70.62083043154762
2015,Bahrain,6.218,54149.91315247206,59.1026648910356,0.219034059796298,65.59805164,97.723,59.84114703703703
2015,Bangladesh,4.643,5352.711332995656,65.5167318093513,2.53163478437081,63.21754422,97.483,59.00352454587896
2015,Belarus,5.802,25513.213295831654,15.5038696838771,3.43617510284546,64.47404492,72.69,77.4857928946054
2015,Belgium,6.929,57509.02457287043,12.4882300200128,,69.35862084,77.859,79.58747759364819
2015,Belize,5.956,12348.794497831106,16.4566914159076,33.3957281531601,64.75590999,58.129,67.61303337153043
2015,Benin,3.484,2952.002183387052,46.10419617173,,54.57888515,72.37,50.96937719421102
2015,Bhutan,5.196,12400.298323739074,32.2583535475829,1.62026847848689,63.37870537,32.038,65.60230992063492
2015,Bolivia,5.822,11144.64157206405,27.1504403241606,4.92977342561603,,,65.0738818632756
2015,Bosnia and Herzegovina,5.163,14220.090003803703,31.686057116213,1.61998987932639,66.9072933,52.288,70.71332857322417
2015,Botswana,3.974,15994.96430421008,16.628762454879,,53.7795599,69.709,60.94468821924603
2015,Brazil,6.952,18357.0690617991,14.1057649860703,28.8503019791216,63.90502983,78.899,71.64386950174008
2015,Bulgaria,4.217,24562.648880928973,21.898677985146,1.75548173553612,65.30075052,60.047,73.44817100840336
2015,Burkina Faso,3.739,2101.7026619202743,48.7105219514513,0.646029930732339,53.50154549,49.843,49.99387361111111
2015,Burundi,2.905,992.2858055202895,39.653487426017,4.17285957648643,54.73741688,79.134,51.6163294890873
2015,Cambodia,3.907,4968.57276699143,17.7693037351423,,60.45328602,66.475,57.77209966179653
2015,Cameroon,4.513,4698.666778435867,61.726915605535,3.78238510747147,51.62721778,73.973,53.36968353280707
2015,Canada,7.404,55660.84558407595,7.38952733509424,1.69900457240782,70.1902754,75.651,78.09071993464052
2015,Chad,3.763,2822.5792990001405,53.0105305702736,,50.39477229,53.158,39.03993923611111
2015,Chile,6.705,27817.95848480237,22.6210355943474,2.32163505387454,68.71123145,81.384,76.80839781852136
2015,China,5.245,14857.108823440529,49.4732216422362,0.658962453224414,67.93292823,83.42,70.08082878689937
2015,Colombia,6.481,16821.38014006306,19.2348570604901,27.2152782480106,67.44897514,80.396,69.47512560266532
2015,Comoros,3.956,3370.555723203203,9.36739731128001,,59.1998525,83.471,52.2307488095238
2015,Congo,4.236,,,,54.06948191,89.637,
2015,Costa Rica,7.087,21265.317633635375,19.0534276158403,11.5607212354156,69.38444245,73.414,72.12614242424242
2015,Croatia,5.488,29466.45063657922,20.4013318441123,0.884378611088172,67.61143028,55.245,79.65967268907562
2015,Cyprus,5.546,37258.5,17.928179292738,1.2300107871946,70.7973974,74.458,73.86140039143864
2015,Czechia,6.596,42066.57598008014,16.7738010034667,0.836150868791633,67.8754041,59.567,80.9087146825397
2015,Côte d’Ivoire,3.916,,,,,,
2015,DR Congo,4.272,,,,,,
2015,Denmark,7.526,62059.12859917213,9.09705667522263,1.09083852229384,69.77550468,64.133,85.17712323232321
2015,Dominican Republic,5.155,17973.18702568155,13.0238058465361,,63.73321469,84.848,68.25982272515067
2015,Ecuador,5.976,13881.570073810466,18.258248662138,6.45509329915208,67.13273598,76.833,68.84000966386554
2015,Egypt,4.362,,,,61.38030028,96.648,
2015,El Salvador,6.068,9646.154323398538,28.9006916656434,107.638231074992,63.13200139,76.435,65.85199480519479
2015,Estonia,5.517,36353.05805204488,7.28547055171491,3.42315697228612,67.41876227,63.571,79.71873183515831
2015,Ethiopia,4.508,1957.4145418455057,24.819463870742,,58.44375312,60.284,49.49923015873016
2015,Finland,7.413,52782.48739262768,5.69706141683995,1.49642750743994,69.84643293,60.339,86.68874655540537
2015,France,6.478,50682.8953586333,12.0481874947392,1.55892963521539,70.2384988,62.184,81.74749565826332
2015,Gabon,4.121,20147.711620179474,31.1583560855615,,55.53612167,80.645,60.27996687675071
2015,Georgia,4.252,14936.843411664659,18.8538248338325,,64.11667112,65.114,71.25093770477888
2015,Germany,6.994,59668.98903552816,12.1341175742131,0.83092148321361,69.05746443,72.452,82.6621383498854
2015,Ghana,4.276,5607.366356574134,33.8697351229232,1.82951897503029,56.50723703,75.839,59.43246315677786
2015,Greece,5.033,31347.97657460404,15.4961295457634,0.859447721666469,69.49830036,67.424,76.03279247092776
2015,Guatemala,6.324,10785.95831259572,26.8919069509211,,61.9180724,73.064,58.06276775740599
2015,Guinea,3.607,2869.851571787319,31.4888245218172,,51.88289177,52.181,51.53573064892623
2015,Haiti,4.028,3402.028398801605,15.9378777812489,10.1774724071475,53.99979583,79.985,49.95845669510229
2015,Honduras,4.871,5812.534887910499,29.7472774328821,55.7305404552518,60.75913311,55.472,60.40580772854597
2015,Hong Kong SAR of China,5.458,,,,,,
2015,Hungary,5.145,31485.567542563407,19.0056518144009,2.24611505942905,65.92232594,62.513,79.39697815344378
2015,Iceland,7.501,61820.3618857662,5.076606167753,0.906477233068894,71.11890254,74.317,81.99367184873951
2015,India,4.404,6301.673469682361,51.4355933740253,3.341278725169,59.59041418,81.824,60.24383361344538
2015,Indonesia,5.314,10893.66211421693,25.6063125890807,,62.56766868,85.667,65.09944911297852
2015,Iran,4.813,,,,,,
2015,Iraq,4.575,13516.027198917265,52.5324989931432,,60.79073957,86.33,58.52893751167134
2015,Ireland,6.907,80815.64152773452,7.74862352557972,0.574164266695474,69.83869094,54.369,78.95290997368645
2015,Israel,7.267,40889.59890808345,22.7224413371307,1.49014483400625,70.97263281,93.09,72.7571084284996
2015,Italy,5.977,47311.82552627091,18.409853261327,0.774242762514025,70.90011123,76.613,78.34852456073338
2015,Jamaica,5.51,9931.898757151821,21.2229913374774,43.1395301537823,63.60295464,74.536,67.01189037008744
2015,Japan,5.921,44589.303285400296,13.4624426415411,0.285207237530428,73.09945869,91.143,79.61261407383464
2015,Jordan,5.303,10469.630630222546,32.905357512385,1.77061077375796,67.50976197,92.594,66.74031953144895
2015,Kazakhstan,5.919,30893.759485104136,20.4100787212913,4.71683271705767,62.97451546,75.154,69.89557172619048
2015,Kenya,4.356,4679.621828319382,18.820575680392,4.8015943416874,56.40525297,72.521,59.67648622782445
2015,Kosovo,5.401,9824.991059553186,,2.36085035581387,,,
2015,Kuwait,6.239,57763.517457439535,66.6114667077254,,69.74728908,96.115,56.72167612332113
2015,Kyrgyzstan,5.185,,,,63.16303755,75.712,
2015,Lao PDR,4.876,6703.741243488853,26.3119972717968,,,,59.78476408730159
2015,Latvia,5.56,30599.613313414728,15.6579612436511,3.38748763187818,65.36315688,57.748,79.24564014939308
2015,Lebanon,5.129,14980.020515614047,27.3828783139307,3.56896263234324,66.82724309,91.289,64.107728420599
2015,Liberia,3.622,1714.0904796046364,23.5651327737133,,51.55454487,56.669,49.6473058586838
2015,Libya,5.615,12195.34869904206,19.9465456229364,,62.73375223,75.094,54.22169217687075
2015,Lithuania,5.813,35264.71492483163,14.3133444749514,5.91926942449559,64.67661348,57.709,76.8297688269247
2015,Luxembourg,6.871,130097.33828902504,11.8855521357814,0.877907630070794,71.10883565,64.54,75.89921706800143
2015,Madagascar,3.695,1627.5806134224022,13.7841450363348,,55.78696086,39.487,49.28971031746032
2015,Malawi,4.156,1597.6914532485466,17.9848717763978,,54.25269993,59.17,51.68488357233045
2015,Malaysia,6.005,27699.627886038677,25.1876546150456,1.59447772809976,65.21056295,81.505,68.37717670401494
2015,Mali,4.073,2686.560650737993,44.1720344790903,,52.44204707,44.818,51.5376702876984
2015,Malta,6.488,46171.889342075825,12.947012247904,0.898915795186531,70.854082,94.292,77.5124931372549
2015,Mauritania,4.201,5969.542392895161,53.0162862976192,,60.96323209,58.15,53.3323191749427
2015,Mauritius,5.648,22499.025457055148,14.3194080246196,1.62504048091912,64.31887432,91.397,65.1628310708899
2015,Mexico,6.778,21408.928321619533,17.0032678302327,17.1484302942078,65.50346116,77.892,66.87872798149564
2015,Mongolia,4.907,13974.596726036516,44.9009780607563,7.18959068215609,60.78328775,67.774,66.18880555104617
2015,Montenegro,5.161,21131.84103162473,22.5059826956233,2.70638148835062,67.25790464,82.22,69.75050014005603
2015,Morocco,5.151,8198.80859375,19.8670944049653,1.24539159959094,63.18479871,77.118,67.59915457516341
2015,Myanmar,4.395,5313.88615901476,34.6434473031534,2.54849103640211,59.55919623,69.126,57.35747483235719
2015,Namibia,4.574,12166.565839205805,16.433687883708,,54.12156744,40.475,64.09015849673203
2015,Nepal,4.793,3745.261822494766,52.0893526071468,2.1492523495048,60.12382317,70.993,62.82555410579003
2015,Netherlands,7.339,63081.40834959662,12.0566403406417,0.607922883579319,,83.83,79.93140980065687
2015,New Zealand,7.334,45097.01646838696,6.58301243029768,1.04030555507995,69.37421059,74.421,78.3826071744228
2015,Nicaragua,5.992,6939.032432743444,20.8272949678995,8.52113297894743,67.15428783,65.379,62.33868811858078
2015,Niger,3.856,1480.3981516814652,82.5855382638443,,52.34050567,50.722,44.44633788329725
2015,Nigeria,4.875,8892.057986736309,75.1290695732099,,53.60164097,80.483,52.25094178338001
2015,North Cyprus,5.771,,,,,,
2015,North Macedonia,5.121,19215.0740381192,26.8430932065257,1.26239291120934,65.96429077,70.944,70.83718537382755
2015,Norway,7.498,87688.11967089928,6.22560099325305,0.462448150409719,70.85021934,63.623,83.15732683003273
2015,Pakistan,5.132,4645.286310711446,57.7003410851012,4.36557663665432,56.73625879,85.664,54.07006786546786
2015,Panama,6.701,29933.167153001104,16.9783062456346,11.8938357734005,67.68368474,67.026,67.40593584160938
2015,Paraguay,5.538,14425.777586032953,15.0240132610652,10.0176925113933,64.93215869,61.627,64.88840542027417
2015,Peru,5.743,14540.831316063495,29.2744836705899,7.37746900609372,69.88473592,72.272,69.09609108734402
2015,Philippines,5.279,7691.763086850469,22.5811049721656,,61.31966852,83.577,63.66231386554623
2015,Poland,5.835,31700.368236415372,21.6047533383556,0.778752821607014,67.26100543,60.048,79.60956335461923
2015,Portugal,5.123,35803.3575649772,10.0582058200824,0.96429532624377,69.66917134,70.232,78.64832235379
2015,Puerto Rico,7.039,,,,69.41534078,82.554,
2015,Qatar,6.375,123070.88787656504,109.454607666153,0.247185127859597,67.21861765,93.299,63.84020592903828
2015,Republic of Korea,5.835,,,,71.45146537,90.244,
2015,Republic of Moldova,5.897,,,,62.69941854,55.526,
2015,Romania,5.528,29181.87817224413,18.0989374056679,1.70600204986966,65.67548008,54.535,75.34299042950515
2015,Russian Federation,5.856,35037.15234375,13.0585263767984,11.4556968970425,62.14558969,78.599,71.62890323206204
2015,Rwanda,3.515,2313.0971694096156,39.1273737775822,2.51717737303246,58.33824926,89.165,55.85673869047618
2015,Saudi Arabia,6.379,58498.53990406989,76.8126533634759,,66.11974101,83.677,56.7264102910053
2015,Senegal,4.219,3593.794771212792,47.635468588898,0.267518151792543,58.6731595,70.082,56.08808772175537
2015,Serbia,5.177,18247.80910579685,23.353865334596,1.39329072000109,66.02431746,64.411,74.01223733315295
2015,Sierra Leone,4.635,2628.1705806574587,26.6521495038632,1.76195053608056,49.64557704,54.881,52.0512075418046
2015,Singapore,6.739,109894.04133734055,26.7934669461631,0.253378095590325,72.9428666,99.932,71.22331835978837
2015,Slovakia,6.078,,,,66.65286281,53.427,
2015,Slovenia,5.768,38534.6437425951,17.2358779953467,0.970898765842034,69.41476866,49.939,80.35711242254476
2015,Somalia,5.44,,,,47.23677464,82.259,44.03986602182539
2015,Somaliland Region,5.057,,,,,,
2015,South Africa,4.459,14541.674861366873,28.496468461495,32.9193156001477,54.24537473,,62.23650189712249
2015,South Sudan,3.832,,24.9650166354646,,51.1550016,60.24,38.12571897321429
2015,Spain,6.361,43053.76143031402,11.8085262869621,0.646906930185419,71.10599322,77.781,78.68748242933538
2015,Sri Lanka,4.415,13329.779343882034,22.6801672806893,2.24114421871193,66.39367539,83.406,66.61352703505646
2015,State of Palestine,4.754,,,,,93.237,
2015,Sudan,4.139,4159.1943359375,40.3146727322112,,59.13617363,75.881,48.1756619747899
2015,Suriname,6.269,23327.525249744667,17.56389494989,5.84567085090617,63.10278503,68.56,68.01345073847722
2015,Sweden,7.291,58955.6412361461,6.10764769999508,1.14291761252879,70.76303919,67.659,86.13480173160173
2015,Switzerland,7.509,78325.74874176952,11.9291736649443,0.688078876533782,70.75694813,75.137,79.76617607219171
2015,Syria,3.069,,,,,,
2015,Taiwan Province of China,6.379,,,,,,
2015,Tajikistan,4.996,3041.44479553257,30.7154145243743,,63.75502809,82.13,63.98948457341269
2015,Tanzania,3.666,3111.44458007813,20.9426794551394,7.20094334280093,,,54.73161504965623
2015,Thailand,6.474,18814.040855456573,23.6111245475447,,67.16389632,58.996,72.74999831932772
2015,Togo,3.303,2588.27260980499,40.9415288577558,,53.97696324,72.642,50.89232175536881
2015,Trinidad and Tobago,6.168,38963.96417830112,14.4193905549344,29.3873061531072,64.29914546,87.109,59.61154715876716
2015,Tunisia,5.045,12802.791721143314,18.0712480880451,,66.15358431,69.882,70.63553932603344
2015,Turkmenistan,5.658,12926.663730696631,29.4244377874705,1.01355101620555,60.85589802,75.276,57.17754344322345
2015,Türkiye,5.389,,,,66.43080862,81.45,68.39443484668925
2015,Uganda,3.739,2520.0201028842985,31.3216859781962,,55.84688197,61.754,50.11387505862192
2015,Ukraine,4.324,15403.7099609375,17.1448125227219,,62.79655305,74.286,71.62722524315964
2015,United Arab Emirates,6.573,75238.55718584538,58.4002194876441,0.691671912805994,69.19646165,90.866,64.65756372549019
2015,United Kingdom,6.725,50462.832999247694,10.4984654639443,0.948271629655268,,85.724,80.96162147035969
2015,United States,7.104,64367.7188912582,8.05235034259419,4.87019612648983,,,74.67277372333548
2015,Uruguay,6.545,28941.61845405814,11.0493273798266,8.69948102993542,66.92449081,86.215,75.95077501322207
2015,Uzbekistan,5.987,7792.236059837129,32.031595288707,1.64556342685201,61.39346575,85.113,68.38353694291821
2015,Venezuela,6.084,,,,,,
2015,Viet Nam,5.061,9248.023960696222,26.4370995849985,,64.84079476,86.373,
2015,Yemen,3.724,,,,58.54466916,83.844,
2015,Zambia,4.795,3576.92544834125,22.7617347856024,5.20150860823759,52.65751174,52.71,49.74929148178211
2015,Zimbabwe,4.193,5102.73642537223,17.8250254097149,,50.51099991,35.941,58.31071870039683
2016,Afghanistan,3.794,2958.785399230795,36.8725270986265,6.6799974594108,51.65871621,82.477,42.94742116161616
2016,Albania,4.644,14643.428561471615,16.5118382060405,2.72614352662554,68.302619,65.776,71.27766894576013
2016,Algeria,5.872,15511.685876809384,16.7302943332799,1.32678196793638,65.98024783,78.641,71.53556148883797
2016,Angola,3.795,10963.996788717306,20.9967960289148,4.09826656345614,53.72970361,74.368,51.39638509464391
2016,Argentina,6.599,27802.105720149757,14.1434158723716,5.97945616037571,66.19880052,85.746,72.99673767507004
2016,Armenia,4.376,13192.994073173128,25.352291625061,2.98068464955971,65.47874944,77.52,71.20522743055557
2016,Australia,7.284,56529.95182468703,5.82493790294975,0.933005940041915,70.26542415,81.484,77.55472220524574
2016,Austria,7.006,61572.625740240415,12.7813357929748,0.617996363091403,70.19626881,57.702,84.56049328379954
2016,Azerbaijan,5.234,19822.41059439413,21.1210652999916,1.71253212771072,65.2431409,78.029,71.1850646329365
2016,Bahrain,6.087,54107.07522364232,55.8298463546878,0.279797762177498,65.54757769,97.752,60.66459227513227
2016,Bangladesh,4.608,5682.535534943063,64.2366339904364,2.23304324758363,63.44649527,97.581,59.84440198200491
2016,Belarus,5.569,24846.83015293586,14.6025888523524,3.23189754442635,64.62478335,72.912,77.64238079143078
2016,Belgium,6.891,57901.497690315045,12.1316484677594,,69.64158315,77.972,79.61939612805496
2016,Belize,5.956,12063.060037409297,14.4491201016593,37.8388012229062,64.82041546,57.693,68.09161336898397
2016,Benin,3.657,2962.6638157226457,41.3645051855967,,54.90478278,72.413,51.6443955882353
2016,Bhutan,5.011,13320.975903688246,29.8733212662531,1.20342414282773,63.56484697,31.719,66.56208874007937
2016,Bolivia,5.823,11448.021803219963,28.6713882052018,5.74238712195448,,,65.67719561237375
2016,Bosnia and Herzegovina,5.182,14873.641110787948,30.7944873808796,1.29570864177198,67.01204605,52.08,71.04494660094807
2016,Botswana,3.766,16905.58874087305,14.8575911976175,,54.53986299,69.601,61.18687371031746
2016,Brazil,6.635,17620.927243413644,13.4895823334815,30.1193623667804,63.79834092,78.971,71.65837944571767
2016,Bulgaria,4.714,25636.74439034785,21.3967799774618,1.10839328712128,65.46576108,60.058,73.24933912231558
2016,Burkina Faso,4.032,2162.725789778139,43.2939002203779,1.12086279620408,53.87467137,49.742,50.81662574404763
2016,Burundi,2.905,1006.5590738599913,39.0270703043027,5.64974214487878,55.21752537,80.348,51.76688571428571
2016,Cambodia,4.168,5283.729649437785,19.305757078537,,60.67608118,66.81,58.83579789862915
2016,Cameroon,4.695,4767.131861489534,58.1477649076233,3.35548128633803,52.32408036,74.02,53.75347062218827
2016,Canada,7.316,55606.13299481844,6.17415187643932,1.69447965211893,70.21204708,75.775,78.60055217723452
2016,Central African Republic,2.693,1073.9447770373913,36.2453628561802,20.120400654,44.74417257,,39.13332318948412
2016,Chad,3.936,2622.59780844501,49.5472301007339,,50.80920046,52.774,38.96831574900794
2016,Chile,6.652,27965.347352683086,22.4649726847552,3.39405749254204,68.95787866,81.464,76.97580411255412
2016,China,5.273,15772.837260750168,45.2806085850562,0.614934212808057,68.0808607,83.466,70.78709260935145
2016,Colombia,6.357,17003.244366485014,19.6738712609183,26.1438669043183,67.62395705,80.622,69.84391020923522
2016,Congo,4.291,,,,54.50269678,90.097,
2016,Costa Rica,7.079,21936.466057536618,18.2625400009976,11.8759050112518,69.0385745,73.467,71.61329419404126
2016,Croatia,5.293,30820.805042135464,19.5103036698958,1.06371572584033,68.11840592,55.082,79.82634495798321
2016,Cyprus,5.621,39500.8515625,16.6826151228422,1.05083409956653,70.76184819,74.713,74.47877575235222
2016,Czechia,6.609,43069.46597447271,16.5377128688549,0.617169777139044,68.21166437,59.667,81.12324840090464
2016,Côte d’Ivoire,4.18,,,,,,
2016,DR Congo,4.28,,,,,,
2016,Denmark,7.522,63468.98882468137,8.70010546510422,0.977619325858153,69.86776892,64.267,85.2683617095323
2016,Dominican Republic,5.23,18968.975238617928,13.1164167913019,15.3154603364407,63.74098539,84.987,68.47590112893643
2016,Ecuador,6.008,13586.516077256823,18.8225928822421,5.81031174018927,67.16229591,76.971,69.44925466853408
2016,Egypt,4.735,,,,61.85872841,96.71,
2016,El Salvador,6.003,9863.76121214453,28.3272714755679,85.0858022421141,63.79822117,76.362,66.04053008658009
2016,Estonia,5.611,37466.556183931774,6.97215671810955,2.50788654321279,67.46114277,63.863,79.60422079195314
2016,Ethiopia,4.46,2084.840556164705,23.6646171631837,,58.85858138,61.193,50.30424642857144
2016,Finland,7.469,53984.6316254715,5.40693929358021,1.34656386925302,69.81602707,60.446,86.68049249737189
2016,France,6.442,50984.075297831965,11.0378089342511,1.19686224509648,70.40952319,62.169,81.92234622697563
2016,Gabon,4.465,19988.175596318615,32.0063953887715,,55.75626379,81.187,60.94511486928104
2016,Georgia,4.286,15442.956435805378,17.372294638664,1.02846555312855,63.93229233,64.953,71.80256414141415
2016,Germany,6.951,60504.585741716095,11.7952164514446,1.163604165425,69.22963634,72.568,83.04445014854427
2016,Ghana,4.12,5666.077953345908,31.3095383111133,1.87009855981462,56.84244586,76.057,59.46405922247688
2016,Greece,5.227,31468.61984710985,15.2863099968627,0.779545903374914,69.70271651,67.376,76.53946819455057
2016,Guatemala,6.454,10872.593890246915,30.3545322854983,,62.0834032,73.031,58.61666546982429
2016,Guinea,3.507,3099.788741893716,30.4418199999504,,52.4211578,52.49,51.92800224089636
2016,Haiti,3.603,3415.5821811230835,14.9184355170856,9.63317380185292,54.2477099,80.526,49.93146178168237
2016,Honduras,5.181,5926.49025534228,27.8161786141628,54.7151729955654,62.05365003,56.245,59.99561086495204
2016,Hong Kong SAR of China,5.472,,,,,,
2016,Hungary,5.324,32378.967498307535,17.0875378473983,2.05901168254688,66.31688014,62.52,79.89684440906315
2016,Iceland,7.504,64759.22754232288,4.46198952822695,0.297997309084299,71.1603593,74.652,81.624345751634
2016,India,4.315,6741.148831853469,54.4218755239322,3.14894003612781,59.94632849,82.151,61.02214269374417
2016,Indonesia,5.262,11319.663428773802,20.9556285202781,,62.76900049,85.717,65.7399795051354
2016,Iran,4.692,,,,,,
2016,Iraq,4.497,15016.092064455735,49.4313239497814,,60.86846596,86.587,58.05569824929972
2016,Ireland,6.977,80760.09741456882,7.86032745252486,0.694224869533058,70.03471395,54.462,78.28945962142431
2016,Israel,7.213,41914.58029777058,19.6556791216954,1.33982857867757,71.21066725,93.192,73.4389705379588
2016,Italy,5.964,47987.83795810143,16.2143936050841,0.668010320924807,71.37405395,76.641,78.73401844919785
2016,Jamaica,5.311,10179.253648615817,20.423771755418,48.1865109798695,63.64015294,74.096,66.87168959341314
2016,Japan,5.92,44926.62029095252,12.3114727897793,0.284680826905949,73.24236418,91.14,79.54317894491129
2016,Jordan,5.336,10197.504499061683,30.9872997293874,1.4790583574967,67.67141844,92.787,67.14621153127918
2016,Kazakhstan,5.819,30758.322726059785,19.0781512426342,,63.32748581,75.479,70.07468630501442
2016,Kenya,4.553,4770.310463880859,19.368281863389,4.90863183219284,57.02578551,73.133,60.11115840336135
2016,Kosovo,5.279,10434.888825926791,,2.15692969005204,,,
2016,Kuwait,6.105,56936.62084272598,57.0433246020645,,70.54297775,96.127,57.21840615791616
2016,Kyrgyzstan,5.004,,,,64.0692056,75.669,
2016,Latvia,5.85,31668.51484426617,14.1216107325516,3.52065424981236,65.47789569,57.63,79.55208702571939
2016,Lebanon,5.225,15572.361173977366,24.9316985074041,3.7165552530385,67.09517676,90.989,64.53802539323421
2016,Lesotho,3.808,3057.2609156816206,24.2640386142015,,43.51674295,37.264,53.20491778273809
2016,Liberia,3.533,1653.310502112331,20.8967123118009,,53.00955471,57.183,49.28444293321058
2016,Libya,5.525,11831.82576695593,23.8023126391933,,62.7025986,75.165,53.90456207482993
2016,Lithuania,5.902,36632.083279843835,12.6124099108903,5.33266506558917,64.96072781,57.751,76.83640539852303
2016,Luxembourg,6.863,133661.73454128104,11.1847156808095,0.856889217934349,71.25401116,65.445,76.27136257665944
2016,Madagascar,3.644,1648.912269792958,13.695425383947,,55.87925195,40.24,49.35217787114846
2016,Malawi,3.97,1593.5954926480813,16.5572785050634,,54.59109049,60.331,51.66753625541126
2016,Malaysia,6.084,28425.370760941158,16.2387171304782,1.4344275283881,65.30067441,81.67,68.25579204014939
2016,Mali,4.19,2759.110512933412,40.4660749221189,,52.86428637,45.327,51.64613655753968
2016,Malta,6.527,46967.34862912116,11.6920800498586,1.09825180278033,71.00175704,94.475,78.59609028944911
2016,Mauritania,4.292,5866.281446741288,47.9118927509658,,61.14191213,58.368,52.98820579747051
2016,Mauritius,5.629,23357.230006620994,15.4318711050117,1.62563423926317,64.33615853,91.294,66.11001435394672
2016,Mexico,6.578,21578.263354125986,16.5326816284491,20.0889396309777,65.38088852,77.774,67.64319334097276
2016,Mongolia,4.955,13898.145695358526,47.4794790864176,6.05101532090771,61.11199411,68.363,65.80748326118325
2016,Montenegro,5.237,21834.091874192436,20.8028849006414,4.48539323682796,67.40794945,82.133,69.7781454418131
2016,Morocco,5.235,8141.9404296875,18.9602475540145,1.69600616957935,63.31096438,77.324,67.6219759337068
2016,Mozambique,4.55,1537.9085327121647,13.976649358528901,,49.10156339,50.715,50.57879659197012
2016,Myanmar,4.545,5580.989772732316,35.5327407831665,2.60021730748139,59.91967714,69.175,57.87810525846702
2016,Namibia,4.574,11846.788083275675,15.1750328135787,,54.29661419,40.763,64.15272945845005
2016,Nepal,4.962,3743.744578357797,51.9068894312371,2.20708210796159,60.81948852,71.324,63.80333205943364
2016,Netherlands,7.377,64267.74765536226,11.7209776911577,0.546362553519554,,83.926,79.63720919407392
2016,New Zealand,7.314,45746.13598106898,6.60079804628658,1.06049711862933,69.66775909,74.822,77.95250821158008
2016,Nicaragua,6.071,7158.757554675015,19.9336354891463,7.26815838263741,66.92869291,65.172,62.95939990662932
2016,Niger,4.028,1488.086480746553,77.7870856281203,,52.5220767,50.42,45.1107435966811
2016,Nigeria,5.074,8534.692814823753,69.3722566585403,32.4390092901434,53.88544145,80.504,52.39138990747815
2016,North Cyprus,5.81,,,,,,
2016,North Macedonia,5.175,19825.77246850572,24.8400819974107,0.968765224591646,66.12889109,70.868,71.48489428661615
2016,Norway,7.537,88041.64148089562,6.37541015422384,0.515662484007301,70.91483954,63.797,83.21679447121507
2016,Pakistan,5.269,4886.612121153781,56.6204998946239,3.86846723526245,57.0219116,86.159,54.42955016127662
2016,Panama,6.452,30765.249065350625,15.5946159096021,10.0519063068018,67.77023148,67.301,67.7176954078601
2016,Paraguay,5.493,14824.790628081171,14.0940444745212,10.7054970567084,64.71715605,61.151,65.24992144660894
2016,Peru,5.715,14915.436632445362,30.5613699272767,7.88881315592262,69.77767781,72.428,69.65843841354724
2016,Philippines,5.43,8131.825379486535,21.8003003003794,10.4510468515231,61.09122222,83.836,64.05436386554621
2016,Poland,5.973,32675.305225995377,20.9364845038375,0.67950291225801,67.54124592,60.047,80.29716232786821
2016,Portugal,5.195,36636.297844163644,8.91077232807693,0.637904765071273,69.69094827,70.288,78.9473330192683
2016,Qatar,6.375,120054.40873651773,106.116597718857,0.461649967761444,67.51544324,93.304,64.05413468720822
2016,Republic of Korea,5.838,,,,71.71298616,90.216,
2016,Republic of Moldova,5.838,,,,63.25035744,55.116,
2016,Romania,5.825,30189.147723023973,18.1070416748429,1.54724790736617,65.82203164,54.569,76.11604010270776
2016,Russian Federation,5.963,35005.4453125,13.5758857302309,10.8822499466091,62.4338317,78.643,71.84165778567836
2016,Rwanda,3.471,2386.7484100282554,38.9146420850134,3.28881602035978,58.54677594,89.806,56.43896811868687
2016,Saudi Arabia,6.344,57308.448412749705,70.772740868008,,66.0496425,83.671,57.30330126984128
2016,Senegal,4.535,3710.0553159155884,41.9387343120495,,59.0163815,70.032,57.52684066293184
2016,Serbia,5.395,18889.38164155483,22.997740231213,1.62782274638115,66.33574276,64.493,74.61727697510823
2016,Sierra Leone,4.709,2732.26093913215,24.6544965480112,,51.22997879,55.495,52.84937887276124
2016,Singapore,6.572,112719.94795111142,15.15931491639,0.32270038551043,73.25027778,99.93,71.46472804232805
2016,Slovakia,6.098,,,,67.08465567,53.446,
2016,Slovenia,5.758,39674.89315619678,15.9163654900552,0.485113562659451,69.71732119,50.015,80.76438512010866
2016,Somalia,5.151,,,,47.58295501,82.354,44.32798834325396
2016,South Africa,4.829,14501.280782340202,26.1436457596968,33.2101800798263,54.74947162,,62.5776809608692
2016,South Sudan,3.591,,24.559091928348,,51.08889764,61.198,37.30936205357143
2016,Spain,6.403,44274.66761499219,10.3473621764905,0.629108853827649,71.38142399,77.955,79.05879981325863
2016,Sri Lanka,4.44,13845.614678221817,24.6700049853186,2.41890147871327,66.61393162,83.669,67.03695
2016,State of Palestine,4.775,,,,,93.418,
2016,Sudan,4.139,4174.56103515625,41.0585744418074,,59.41058361,75.633,49.53334327731092
2016,Sweden,7.284,59460.28727226893,5.9758856179206,1.06819519352472,70.93983827,67.904,86.33893293863
2016,Switzerland,7.494,78956.06673150415,10.8708158779171,0.537319784436855,71.19516946,75.32,79.70321065705129
2016,Syria,3.462,,,,,,
2016,Taiwan Province of China,6.422,,,,,,
2016,Tajikistan,5.041,3169.9667820523964,31.3562334233332,,64.03980254,82.272,64.39867336309523
2016,Tanzania,3.349,3214.24682617188,20.4238282680824,6.38934150079073,,,55.43570535608183
2016,Thailand,6.424,19372.712802410726,25.8740486993818,,67.18590242,59.33,72.76011437908497
2016,Togo,3.495,2648.9008483507628,36.5458731418316,,54.40971347,72.336,51.96502633053221
2016,Trinidad and Tobago,6.168,35914.990197098305,14.5086208132573,32.2193196226095,63.90702076,87.179,59.9701064024864
2016,Tunisia,4.805,12803.879737154333,19.1640181719787,,66.24766761,70.167,70.78518710211357
2016,Turkmenistan,5.822,13420.384971747111,27.7416729567261,,60.96717483,75.541,57.20972451770452
2016,Türkiye,5.5,,,,66.43894097,81.637,68.36294805766131
2016,Uganda,4.081,2554.2276906207285,31.6549779811788,11.5517988640576,56.25831911,63.542,50.81832905393217
2016,Ukraine,4.096,15856.8125,17.0736938308484,,63.17074823,74.239,71.76489238296425
2016,United Arab Emirates,6.648,75671.03686138502,53.8883697624575,,69.2372599,90.734,65.08910191409898
2016,United Kingdom,6.714,51168.29257968135,10.663101063838,1.17310761427578,,85.79,81.25159705555883
2016,United States,6.993,65025.98559806158,7.38419160282327,5.28982026159524,,,74.88808903645374
2016,Uruguay,6.454,29332.556156881485,11.0080912489609,7.90108434244779,66.73621917,86.222,76.53649120160883
2016,Uzbekistan,5.971,8172.9216949615,30.817417852674,2.41972336009243,61.81403306,85.179,68.69520839819903
2016,Venezuela,5.25,,,,,,
2016,Viet Nam,5.074,9743.188223145504,27.4655146787653,,64.98704816,86.477,
2016,Yemen,3.593,,,,58.06684708,84.257,
2016,Zambia,4.514,3598.1716602338947,21.2134188634824,,53.13472021,52.823,50.15822577561328
2016,Zimbabwe,3.875,5070.424132099813,15.6927565600598,,50.89948879,35.447,57.99549913870852
2017,Afghanistan,3.632,2952.998915989087,37.0667978834846,6.79202120758186,52.04833652,83.004,43.84851717412217
2017,Albania,4.586,15359.397457702478,17.2674048084392,2.00121280396654,68.34923347,66.303,71.54666692980221
2017,Algeria,5.295,15427.664189471308,15.3884102993683,1.25691727270348,66.05633785,78.941,71.38556281300397
2017,Angola,3.795,10565.167648360717,18.2261589534262,,53.90308468,74.607,51.92520514387573
2017,Argentina,6.388,28334.904184742005,13.2987334804339,5.23155985787317,66.60261944,85.823,73.22459280196925
2017,Armenia,4.321,14243.87490037949,27.1407235472997,2.40140228170953,66.10714309,77.388,71.3649160218254
2017,Australia,7.272,56881.85698591039,5.82431330571029,0.841048385412525,70.31750379,81.671,77.72435805958747
2017,Austria,7.139,62535.81057113446,12.8820472788083,0.795565065715095,70.23919997,57.962,84.85004954385892
2017,Azerbaijan,5.201,19659.00485627677,24.6961165262549,1.82574937607272,65.73464324,78.26,71.84728958333334
2017,Bahrain,6.105,53859.77495896006,55.7929970849719,0.40485966551844,65.58817817,97.78,60.03941544973545
2017,Bangladesh,4.5,6005.707187810483,63.8347510665769,2.18822635384583,63.46849871,97.678,60.72905324250913
2017,Belarus,5.483,25503.980984520666,14.6870404841654,2.5274359757027,64.9263071,73.135,77.92658413704352
2017,Belgium,6.927,58529.330295753665,11.8142228651313,,69.73442324,78.084,79.73017510169569
2017,Belize,5.956,11572.300793146118,14.8736345924849,38.0491503919464,64.95240314,57.274,68.45338710211357
2017,Benin,4.141,3041.7792998498926,40.9902705675967,1.1274974068,55.20317165,72.454,52.21570693277312
2017,Bhutan,5.082,13482.342528035764,30.7307674989193,1.72337338408889,63.79693901,31.405,66.64717390873017
2017,Bolivia,5.752,11755.255619588523,27.7238355089629,6.58463782839173,,,66.1457619498557
2017,Bosnia and Herzegovina,5.129,15554.658743076558,29.5143111711294,1.22496031638975,67.10889289,51.867,70.96305661854485
2017,Botswana,3.59,17352.895845145355,14.3253324202465,,55.31929526,69.497,62.01817028769842
2017,Brazil,6.419,17724.47995777842,13.6049599824881,31.1611756216413,64.13833828,79.042,71.45548893981835
2017,Bulgaria,4.933,26691.758001901977,22.0031777604192,1.45569963291636,65.44346267,60.07,73.54007250233428
2017,Burkina Faso,4.424,2232.287814909443,41.2767834293187,1.25044051977478,54.33611903,49.646,52.07181478174603
2017,Burundi,2.905,1020.8498275718991,32.5449134508741,,55.61667743,81.496,51.9588449156746
2017,Cambodia,4.433,5632.031256293422,18.4255983697634,,60.87513301,67.136,60.44508353625541
2017,Cameroon,4.975,4797.975441855437,58.3584411446034,4.16103693703584,53.05992481,74.064,54.50055244037009
2017,Canada,7.328,56612.306219177655,6.91213506169854,1.80664809278477,70.14702804,75.896,78.40175112893641
2017,Central African Republic,3.083,1103.866093187238,35.1467368749208,,44.56015338,,38.88542445436508
2017,Chad,4.301,2496.2621364315787,47.8355260289369,,51.08215565,52.415,38.79759154265872
2017,Chile,6.476,27899.59797770116,21.6603146283732,4.19745439747334,69.11214979,81.542,77.27217041847041
2017,China,5.246,16758.046397685786,43.0911018824937,0.565721900260259,68.22865018,83.511,71.04990475113122
2017,Colombia,6.26,16986.033418284223,18.4571577570909,25.5510587151196,67.79425455,80.842,70.1634876177744
2017,Congo,4.559,,,,54.7403055,90.535,
2017,Costa Rica,7.072,22633.764866330228,18.3536882830973,12.2731177810203,69.11886044,73.519,72.28076569900688
2017,Croatia,5.321,32348.588855617378,18.8283911937191,1.12767209256717,68.02940094,54.914,79.80837773109242
2017,Cyprus,5.762,41417.98828125,17.63142953281,0.558091105183829,70.88392291,74.962,74.55555665445662
2017,Czechia,6.711,45177.52260536337,16.450355211847,0.626106269301682,68.21885827,59.767,80.88120421973859
2017,Côte d’Ivoire,4.671,,,,,,
2017,DR Congo,4.245,,,,,,
2017,Denmark,7.555,64989.44598723466,8.49213876400782,1.23153392928012,70.05614206,64.4,85.16106020711312
2017,Dominican Republic,5.302,19501.874305407844,14.0184540517008,11.3998115468654,63.77789598,85.124,70.2506091821577
2017,Ecuador,5.973,14179.15375033051,18.2778953966104,5.78775543057783,67.28601221,77.105,70.3605112044818
2017,Egypt,4.419,,,,62.269496,96.769,
2017,El Salvador,6.167,10064.793494260062,29.3256740475719,63.764040219627,63.96286076,76.29,66.82103200492317
2017,Estonia,5.739,39529.78597327898,6.23825781218917,2.2012646645026,67.86500056,64.153,80.1733793353705
2017,Ethiopia,4.35,2222.8282447825945,25.1283378535126,,59.27151327,62.052,50.94013859126986
2017,Finland,7.632,55637.2262781223,4.74394075141048,1.21632504271661,69.96740158,60.553,86.66282906962317
2017,France,6.489,51895.56629858378,10.6190588228925,1.08754298245582,70.50691196,62.155,82.19875238944061
2017,Gabon,4.758,19555.707882916,27.9987788436569,,55.9875916,81.7,62.10239575163399
2017,Georgia,4.34,16237.624223027518,19.0750865540907,2.39924552955963,64.59392354,64.793,71.67421316102198
2017,Germany,6.965,61965.43429049647,11.9003757852207,0.97829217789703,69.29018873,72.683,83.33218296409473
2017,Ghana,4.657,5993.630852110768,29.3568301115867,2.02943487003652,57.17991839,76.265,60.41897385620916
2017,Greece,5.358,31995.410883838642,15.3860425452779,0.799737128265793,69.70004747,67.328,76.52084394363804
2017,Guatemala,6.382,11005.459285171895,29.9430077048577,32.8054740415143,62.46800098,72.999,59.12725596723538
2017,Guinea,3.964,3332.765761505315,30.5590844497077,,52.76736394,52.784,52.01715548552755
2017,Haiti,3.582,3453.9714216465877,15.5977298868039,,54.63706308,81.052,50.75904503013327
2017,Honduras,5.504,6099.607349194135,28.7616185448399,40.2998017393682,62.21165635,56.989,60.55062411934471
2017,Hong Kong SAR of China,5.43,,,,,,
2017,Hungary,5.62,33828.714942571045,18.8047015819743,1.63505483999481,66.23063226,62.528,79.94220696456321
2017,Iceland,7.495,65462.50333062989,5.19664819974767,0.873282362752761,71.25043977,74.972,81.80943762838469
2017,India,4.19,7116.036591853959,55.1724251484484,3.07665739913599,60.23691173,82.472,62.22005406162464
2017,Indonesia,5.093,11772.574329610683,17.8027910767602,,62.95499733,85.765,66.9076546685341
2017,Iran,4.707,,,,,,
2017,Iraq,4.456,14417.630689645368,47.5437702256019,,61.24935501,86.832,58.51318538748833
2017,Ireland,6.977,87731.78970457336,7.09611700560255,0.789978006388635,70.20527863,54.552,78.97028773448774
2017,Israel,7.19,42895.58512984704,20.3616024430015,1.62644474784814,71.3456041,93.289,73.71988881706528
2017,Italy,6.0,48849.21835347557,17.3177234438316,0.622616360456986,71.11733755,76.668,78.71460927765044
2017,Jamaica,5.89,10391.037822467812,20.7025205567437,58.4921283339315,63.63215264,73.659,67.31605896782956
2017,Japan,5.915,45693.37760809871,12.1938326247838,0.240822214259524,73.37306559,91.136,79.60528327065093
2017,Jordan,5.161,10220.49278119301,30.2565692480451,1.29956090475235,67.93338372,92.97,67.38486645870469
2017,Kazakhstan,5.79,31524.441633979397,20.2247266404274,4.90565829350323,63.77861826,75.794,70.76126865079367
2017,Kenya,4.41,4846.862108519316,18.1123098167473,5.01242276948533,57.50908474,73.719,60.19256279178339
2017,Kosovo,5.662,10856.290207423901,,2.71474940317931,,,
2017,Kuwait,6.083,52285.587117569565,61.9128670145551,1.10718395103166,70.57809747,96.139,57.60682073667075
2017,Kyrgyzstan,5.131,,,,64.19711871,75.627,
2017,Lao PDR,4.623,7432.459633048496,26.2823859911315,,,,60.76961026785714
2017,Latvia,5.933,33036.39159434369,13.4377400322761,4.16968239374774,65.4806195,57.51,79.9849315253374
2017,Lebanon,5.199,16128.58381960507,25.8866709032818,3.99342351327765,67.24054294,90.673,64.66809580011493
2017,Lesotho,3.808,2924.6809619327246,28.5820037049322,,44.45299076,37.388,53.81765438988094
2017,Liberia,3.495,1661.3029078217144,18.7390718632625,,53.32797123,57.676,49.64909209907739
2017,Libya,5.566,15428.116441185352,18.552971523378,,63.11142666,75.234,54.66428197278913
2017,Lithuania,5.952,38789.24631790354,12.5246833718152,3.53442753319048,65.61020743,57.794,77.14535018249724
2017,Luxembourg,6.91,132169.82957617432,10.8211196454395,0.335291716366678,71.37256048,66.313,76.12283208423523
2017,Madagascar,3.774,1669.7276426727785,13.0008399312331,,55.97143065,40.952,49.35351820728291
2017,Malawi,3.587,1613.059357146196,16.0402550395062,,54.91824669,61.428,52.55212789953103
2017,Malaysia,6.322,29551.545759719724,14.5249238687121,1.1713566700858,65.28464257,81.831,68.7076516573296
2017,Mali,4.447,2816.194239015873,40.8271912539349,,53.16340865,45.805,52.62600337301588
2017,Malta,6.627,51628.26774003647,11.4503176028508,1.92347764758684,71.12539753,94.648,78.8603860410831
2017,Mauritania,4.356,6050.621803252994,50.4527713237389,,61.27797086,58.574,53.60179644342586
2017,Mauritius,5.891,24258.988821567043,15.1861077816825,2.55684129376169,64.3064287,91.19,66.41157672197085
2017,Mexico,6.488,21777.522512727523,16.8285883947461,25.9959360229634,65.46614439,77.659,67.7576633986928
2017,Mongolia,5.125,14401.537506756224,43.8021596765269,6.15262900871161,61.48112656,68.929,65.868808757215
2017,Montenegro,5.347,22513.780763717055,21.936038684055,2.41891202175086,67.47403935,82.045,71.63993358798065
2017,Morocco,5.254,8450.0087890625,21.3269600699193,2.14690397826667,63.42348432,77.525,68.22533447712418
2017,Mozambique,4.417,1532.0073576114,13.8170006960955,,49.67924979,50.521,50.55218800186741
2017,Myanmar,4.308,5877.874655581753,33.5207335958746,2.68234254369858,59.95560189,69.223,61.15100346320346
2017,Namibia,4.441,11408.725309996667,15.414596586429,,54.57006707,41.034,64.27149635854342
2017,Nepal,4.88,4071.704317557979,53.0342594326735,2.24909570287775,61.05865313,71.65,64.83733206845238
2017,Netherlands,7.441,65665.99102295777,11.512544838837,0.762328497745067,,84.02,79.72665738771036
2017,New Zealand,7.324,46285.98109806422,6.6454612514251,0.727234722175039,69.27215479,75.207,77.55988825983044
2017,Nicaragua,6.141,7391.196382152652,20.1452148940178,6.82368909372622,67.36838569,64.97,63.96330819327731
2017,Niger,4.166,1515.4830731761783,70.1168422586214,,52.85652787,50.139,46.25468956980519
2017,Nigeria,5.155,8396.784522432272,68.2246345183228,,54.17267199,80.524,52.573179700365
2017,North Cyprus,5.835,,,,,,
2017,North Macedonia,5.185,20121.051018072605,24.1167064829734,1.59721486945216,66.47222851,70.79,71.78687737418832
2017,Norway,7.594,89664.90864158294,5.87906686802138,0.530624369587454,71.0393266,63.969,83.52804192539486
2017,Pakistan,5.472,5031.560607384335,56.6781961188465,3.68829384464626,57.28051479,86.638,54.83471627620745
2017,Panama,6.43,31979.824643774842,14.7627345637305,9.22242063167726,67.84166418,67.567,68.2002283634666
2017,Paraguay,5.681,15318.401218727573,14.305664925717,8.53492626715061,65.07421118,60.689,65.49631471861473
2017,Peru,5.663,15067.489279382038,31.2625158525163,7.9394377010568,69.19344583,72.579,70.09220679908327
2017,Philippines,5.524,8584.136227096995,22.8372345468098,7.64708050157393,61.39263066,84.089,64.81953954248367
2017,Poland,6.123,34354.59876163194,21.5252071625491,0.750229542138962,67.46466811,60.047,80.57949337264044
2017,Portugal,5.41,37943.11505056769,9.84270133550553,0.735661094098411,69.88075715,70.344,79.42400146846617
2017,Qatar,6.374,115064.9436628529,107.664866223184,0.443342737741158,67.69867889,93.308,64.05228912231559
2017,Republic of Korea,5.875,,,,72.03314242,90.189,
2017,Republic of Moldova,5.64,,,,64.05827385,54.696,
2017,Romania,5.945,32852.635567225465,20.2743046720324,1.29511300787888,65.87385501,54.604,75.77275989729226
2017,Russian Federation,5.81,35570.703125,13.7415064507149,9.09316032017364,63.14521866,78.687,72.53732529627234
2017,Rwanda,3.408,2441.085408165086,32.9065245496364,3.85180847120042,58.78482298,90.416,57.07528994408368
2017,Saudi Arabia,6.371,57942.548498304415,73.9893846909783,,66.04917171,83.664,57.73353587301588
2017,Senegal,4.631,3871.45146786374,45.1130669066908,,59.31616584,69.984,58.30230116713352
2017,Serbia,5.398,19438.991712977626,22.7319854295402,1.21580435389435,66.27627435,64.576,75.42814736652237
2017,Sierra Leone,4.571,2753.4271976222167,23.2385153027455,,51.57863556,56.08,53.79388991596638
2017,Singapore,6.343,117492.9679945258,14.3992673643153,0.196285615913482,73.26214888,99.929,71.17755322751323
2017,Slovakia,6.173,,,,67.07862706,53.465,
2017,Slovenia,5.948,41700.65108502804,16.1445814017531,0.921252321313415,69.79083271,50.09,80.78308969102794
2017,Somalia,4.982,,,,47.77851851,82.441,45.53678730158731
2017,South Africa,4.724,14573.598084000421,28.757630595136,35.2840163787516,55.45014033,,62.91287544351074
2017,South Sudan,3.254,,25.3310370782276,,50.83743265,62.169,37.30108102678572
2017,Spain,6.31,45446.25085756953,11.1658168739395,0.655022828665732,71.3513224,78.128,79.09524379084968
2017,Sri Lanka,4.471,14572.485821461642,24.3181666680079,2.20033736695316,66.72183611,83.928,66.80987108055345
2017,State of Palestine,4.743,,,,,93.591,
2017,Sudan,4.139,4061.01831054688,41.5787617030802,,59.74432543,75.401,49.68949607843138
2017,Sweden,7.314,59769.01362369996,5.60053642140356,1.12349926472939,70.9817471,68.144,86.30237813428401
2017,Switzerland,7.487,79333.74378108812,10.6863724663202,0.532315829369355,71.22011694,75.5,80.14234528388278
2017,Syria,3.462,,,,,,
2017,Taiwan Province of China,6.441,,,,,,
2017,Tajikistan,5.352,3312.7120224350565,33.0304616558698,,64.41197807,82.408,65.46516949404761
2017,Tanzania,3.303,3318.28833007813,18.6038900381073,5.65469286500665,,,56.23618740344622
2017,Thailand,6.072,20096.860545516436,22.881037534554,,67.36173837,59.662,72.62309472455651
2017,Togo,3.999,2708.611223968464,35.6873295462867,,54.87801186,72.044,53.13038795518207
2017,Trinidad and Tobago,6.192,34095.98992561517,14.9085154190063,34.2498809038232,64.0298405,87.248,59.88321792540792
2017,Tunisia,4.592,12955.401481424073,16.5337753021396,,66.33246354,70.446,71.27820715134538
2017,Turkmenistan,5.636,13963.404587729548,30.9689652425293,,60.99057093,75.794,57.10545040903541
2017,Türkiye,5.483,,,,66.77477584,81.818,68.38676983082279
2017,Uganda,4.161,2543.8475439495646,27.8046403871258,11.7852360138494,56.75483873,65.207,51.42363312590187
2017,Ukraine,4.103,16310.3603515625,17.9482494182584,6.05466477531939,63.45634858,74.192,72.12807016438424
2017,United Arab Emirates,6.774,72529.0423512365,55.7483527139541,,69.33998282,90.607,65.91829360410831
2017,United Kingdom,6.814,52429.127553898805,10.3650112571487,1.17550481262973,,85.854,81.48315375833316
2017,United States,6.886,66164.03200142893,7.69344314182502,5.20582704229048,,,75.28395631492691
2017,Uruguay,6.379,29762.422066660503,10.9276038649673,8.35193212210643,67.07910772,86.229,76.93767096171803
2017,Uzbekistan,6.096,8413.299752994944,32.4451966691614,1.85737044900045,62.17383981,85.243,68.50256188186813
2017,Venezuela,4.806,,,,,,
2017,Viet Nam,5.103,10290.54871422442,27.3673512418731,,65.13925556,86.578,
2017,Yemen,3.355,,,,58.04617763,84.646,
2017,Zambia,4.377,3612.505976645926,19.8152954320603,,53.41062819,52.928,50.72119756493507
2017,Zimbabwe,3.692,5234.4065377844,15.5984191206377,,51.19990376,34.968,58.41661916035355
2018,Afghanistan,3.203,2902.3921128554607,40.8384893577725,6.73324816708819,51.72087439,83.501,44.29298863155363
2018,Albania,4.719,16170.923432528702,17.9552347660824,2.28039848927055,68.39032778,66.833,73.08288546812663
2018,Algeria,5.211,15343.42612224341,16.0599697647705,1.33631227453406,66.06299421,79.231,71.61875070452425
2018,Argentina,6.086,27367.115094107976,13.5371363799976,5.33872203870925,66.78873409,85.899,73.29180275867924
2018,Armenia,4.559,15037.045242071204,27.6903289992915,1.71823401969337,66.41691512,77.255,71.61343030753967
2018,Australia,7.228,57647.845506810496,6.05401225103758,0.879787384450029,70.54178743,81.853,77.49486191325015
2018,Austria,7.246,63777.9362157476,13.8481763510534,0.972669073494819,70.27868451,58.219,84.86645031461595
2018,Azerbaijan,5.208,19781.850905843694,24.2110829954808,1.96219351122527,66.13742304,78.486,72.18094640376985
2018,Bahrain,6.199,54893.072441136785,60.1158397824297,0.333861836620704,65.74499164,97.807,59.9685025925926
2018,Bangladesh,4.456,6392.5933402409055,79.2984145312804,2.34217668208578,63.73656508,97.773,61.27083160809779
2018,Belarus,5.323,26363.46297785364,16.1066672532807,2.38395844908102,65.05890333,73.36,78.45317249937563
2018,Belgium,6.923,59357.68968843961,12.2060188213467,,69.8347512,78.196,80.18187352712648
2018,Benin,4.883,3155.451065062702,35.0618319233165,,55.53355691,72.493,55.54078751167133
2018,Bhutan,5.082,13854.85439771577,33.6414162416309,1.18458616482332,63.9807311,31.096,67.902278125
2018,Bolivia,5.779,11920.313507964513,26.4642569469127,4.98767505522938,,,67.45471343344155
2018,Bosnia and Herzegovina,5.386,16348.999714535274,30.020148190921,1.15146147032772,67.16792666,51.648,71.87176435215113
2018,Botswana,3.488,17825.018569213007,16.024262643929,,55.71951653,69.395,61.82380153769842
2018,Brazil,6.3,17917.749212335882,13.3316911366538,27.1606152370358,64.39620816,79.112,71.78486179865887
2018,Bulgaria,5.011,27690.89365500499,22.433444950167,1.30965598682543,65.546733,60.082,74.28903347338935
2018,Burkina Faso,4.587,2316.3943207904454,35.9160885050934,,54.75006335,49.556,51.08689846230159
2018,Burundi,3.775,1043.4055843403587,32.1232894818729,,55.93342516,82.584,52.14684640376984
2018,Cambodia,4.7,6050.590882622052,21.5126916390994,,61.07926126,67.452,61.58171448863636
2018,Cameroon,5.044,4851.480039499606,54.4021990256544,,53.69076909,74.106,55.06515213054918
2018,Canada,7.278,57337.46828700332,7.13787719799952,1.77503663024043,70.12190013,76.014,78.53740954927424
2018,Central African Republic,3.083,1125.7009174822797,35.0601954658141,,45.29513257,,39.18250625
2018,Chad,4.35,2552.37036387707,43.8716744847779,,51.40391697,52.078,41.1324087797619
2018,Chile,6.444,28499.406400040625,20.5997873103713,4.36665251518391,69.32516725,81.618,77.57030168916052
2018,China,5.191,17807.04905522442,38.5057526966035,0.530299683323493,68.34465944,83.556,71.88181443295267
2018,Colombia,6.125,17104.131354567824,18.3860185548236,23.8207594532571,67.80175629,81.055,70.7204481474408
2018,Comoros,3.973,3528.9586816787705,10.6970500460844,,59.8425183,85.253,52.58382535014005
2018,Congo,4.812,,,,54.92944056,90.952,
2018,Costa Rica,7.167,23069.862224126584,17.6199561122599,11.7995456872358,69.18391639,73.571,72.17327353789999
2018,Croatia,5.432,33729.54558119428,19.6904117646471,0.596292847367914,68.18867003,54.743,80.80759607843139
2018,Cyprus,6.046,43510.03125,15.843425133781,1.18041688389616,71.034083,75.205,74.86934196293902
2018,Czechia,6.852,46301.082036028994,17.6889787550736,,68.29105052,59.867,81.43681320727883
2018,Côte d’Ivoire,4.944,,,,,,
2018,DR Congo,4.418,,,,,,
2018,Denmark,7.6,65870.83025543412,10.2999349983121,1.00106587626187,69.97451161,64.531,85.04442383923266
2018,Dominican Republic,5.425,20662.848586152973,13.9700529917489,9.90534873528498,63.84924495,85.258,70.00416374883287
2018,Ecuador,6.028,14083.506998230425,18.6076444108592,5.8300670929869,67.40549527,77.235,70.38574439775911
2018,Egypt,4.166,,,,62.35035845,96.826,
2018,El Salvador,6.253,10297.203612692012,29.9494969253266,53.7958771232068,64.64978465,76.217,66.98088523045583
2018,Estonia,5.893,40849.84734755637,8.13925854793547,2.11805990251629,67.96635998,64.442,80.43120463033699
2018,Ethiopia,4.286,2311.1651165635853,23.9359544258576,,59.60970909,62.866,50.96093998015873
2018,Finland,7.769,56226.33724134295,5.84651585707961,1.59543516989979,70.04126526,60.66,86.47147624042623
2018,France,6.592,52560.95362438406,10.5107824351537,1.06227847973755,70.6050487,62.14,82.90893618113913
2018,Gabon,4.799,19225.59825746784,28.4801107651775,,56.13898862,82.187,61.95409766573297
2018,Gambia,4.516,,,,56.34316843,73.762,
2018,Georgia,4.519,17228.679084750325,18.6640622057354,2.34526705345127,64.81730358,64.632,72.42295799168153
2018,Germany,6.985,62481.11839710451,12.2724978426028,0.945201062768242,69.21478901,72.797,83.2025678550208
2018,Ghana,4.996,6234.51208201488,25.8232291377847,1.63198244300232,57.55482269,76.466,60.97302029539088
2018,Greece,5.287,32722.331044402927,15.426827372432,0.922574259889262,69.92857239,67.279,77.16522481962483
2018,Guatemala,6.436,11192.371919272495,28.1314081003981,28.9035441420162,62.52173531,72.969,59.40050651897122
2018,Guinea,4.534,3455.645126386619,28.8640174527699,,53.11118178,53.062,53.5919141923436
2018,Haiti,3.597,3465.2548057360113,15.7261482402686,6.77773609475147,54.83311093,81.565,51.13398428401664
2018,Honduras,5.86,6219.279737750595,29.7635517651656,37.9817721287217,62.24685183,57.706,61.16303186911129
2018,Hong Kong SAR of China,5.43,,,,,,
2018,Hungary,5.758,35798.04127540219,18.2609055529635,0.879849987623273,66.39567575,62.535,80.24768175539738
2018,Iceland,7.494,66703.02193980032,4.43324754348264,0.850210001870462,71.33109295,75.28,81.56111676003735
2018,India,4.015,7492.6257675514535,56.6795240921875,3.0299149142336,60.54437711,82.785,63.15608186274509
2018,Indonesia,5.192,12262.231030077104,20.3645339845943,,63.10066633,85.812,67.80825532212886
2018,Iran,4.548,,,,,,
2018,Iraq,4.437,14456.235705319052,51.717685614606,,62.48899459,87.066,59.40060499533147
2018,Ireland,7.021,93115.83934983291,7.79168997270246,0.779878238431558,70.30010304,54.64,79.0739669255581
2018,Israel,7.139,43782.652649168944,22.0100927078823,1.45709789694358,71.50531296,93.384,73.49093995546936
2018,Italy,6.223,49355.87519135039,15.6845265296165,0.595578796289962,71.27293763,76.696,79.26613134708427
2018,Jamaica,5.89,10636.09297845508,21.0387474845844,45.7076395408315,63.77895152,73.223,69.94180463458112
2018,Japan,5.886,46133.02259787178,12.4060098636232,0.26317151259777,73.48395797,91.133,79.72512768375415
2018,Jordan,4.906,10183.024836623525,31.7567413179411,0.898463493612211,68.26747148,93.143,67.93360150241915
2018,Kazakhstan,5.809,32330.22745465675,19.3045522190598,,63.93998077,76.099,70.56019850288601
2018,Kenya,4.509,5017.667846746638,19.831438788068,3.12505555114881,57.88585027,74.281,60.77682497665734
2018,Kosovo,6.1,11188.224462796632,,2.48905241208978,,,
2018,Kuwait,6.021,51623.807862205234,64.5155749200156,0.855810403300653,70.79981473,96.15,57.99640601750102
2018,Kyrgyzstan,5.261,,,,64.59430696,75.587,
2018,Lao PDR,4.796,7775.08574451883,26.1337944720036,,,,60.59435317460317
2018,Latvia,5.94,34729.70627630565,16.8899906770849,4.35777769938389,65.54893243,57.388,80.06506757066461
2018,Lebanon,5.197,16290.051647859174,26.9239143405591,2.87427415177788,67.49267452,90.341,65.19413951016304
2018,Lesotho,3.802,2846.4182812464937,27.3648976277986,,44.87803314,37.51,54.13249268353175
2018,Liberia,3.975,1647.974437938465,18.5562825239056,,53.68882379,58.15,49.99565268326446
2018,Libya,5.525,16385.16447612699,23.4179656275532,,63.38910638,75.3,54.38984608843537
2018,Lithuania,6.149,41035.401815273246,14.399002431271,3.28280899974951,65.83884549,57.838,76.76797199728377
2018,Luxembourg,7.09,131733.88447148932,10.7862930810869,0.493339099919257,71.45784563,67.147,76.41304566648628
2018,Madagascar,3.933,1678.7862326949119,12.9645700745608,,56.07886515,41.629,50.48891493930905
2018,Malawi,3.41,1638.9166576107648,18.7735651314743,,55.25522977,62.468,52.49448528589466
2018,Malaysia,5.339,30459.96553380609,16.1560428708823,0.981435762735261,65.37381246,81.986,68.58341251167133
2018,Mali,4.39,2862.407289874756,36.882182832004,,53.39090323,46.253,51.96137048611111
2018,Malta,6.726,53419.0022708322,12.5364002038633,1.65099085247881,71.26523627,94.81,78.83256876750701
2018,Mauritania,4.49,6153.637902417045,46.4676065172414,1.22184990380814,61.43435153,58.767,54.50563958916901
2018,Mauritius,5.888,25243.886462030987,15.155739276173,2.87081302588736,64.23751358,91.086,66.77639125188536
2018,Mexico,6.595,21997.77302194944,16.3313895424634,29.4484283285099,65.50832405,77.546,68.80475213903743
2018,Mongolia,5.285,15230.240882884682,40.2796730056673,6.18744290031966,61.79001141,69.472,65.90253478986293
2018,Montenegro,5.523,23562.176255895694,22.1665156662132,2.2734838704439,67.52668471,81.956,71.90237208641031
2018,Morocco,5.208,8611.75,18.4571548078596,1.42300060045045,63.48830859,77.721,68.60399297385621
2018,Mozambique,4.466,1538.8351212702223,15.8667809889386,,50.17913701,50.338,51.31087665732962
2018,Myanmar,4.36,6201.2634142980305,36.1957092821377,2.77776467862348,60.46783048,69.27,61.23168771326712
2018,Namibia,4.639,11214.386043059969,16.5373639108224,18.4687504668112,54.96511906,41.291,65.93846923436043
2018,Nepal,4.913,4371.385717718967,59.5306238818063,2.34689208986609,61.29777136,71.971,64.79299574540043
2018,Netherlands,7.488,66758.24542833169,12.166093154962,0.574010651743461,,84.113,79.80673174896998
2018,New Zealand,7.307,46974.681840048186,6.64524347769575,1.12225498980074,69.70692938,75.578,77.72773029401155
2018,Nicaragua,6.105,7049.027098284028,21.1687703840053,10.65611679854,67.33405924,64.774,63.98229817927171
2018,Niger,4.628,1565.0197000514152,59.7807710942008,,53.03744245,49.878,45.55017506764069
2018,Nigeria,5.265,8362.623308602957,60.0682766381431,,54.4738699,80.544,53.62902160258043
2018,North Cyprus,5.718,,,,,,
2018,North Macedonia,5.274,20805.922119255498,25.4520876085665,1.30226748209447,66.82930049,70.71,72.82728100423883
2018,Norway,7.554,90064.06879743583,6.69546303416924,0.470654459145075,71.059672,64.139,83.51469753938872
2018,Pakistan,5.653,5255.06350681272,61.4979947410089,3.63153404981254,57.56252081,87.102,55.59065559081442
2018,Panama,6.321,32681.47298863307,14.8426450709261,9.62124332136356,68.07903661,67.824,69.27300982514217
2018,Paraguay,5.743,15591.014266308453,13.0344251532456,7.73254240471022,64.98378294,60.239,65.97534463383839
2018,Peru,5.697,15384.184608242304,31.1151867646505,7.68710269227761,68.92692217,72.726,71.07306012647483
2018,Philippines,5.631,9016.286596376083,22.1392871673127,5.16236715828629,61.43273386,84.335,67.03125476190476
2018,Poland,6.182,36500.41142825841,22.0327726817794,0.713892149018161,67.44057958,60.046,80.59820568092039
2018,Portugal,5.693,39123.61512825749,9.68646955246185,0.784476811591817,69.83392869,70.401,79.86872704778882
2018,Qatar,6.374,114909.94548512687,107.786961140147,0.362168986600472,67.75660607,93.312,64.66453020541552
2018,Republic of Korea,5.895,,,,72.12304302,90.162,
2018,Republic of Moldova,5.529,,,,64.10135929,54.264,
2018,Romania,6.07,34828.895863788384,18.7538854964325,1.27564870308368,65.90999824,54.639,76.56912180205416
2018,Russian Federation,5.648,36536.6953125,12.6740675593912,8.17044875503453,63.29247239,78.731,72.8522378977232
2018,Rwanda,3.334,2577.69730366075,32.1513532416355,2.28219163427022,58.97197321,90.998,58.09604820075758
2018,Saudi Arabia,6.375,61359.46537403877,72.6868758200635,0.737688493612268,66.08239188,83.658,58.58338873015873
2018,Senegal,4.681,3998.286353038672,41.0132503890827,,59.59378834,69.939,59.71389122315593
2018,Serbia,5.603,20454.225884367035,23.0376789441363,1.49572244747486,66.52428826,64.66,76.49001997204185
2018,Sierra Leone,4.374,2767.3800329668766,24.0903839919268,,52.17374838,56.638,54.52637040149393
2018,Singapore,6.262,120668.88872615836,16.0290550221245,0.159733932962686,73.49633197,99.928,71.57094185185184
2018,Slovakia,6.198,,,,67.17050624,53.484,
2018,Slovenia,6.118,43369.221946980986,16.1763751313729,0.434891751818874,69.97783532,50.165,80.56744191070368
2018,Somalia,4.668,,,,48.19341199,82.522,45.65692276785714
2018,South Africa,4.722,14553.561566895734,27.7734234336948,35.8657632618552,55.9036875,,62.94684299719887
2018,South Sudan,2.853,,21.701051624981,,50.82844482,63.155,37.1342890625
2018,Spain,6.354,46325.20994411408,10.5034718641397,0.613681647994712,71.42041388,78.299,79.72737934385877
2018,Sri Lanka,4.366,14759.82489452264,28.6882456623859,2.3097886777035,66.91540428,84.183,67.2420258636788
2018,State of Palestine,4.696,,,,,93.756,
2018,Swaziland,4.212,,,,,,
2018,Sweden,7.343,60124.57119941789,6.6338928167307,1.06138286689242,71.05753137,68.378,85.93914786520668
2018,Switzerland,7.48,81371.8944120855,10.676114525677,0.587106357663197,71.35828444,75.677,80.16004532203907
2018,Syria,3.462,,,,,,
2018,Taiwan Province of China,6.446,,,,,,
2018,Tajikistan,5.467,3479.6923596604056,33.3847568433032,,64.65983905,82.537,65.80664826388889
2018,Tanzania,3.231,3392.68872070313,19.7342269077772,4.75998593558216,,,55.84298526016467
2018,Thailand,6.008,20882.170741957634,24.511740416507,,67.31018758,59.993,73.05746965452849
2018,Togo,4.085,2787.5639840975896,30.9430102097411,,55.3247861,71.767,55.06094766573295
2018,Trinidad and Tobago,6.192,33710.017854000784,12.9576145189546,35.1576671765775,63.99936868,87.316,60.22525297073297
2018,Tunisia,4.461,13163.195223035675,18.9546097979168,,66.47597173,70.72,71.5824481028775
2018,Turkmenistan,5.247,14499.168437760627,33.0358136706851,,61.0753891,76.036,57.06006682539682
2018,Türkiye,5.373,,,,67.16130877,81.994,69.35950241376271
2018,Uganda,4.189,2613.8797641396313,27.5743901013937,10.8189825436186,57.21662843,66.762,52.10635181727994
2018,Ukraine,4.332,16978.984375,17.4384643248867,4.42833090390794,63.24698516,74.144,72.12534914096321
2018,United Arab Emirates,6.825,72671.07872887644,58.2253146383654,,69.51205887,90.484,67.75723338001868
2018,United Kingdom,7.054,52983.03954119698,10.6059076264199,1.09059626628076,,85.918,81.65057878330819
2018,United States,6.892,67728.44249210236,7.75750644568182,4.88693701574911,,,75.03338823398823
2018,Uruguay,6.293,29757.92760554146,10.8748352762654,12.4022914485464,66.82723705,86.236,76.84125905565023
2018,Uzbekistan,6.174,8742.549199121602,32.6612147415155,1.46416093130273,62.9945615,85.304,68.86666436202687
2018,Venezuela,4.707,,,,,,
2018,Viet Nam,5.175,10936.893785955768,26.284246279735,,65.27007984,86.677,
2018,Yemen,3.38,,,,56.94389096,85.012,
2018,Zambia,4.107,3646.959664816546,21.1144380958661,,53.54286138,53.028,51.15621227002164
2018,Zimbabwe,3.663,5415.493220281926,18.0277324680283,4.88212007993374,51.62104799,34.504,57.67606004689755
2019,Afghanistan,2.56690001487732,2927.245143535302,34.7952135471867,7.16396695794585,52.30937005,83.97,45.06062122655123
2019,Albania,4.88269996643066,16761.12301786816,17.2950261740093,2.25302550996799,68.40525475,67.364,73.21649582378406
2019,Algeria,5.00509977340698,15199.198996563926,16.0043837868398,1.19876531330297,66.1377459,79.509,71.64526131907309
2019,Argentina,5.97469997406006,26629.552941950053,14.7246348007331,5.13191495105041,66.89652894,85.974,72.91914927637721
2019,Armenia,4.67679977416992,16215.360796509412,29.3192994071172,2.51379877522903,66.47682393,77.122,72.6115640873016
2019,Australia,7.22279977798462,58048.61884208314,9.32733932375095,0.882951478402183,70.25644524,82.03,77.72122139037432
2019,Austria,7.29419994354248,64609.283639689456,11.0526066543986,0.86703158562286,70.44474022,58.473,85.38796351322287
2019,Azerbaijan,5.16480016708374,20101.491875147043,23.6069727557806,1.66164299896889,66.62391976,78.709,72.6592423611111
2019,Bahrain,6.22730016708374,56749.96283706122,55.3164475014708,0.269238704006036,65.79860929,97.833,60.85254518518519
2019,Bangladesh,4.83279991149902,6838.326116082433,66.7938254643287,,63.97887364,97.866,61.71156869747899
2019,Belarus,5.5398998260498,26798.820639807636,13.3493316188904,2.38463165310244,65.43521345,73.586,78.70996591706904
2019,Belgium,6.86350011825562,60479.97699554686,10.4433980360673,,70.10246331,78.306,80.51164736929738
2019,Benin,5.21600008010864,3281.1047005146465,33.2793211323522,,55.87127111,72.529,56.1343623716153
2019,Bolivia,5.74749994277954,11930.915914591844,28.9239915164101,4.25827764835632,,,67.9831150928932
2019,Bosnia and Herzegovina,5.67409992218018,17029.29719803434,25.9044315955196,1.25540534198886,67.01024039,51.424,72.25752714393448
2019,Botswana,3.47889995574951,18106.01054711243,15.0050545912724,,56.0523028,69.296,61.98785183531746
2019,Brazil,6.37559986114502,18018.62091515179,13.813142449647,21.2445602088385,64.5250651,79.182,72.16768331211271
2019,Bulgaria,5.10150003433228,29149.921509976022,21.9039450440062,1.18988414972527,65.66690799,60.094,74.83069976657328
2019,Burkina Faso,4.76870012283325,2391.5362684448355,34.0812487151047,,54.95706515,49.47,51.09879097222222
2019,Burundi,3.77530002593994,1054.7259273489824,39.9184588505278,,56.2073357,83.617,52.46966378968255
2019,Cambodia,4.8484001159668,6448.884559528051,18.9755795340346,,61.25419516,67.761,62.03616452922078
2019,Cameroon,5.08489990234375,4882.355600288962,52.8612394449312,,54.24404511,74.145,55.59505076181988
2019,Canada,7.23210000991821,57583.82307392043,6.44637527905843,1.82357460879594,70.29668163,76.13,78.77350515660811
2019,Central African Republic,3.47589993476868,1145.095636577519,34.0493204346223,,45.97230527,,38.31689749503968
2019,Chad,4.42269992828369,2604.5315366178907,41.5536418024184,,51.7750884,51.763,41.5213113343254
2019,Chile,6.22849988937378,28227.979050759383,20.755448395943,4.81306553520039,69.37230839,81.691,78.28502741702742
2019,China,5.12389993667603,18820.587164564455,37.20244673057,0.518362801144556,68.45295916,83.6,72.45793732672556
2019,Colombia,6.16340017318726,17336.77160305506,19.7067243599727,23.3990612924966,67.90056298,81.262,70.53013545751635
2019,Comoros,4.28859996795654,3522.6686695264643,10.5966922774077,,59.75616485,85.801,52.8700869047619
2019,Congo,5.1943998336792,,,,54.67023566,91.35,
2019,Costa Rica,7.12139987945557,23496.82946229951,17.841294618157,11.2610056078008,69.21303269,73.621,72.4686018249724
2019,Croatia,5.50470018386841,35122.79662310085,16.3501847140191,0.827828171469303,68.37991794,54.568,81.16522936507936
2019,Cyprus,6.15899991989136,45454.17578125,16.4888959613625,1.16579872951254,71.12585493,75.441,75.16237166199815
2019,Czechia,6.9109001159668,47763.61655202543,13.4196543528156,0.862160849844266,68.49230253,59.967,81.79984812826063
2019,Côte d’Ivoire,5.23330020904541,,,,,,
2019,DR Congo,4.31099987030029,,,,,,
2019,Denmark,7.64559984207153,66758.63233461307,9.08862810353217,0.859901642730301,70.31425391,64.661,85.6868345089551
2019,Dominican Republic,5.68919992446899,21451.28644199497,13.2694812112673,9.41799066618377,64.1430915,85.389,70.78457552202701
2019,Ecuador,5.92519998550415,13870.489511806805,18.880438766098,6.84543557226847,67.61542231,77.361,69.68055317460319
2019,Egypt,4.15140008926392,,,,62.51960396,96.881,
2019,El Salvador,6.34829998016357,10543.938329131672,30.6138770514804,38.5386955905095,64.38870404,76.145,66.8550479034038
2019,Estonia,6.02180004119873,42215.03438358106,6.48539152857741,1.95957029638124,68.36583118,64.73,81.38717932688226
2019,Ethiopia,4.18620014190674,2437.9704604796666,22.7924418312934,,59.93190324,63.637,52.14831165674602
2019,Finland,7.80870008468628,56922.48731631031,5.2174017815856,1.46692385524251,70.18863415,60.766,87.07343067357479
2019,France,6.66379976272583,53448.55488499433,9.41824194165321,1.14560504750237,70.71715121,62.125,83.30925088277733
2019,Gabon,4.82929992675781,19491.40676313957,29.3305583712676,,56.3775425,82.65,62.31519815592905
2019,Gambia,4.75059986114502,,,,56.60245236,74.319,
2019,Georgia,4.67259979248047,18186.8816465807,18.9456214930977,2.02806499553233,64.85351819,64.472,72.77122573211102
2019,Germany,7.0757999420166,62949.89325118552,9.95772717043857,0.745579302641966,69.44497943,72.911,83.53679282318988
2019,Ghana,5.14799976348877,6508.246523059009,25.0476126459012,1.82667713193775,57.94305064,76.657,61.68741053391053
2019,Greece,5.5149998664856,33502.75064889967,15.4629284259515,0.727708640014711,69.81574212,67.231,77.73615176979884
2019,Guatemala,6.39890003204346,11466.376493219734,29.3775212370689,25.9415998284592,62.53651792,72.939,59.47025014854427
2019,Guinea,4.94929981231689,3557.462338831454,26.5843726882957,,53.50947382,53.327,53.9437280812325
2019,Haiti,3.72079992294312,3361.753288941139,15.3583584553577,,54.99784235,82.065,51.23555353323147
2019,Honduras,5.95319986343384,6264.0188427671455,29.4283957469446,41.0111655865032,62.34940977,58.397,61.49950710041593
2019,Hong Kong SAR of China,5.51039981842041,,,,,,
2019,Hungary,6.00040006637573,37662.67681013997,14.686677071267,0.66527835015882,66.59236063,62.543,80.30615351315352
2019,Iceland,7.50449991226196,65994.9860038103,4.92546019539672,0.277239086829896,71.39375059,75.576,81.53176358543418
2019,India,3.57329988479614,7702.176348119574,53.5981486621548,2.94997162020176,60.88252939,83.092,64.37440284780578
2019,Indonesia,5.28560018539429,12757.78508548416,23.9728901300149,,63.2893691,85.858,68.69846862745098
2019,Iran,4.67239999771118,,,,,,
2019,Iraq,4.78480005264282,14910.22503238197,45.7010021473815,,62.40584079,87.289,59.47416078431372
2019,Ireland,7.09369993209839,96205.7961557005,8.57888040778008,0.648627918850972,70.47920306,54.727,78.32216353874884
2019,Israel,7.12860012054443,44492.12269670844,22.6047775086382,1.6402012873501,71.50510833,93.475,74.04220316742082
2019,Italy,6.38740015029907,49690.62985052735,14.9904134967112,0.527189893600108,71.42736916,76.724,79.62932456497751
2019,Jamaica,5.88980007171631,10816.37203911542,21.0265683890828,47.462677157099,63.55076363,72.789,69.8493035226212
2019,Japan,5.87080001831055,46055.349867248704,11.9970236725114,0.251776994076062,73.58129509,91.129,80.07703487754077
2019,Jordan,4.63339996337891,10168.358852353691,32.1645840142968,1.14319003336944,68.3615608,93.308,68.2458891817333
2019,Kazakhstan,6.05789995193481,33298.21236950345,20.6684838968766,,63.96788731,76.396,71.3710049287518
2019,Kenya,4.58300018310547,5171.712642792572,20.2519023152347,3.07795502113628,58.24660368,74.821,60.89844309056957
2019,Kosovo,6.32520008087158,11774.117851090836,,1.36748864129747,,,
2019,Kuwait,6.10209989547729,51380.64553546314,57.825909998705,0.360182418888326,70.47654159,96.161,58.5004897964998
2019,Kyrgyzstan,5.54150009155273,,,,64.8418676,75.549,
2019,Lao PDR,4.88859987258911,8075.2750237700275,27.8703405333604,,,,61.40908881448412
2019,Latvia,5.94999980926514,35208.193459085865,13.953687230057,3.39556267869149,66.02158296,57.264,80.98339797130974
2019,Lebanon,4.77150011062622,15659.566104001171,27.8802089438784,3.14085853124481,67.40532045,89.992,64.98030952919629
2019,Lesotho,3.6528000831604,2773.286398872358,25.8844505340864,,45.04266302,37.629,53.18142782738095
2019,Liberia,4.55789995193481,1575.766650012378,17.9585172295432,,53.98511935,58.605,49.91939453275483
2019,Libya,5.48880004882813,14337.196298758206,20.0089753588808,,63.35601233,75.365,53.87957789115647
2019,Lithuania,6.21549987792969,43078.711858546114,12.1457403238805,3.36307869103253,66.22751262,57.882,76.98465306850012
2019,Luxembourg,7.23750019073486,132724.75466830298,8.85302220354508,0.644991719918795,71.45517211,67.947,77.31461651785716
2019,Madagascar,4.16559982299805,1707.8315383003903,13.7738240717124,,56.15947792,42.271,50.16324733893558
2019,Malawi,3.53800010681152,1687.2894491789152,19.596437811483,,55.53671304,63.455,54.67174075577201
2019,Malaysia,5.38430023193359,31300.508655484915,20.8986497768105,0.9270169844912,65.48693368,82.136,69.00790812324931
2019,Maldives,5.1975998878479,21855.50122457897,11.7717933697816,0.615093155858455,66.93412668,55.463,73.4204156862745
2019,Mali,4.72930002212524,2916.171677910843,35.4028018278016,,53.81374513,46.674,52.23924588293651
2019,Malta,6.77279996871948,53393.423164246284,12.1152477005238,0.992032983112623,71.16284153,94.962,78.68988034547154
2019,Mauritania,4.37459993362427,6162.21044455969,43.6914963916805,1.07437639165317,61.59490029,58.949,54.8610145955352
2019,Mauritius,6.10129976272583,25958.490028146538,15.0236819864042,2.09909272547754,64.24799842,90.982,66.96067347913524
2019,Mexico,6.46500015258789,21704.185952747954,17.0845735836968,29.150867187807,65.4608084,77.435,68.86961606824549
2019,Mongolia,5.45620012283325,15790.696112644131,44.1529420963905,6.34259904548525,62.00196014,69.994,65.83537236426768
2019,Montenegro,5.54610013961792,24585.115952915752,19.9401337330817,3.76021900823406,67.25294148,81.866,72.93352754859521
2019,Morocco,5.09479999542236,8768.17578125,17.1600688643338,2.77264595868349,63.59750282,77.914,69.35428464052288
2019,Mozambique,4.62360000610352,1528.8898835437337,16.1353369294546,,50.6474368,50.165,52.47139901960784
2019,Myanmar,4.30800008773804,6562.988984786251,36.7128668064078,2.8855992129134,60.66155073,69.317,61.30757283761989
2019,Namibia,4.57110023498535,10813.304468194407,15.4572528817777,12.0354899812092,55.53160284,41.534,65.99853403361347
2019,Nepal,5.13719987869263,4607.524547171124,54.2758746113853,1.95325811107588,61.52749847,72.287,66.70500508883478
2019,Netherlands,7.44890022277832,67847.8818461095,10.5448242918594,0.712758090417298,,84.206,79.6889566384596
2019,New Zealand,7.29960012435913,47392.19331351721,7.72371069620344,2.28484272415384,69.74499622,75.936,77.85275603354978
2019,Nicaragua,6.13710021972656,6756.59334024487,20.2131179025699,7.94304819024202,67.68334258,64.583,63.65638032212885
2019,Niger,4.90959978103638,1605.194765690292,55.4593541424912,,53.15432072,49.633,46.17275542027417
2019,Nigeria,4.72410011291504,8361.786648360001,56.1742360202495,21.099298161443,54.81295678,80.562,53.89339008573126
2019,North Cyprus,5.53550004959106,,,,,,
2019,North Macedonia,5.15980005264282,21766.88420624866,23.5530919085053,1.21203114814657,66.6524371,70.628,73.00412821744229
2019,Norway,7.48799991607666,90772.90170418654,6.1522585458121,0.523586594350632,71.18469375,64.306,83.91436601241897
2019,Pakistan,5.69329977035522,5295.952951382034,53.4624424408059,3.47225684652177,57.80361075,87.552,56.55258713280184
2019,Panama,6.30480003356934,33163.7172814857,15.3498636744005,11.3349220328569,68.31230743,68.074,69.25812029539088
2019,Paraguay,5.69210004806519,15319.388999122124,16.398596736735,8.50337786708883,64.87178917,59.802,66.25321275703465
2019,Peru,5.79680013656616,15461.457258546636,30.672466480308,7.3499267457301,68.41484707,72.868,71.7123927298192
2019,Philippines,6.00600004196167,9452.293971598096,23.1871442405274,4.2994572517325,61.25593066,84.575,67.69061559290384
2019,Poland,6.1862998008728,38181.62303346887,18.1315337173154,0.661855188726895,67.55951536,60.045,81.17869633340516
2019,Portugal,5.9109001159668,40188.28687992231,8.28261825252783,0.705776821960449,70.06049234,70.457,80.21378422459895
2019,Republic of Korea,5.87239980697632,,,,72.50021771,90.135,
2019,Republic of Moldova,5.60750007629395,,,,64.42798316,53.82,
2019,Romania,6.12370014190674,36399.4746080793,16.4166768529099,1.25118311157138,66.17611197,54.675,76.80479257703082
2019,Russian Federation,5.5460000038147,37319.3203125,12.5569592919877,7.64469087376708,63.7170407,78.775,73.07112935071464
2019,Rwanda,3.31229996681213,2753.539598108564,40.1780502490937,3.16215359253131,59.10058688,91.554,59.02409458423521
2019,Saudi Arabia,6.4064998626709,62647.729948784225,71.1180092701773,0.935259944754359,66.15306557,83.651,59.08505108465608
2019,Senegal,4.98080015182495,4070.6122705955004,39.8433750730602,,59.87235176,69.897,60.60872278244631
2019,Serbia,5.77820014953613,21541.126403718445,20.3036764511414,1.26325112750546,66.55006534,64.745,77.11944070616882
2019,Sierra Leone,3.92639994621277,2852.662698299674,22.5037713493302,,52.63188374,57.17,54.97875867922927
2019,Singapore,6.37709999084473,120678.34197855699,18.8678146675534,0.211656543163604,73.79679211,99.926,71.29758211640211
2019,Slovakia,6.28060007095337,,,,67.47785011,53.503,
2019,Slovenia,6.36339998245239,44577.94185830695,13.2114748069236,0.671965756625042,70.23011555,50.239,80.64688384687209
2019,South Africa,4.81409978866577,14352.669870987076,28.8697691230442,35.7874756270719,56.29404412,,63.49806378915202
2019,South Sudan,2.81660008430481,,24.2274572216095,,50.95647471,64.157,37.636771875
2019,Spain,6.40089988708496,46896.41711414235,10.4338195896242,0.69779523479218,71.68925823,78.469,80.01819636703166
2019,Sri Lanka,4.3270001411438,14637.444291267593,24.0032412073756,3.31094038448808,67.08723464,84.435,68.07097099142686
2019,State of Palestine,4.55280017852783,,,,,93.913,
2019,Swaziland,4.30810022354126,,,,,,
2019,Sweden,7.35349988937378,61070.5243445838,5.99033026849403,1.07985845098683,71.41293479,68.607,86.62482581274934
2019,Switzerland,7.55989980697632,81694.63065231395,9.18416349963332,0.53628529631628,71.52508144,75.851,80.04710015262516
2019,Taiwan Province of China,6.45539999008179,,,,,,
2019,Tajikistan,5.55569982528687,3649.883755186463,31.0737152169277,,64.91224613,82.66,65.86597078373016
2019,Tanzania,3.47620010375977,3484.63256835938,22.0048939517856,4.59485426006108,,,56.03294979628215
2019,Thailand,5.9987998008728,21280.150451860092,23.9611072205444,,67.1419192,60.321,73.5557210550887
2019,Togo,4.18720006942749,2862.626611603314,29.5326894869218,,55.80712266,71.503,55.39245854341737
2019,Trinidad and Tobago,6.19189977645874,33748.706084992446,13.6004693726607,36.2988873279844,64.07092927,87.382,59.91632281792281
2019,Tunisia,4.39219999313354,13243.902423324596,16.9323513605894,4.80838825436222,66.6757488,70.988,72.18205287751464
2019,Turkmenistan,5.11910009384155,15080.903400769335,28.0160189133278,,61.13354296,76.268,57.55154374236874
2019,Türkiye,5.13180017471313,,,,67.23815593,82.165,69.29245177045175
2019,Uganda,4.43200016021729,2689.4100914491924,32.5735656593236,10.9721855213314,57.55453728,68.216,52.3647881403319
2019,Ukraine,4.56069993972778,17636.5546875,16.290163233447,4.04827159044446,63.47307784,74.096,72.46127107389138
2019,United Arab Emirates,6.79080009460449,72822.94664389215,55.0277222030034,0.68245938100401,69.6863442,90.366,68.55592296918769
2019,United Kingdom,7.16450023651123,53374.09276284817,10.2890709531888,1.15033375026475,,85.981,81.62559733371205
2019,United States,6.93959999084473,69121.45800167408,7.26916299261301,4.93472178525416,,,75.19233250801487
2019,Uruguay,6.44010019302368,30010.562883429426,11.1840764177385,11.5977676357818,66.81174318,86.243,77.68756529973294
2019,Uzbekistan,6.25759983062744,9169.011475083511,32.5487636954353,1.20128497449438,63.62098233,85.364,69.75856482753358
2019,Venezuela,5.05319976806641,,,,,,
2019,Viet Nam,5.35349988937378,11628.613914745056,27.225760121213,,65.38787599,86.774,
2019,Yemen,3.52740001678467,,,,57.35889359,85.358,
2019,Zambia,3.75939989089966,3591.5641888310797,22.1205330057265,,53.8691716,53.121,51.2924996708153
2019,Zimbabwe,3.2992000579834,4993.865469282076,16.5336648957629,5.1730796210621,51.95162108,34.053,56.55037762896825
2020,Afghanistan,2.523,2769.68574507111,34.1641257733592,6.57810893906391,51.65582147,84.415,46.98659947330448
2020,Albania,5.117,16457.71897449906,15.7141751458801,2.12398982086583,67.15342179,67.898,73.62407707325353
2020,Algeria,4.887,14194.155747961899,15.3457911307566,1.48494311952627,64.14079841,79.778,71.81524620575503
2020,Argentina,5.929,23877.093140485536,16.0292286761716,5.35272149985868,66.15404009,86.048,73.07000434810288
2020,Armenia,5.283,15052.93597911361,27.1586984360582,2.59435451162573,61.03095047,76.988,74.36000555555557
2020,Australia,7.183,57260.46505301084,6.81304835611171,0.858459424254959,70.73290197,82.202,77.88303752228163
2020,Austria,7.268,60276.33076973262,10.2641161409981,0.728584791296886,69.92110503,58.724,85.77326432109558
2020,Azerbaijan,5.171,19126.096851125993,24.5574389862394,2.15091148557269,62.99997082,78.928,72.68967606646827
2020,Bahrain,6.647,53814.24525923582,51.222597367969,,64.72649179,97.858,61.37164333333332
2020,Bangladesh,5.025,7015.197927970561,72.109680405827,,63.34375913,97.958,62.24615162762075
2020,Belarus,5.534,26731.495386992214,12.6488078774925,,63.90188564,73.813,79.12901475330226
2020,Belgium,6.834,57333.542413792406,9.1455522668212,,69.33220063,78.415,81.22302622769386
2020,Benin,5.045,3317.8597222556973,41.5093042158764,,56.06610517,72.564,56.4611393557423
2020,Bolivia,5.716,10285.659075022226,31.3573420977687,3.62211536699793,,,67.35112635281385
2020,Bosnia and Herzegovina,5.813,16747.035391869464,26.8199216959582,1.3032872085846,65.8717719,51.193,72.71815115815558
2020,Botswana,3.467,16289.391358264542,13.3194834274843,9.3410798076921,56.29608445,69.2,62.36559253472223
2020,Brazil,6.33,17327.51572494663,13.6658296866126,21.8129091470528,63.27264316,79.25,72.60170351837705
2020,Bulgaria,5.266,28521.20624825962,20.4975477456356,0.995146569224991,64.37926353,60.106,74.97301923436041
2020,Burkina Faso,4.834,2380.931718265739,38.7317658994725,,55.14517935,49.389,51.34589667658729
2020,Burundi,3.775,1027.6289627674355,37.9559631020333,,56.39985355,84.598,52.79202643849207
2020,Cambodia,4.83,6128.782437833349,20.9367755079912,,61.4620016,68.061,62.58220264700577
2020,Cameroon,5.142,4763.481943880655,53.4777342537613,4.58593823145619,54.36933648,74.183,55.77085835667601
2020,Canada,7.103,54092.8576890836,6.02639529210685,2.00409191032713,69.62553122,76.243,79.47900395127748
2020,Chad,4.355,2513.0292272930474,41.4493480107205,,51.58330064,51.466,41.8320294890873
2020,Chile,6.172,26258.40385532415,20.0102686850355,5.75613878004137,68.34494597,81.763,78.02294318818436
2020,China,5.339,19215.101249101157,33.6907047751319,0.5018560705357,68.51324163,83.644,73.10427308410542
2020,Colombia,6.012,15861.499929129526,19.1676132940414,22.6427030734102,66.36999036,81.463,69.26705427383077
2020,Comoros,4.289,3447.4727490477203,10.2209724654924,,59.89825384,86.328,52.93289355742297
2020,Congo,5.342,,,,55.06772265,91.729,
2020,Costa Rica,7.069,22368.13780726379,17.9677813432914,11.3222838436969,68.80789472,73.671,72.48788180969358
2020,Croatia,5.882,32493.40170100552,15.5363694697733,1.01164453441337,67.73166145,54.39,81.44941321195147
2020,Cyprus,6.223,43402.359375,16.8829450553339,1.15185477415008,70.93251625,75.671,74.98782640235582
2020,Czechia,6.965,45119.93873091392,12.7679260152194,0.729848861096918,67.69540769,60.066,82.32466644293207
2020,Côte d’Ivoire,5.306,,,,,,
2020,Denmark,7.62,65379.306612099535,7.56699784427867,0.823111601929511,70.24159362,64.79,85.99252254477548
2020,Dominican Republic,5.545,19545.409955294315,12.8896641072094,8.72977662309348,63.74390426,85.517,71.84863563152534
2020,Ecuador,5.764,12440.326374781402,18.7426731318293,7.81941728300383,63.51526577,77.484,69.21118081232491
2020,Egypt,4.283,,,,61.18860664,96.934,
2020,El Salvador,6.061,9692.449316057988,31.1858574816377,21.5087446038674,62.57983737,76.073,67.07161646294881
2020,Estonia,6.189,40916.71941133273,6.38391649561802,3.1586796568621,68.07439019,65.016,81.97943282403872
2020,Ethiopia,4.275,2516.549076388985,23.9067499898344,,59.8004592,64.369,52.0639654265873
2020,Finland,7.842,55424.8574989208,4.95233131104412,1.75419179501202,69.98030861,60.872,87.5235258075258
2020,France,6.69,49311.33340963903,8.77800001489545,1.04999178555921,70.08042993,62.111,83.71220511416688
2020,Gabon,4.852,18681.484073854645,31.2781900678149,,56.3954408,83.091,62.35639663865547
2020,Gambia,5.051,,,,56.38126429,74.85,
2020,Georgia,4.891,17031.144028342584,18.9479160700645,,64.21868765,64.311,72.94135706646296
2020,Germany,7.155,60299.576771080945,9.06086572629572,0.935085587265765,69.24162344,73.023,83.79395171886938
2020,Ghana,5.088,6412.685417624688,30.1543666247493,1.74047705817606,58.02110423,76.842,62.08858294287413
2020,Greece,5.723,30487.112933104487,14.4453432380952,0.72901495405944,69.46651581,67.182,78.11894535268652
2020,Guatemala,6.435,11097.150390298593,31.9662189623904,18.1882859775834,61.05037089,72.91,59.44452082590612
2020,Guinea,4.984,3630.9933057767694,27.2214398926513,,53.43718875,53.579,54.31973174603175
2020,Haiti,3.615,3210.53609854862,15.8597316710366,11.3840030566048,54.73509414,82.552,50.75853226381462
2020,Honduras,5.919,5603.263983777774,36.5355643898854,35.7028493255269,61.29582849,59.065,60.70173606230372
2020,Hong Kong SAR of China,5.477,,,,,,
2020,Hungary,5.992,36119.52117356523,13.5188812207119,0.820558561392627,66.09802497,62.551,80.72474288523975
2020,Iceland,7.554,60617.14326885096,4.46377481487081,1.36383225954273,71.36480723,75.86,82.2509553688142
2020,India,3.819,7186.864470996788,52.1933674059995,2.93529734667461,60.35599285,83.392,64.87300560224091
2020,Indonesia,5.345,12388.544926813132,18.8647326240401,,61.93749408,85.904,69.31471465919702
2020,Iran,4.721,,,,,,
2020,Iraq,4.854,12827.634539229313,47.6300446099296,,60.33154765,87.503,59.90750730625583
2020,Ireland,7.085,101793.4475258714,7.81294532464159,0.622164323030526,70.10420776,54.811,79.05118185637892
2020,Israel,7.157,42926.54154185844,21.4862164788286,1.67038317453709,71.22294813,93.562,74.39141846943905
2020,Italy,6.483,45505.06887089558,15.4110266691012,0.475691584209703,70.48039507,76.752,79.88737055852643
2020,Jamaica,6.309,9891.969329615484,22.2580622432181,47.0901768054208,63.75281798,72.356,70.00075469399883
2020,Japan,5.94,44212.55034157237,11.2359883823418,0.251772416452194,73.63807718,91.126,80.29799877997822
2020,Jordan,4.395,9872.309451232497,34.5689113833928,0.993996674252794,66.65636387,93.465,68.25399640098463
2020,Kazakhstan,6.152,32011.5491499004,20.087431214828,3.11054491665357,62.47886209,76.684,70.77820897817462
2020,Kenya,4.607,5057.401155374287,22.7039455998975,3.56012051055805,58.37011157,75.34,62.42224701213819
2020,Kosovo,6.372,11137.502856040395,,2.11257513202167,,,
2020,Kuwait,6.106,49372.81879385524,56.6337832700639,0.249991818449578,67.66835431,96.17,60.07414355107856
2020,Kyrgyzstan,5.744,,,,63.01327192,75.512,
2020,Lao PDR,5.03,7995.595025278178,28.0509542341447,,,,61.64171639384919
2020,Latvia,6.032,34225.897604405814,14.0098212612214,3.68203328189884,65.80990113,57.137,80.91374617180205
2020,Lebanon,4.584,12507.436636807848,26.0680786310559,2.24466989542556,66.00251747,89.624,64.24763573942397
2020,Lesotho,3.512,2517.110444865932,27.1007395853564,,45.08762018,37.745,53.95902517361111
2020,Liberia,4.625,1497.3769243627232,19.1348640047007,,53.93808781,59.043,49.76874807137307
2020,Libya,5.41,9978.664001107427,18.8604995298583,,62.53292105,75.427,56.11704659863945
2020,Lithuania,6.255,43108.19760602826,11.4345904384498,3.6126075712028,65.08668332,57.927,78.09526330956626
2020,Luxembourg,7.324,129865.63187112365,8.14727031655208,0.475739656230524,71.31500432,68.717,78.43055825216452
2020,Madagascar,4.208,1545.7271437920392,12.3581851539272,,55.44883229,42.883,50.0078906162465
2020,Malawi,3.6,1656.4398519253257,16.3899819196217,,55.70998006,64.392,55.07593783369408
2020,Malaysia,5.384,29200.452632127035,13.6599055069719,0.746542626101193,66.99996633,82.282,69.21449757236228
2020,Maldives,5.198,14242.975070116228,11.0615126425059,,67.37667395,56.462,74.19385196078431
2020,Mali,4.723,2796.410384443858,34.6459248880864,,53.45345314,47.072,52.48848700396825
2020,Malta,6.602,50389.6963309289,10.4163973243993,1.35081285163347,70.93989204,95.106,78.70111255835668
2020,Mauritania,4.227,5963.235497249875,45.4453206008517,0.999971522550119,60.55111844,59.122,55.05373131737544
2020,Mauritius,6.049,22272.539869667697,14.1375462211663,2.72750722204948,63.80634809,90.878,67.37273466566114
2020,Mexico,6.317,19728.48178274552,16.7237606198387,29.0010048931398,61.59445373,77.326,68.94824979203803
2020,Mongolia,5.677,14801.342082918465,40.2206027753218,6.2295157189674,63.41105649,70.496,66.94213236607143
2020,Montenegro,5.581,20904.599931451266,19.452509792424,2.96084285326556,66.07260301,81.775,73.32517569815806
2020,Morocco,4.918,8054.56298828125,17.6745548244128,2.93295948896857,62.38086268,78.102,69.5598847805789
2020,Mozambique,4.794,1466.1247647447606,13.0371538034339,,50.74977703,50.002,52.69947581699346
2020,Myanmar,4.426,5926.83450206681,36.8841217490584,2.96322722719558,60.68569606,69.363,61.81729199558611
2020,Namibia,4.574,9652.248272194625,14.4300441951521,11.1039385450139,55.71828677,41.765,66.26079822595705
2020,Nepal,5.269,4412.5420439395,51.1333778512821,2.13004129984372,61.09515422,72.597,66.38486386183261
2020,Netherlands,7.464,64862.18903534743,8.95977219371951,0.686068183497271,,84.297,80.49575073913016
2020,New Zealand,7.277,46326.38046729759,7.05142839254853,1.02566226716727,70.19413907,76.28,78.7240001736111
2020,Nicaragua,5.972,6523.369446611954,21.6853479304391,,64.80710319,64.396,63.87508235294117
2020,Niger,5.074,1622.278736029109,65.2328825383295,,52.95938336,49.405,45.99873884830447
2020,Nigeria,4.759,7664.210995751679,63.7025276792271,,54.54076277,80.58,53.8912903234021
2020,North Cyprus,5.536,,,,,,
2020,North Macedonia,5.101,20971.442103359346,22.5072186688488,0.587601972312729,65.09200815,70.545,72.88779010191199
2020,Norway,7.392,89012.27238045036,5.35135775741965,0.576285998471727,71.20376003,64.47,84.2007173486644
2020,Pakistan,4.934,5135.014592888394,54.8397942743298,3.55316509010108,56.86688688,87.988,56.60764035506977
2020,Panama,6.18,26881.82772216894,15.1907401233296,11.6461589453797,66.87675243,68.315,69.96331842373313
2020,Paraguay,5.653,14989.76671301618,19.6466878417044,7.28375188027935,64.85424131,59.376,67.46154785804474
2020,Peru,5.84,13607.764070582782,29.8567440111987,5.79501314909191,63.90066449,73.007,70.33732709023002
2020,Philippines,5.88,8455.184571341064,21.7674946627007,,61.30162838,84.81,67.38332950513539
2020,Poland,6.166,37852.802131363875,16.4409892974788,0.69686389242182,66.44287628,60.045,81.39067763608942
2020,Portugal,5.929,36852.228733810305,8.74778129241256,0.78106023430457,69.38735957,70.513,80.35724042101688
2020,Republic of Korea,5.845,,,,72.49856636,90.108,
2020,Republic of Moldova,5.766,,,,63.39200941,53.364,
2020,Romania,6.14,35283.60603582406,16.0420354209434,1.44901611032613,65.02236491,54.71,76.75867390289447
2020,Russian Federation,5.477,36376.3359375,12.444538795419,7.30812673633554,62.21581425,78.818,74.00280781440782
2020,Rwanda,3.415,2617.7070603436364,38.4056047935603,3.61247427164444,59.49526156,92.086,59.26469752886003
2020,Saudi Arabia,6.494,57420.73357364236,68.3959671214439,,65.28925386,83.645,60.27901571428571
2020,Senegal,5.132,4018.0412927904413,40.6552283701407,,59.63305896,69.857,61.17190294117648
2020,Serbia,6.078,21479.078855334676,20.1427099429094,1.21601456438015,65.31375421,64.832,77.26547995580808
2020,Sierra Leone,3.849,2752.626153556634,22.6716833620106,2.22431228940123,52.64918501,57.679,54.43872410661233
2020,Singapore,6.377,116684.21359657156,12.2426173596677,0.177931178177524,73.8017058,99.925,72.32572592592594
2020,Slovakia,6.331,,,,66.88929213,53.522,
2020,Slovenia,6.461,42471.522803127664,13.2080480794718,0.523206714930108,69.46577502,50.312,81.33031645870469
2020,South Africa,4.956,13250.566659445636,28.3262173044747,32.9775673780065,55.03596828,,64.44177019777608
2020,Spain,6.491,41553.44779456746,10.0910228471584,0.69421884953507,70.63086617,78.638,80.53076363636364
2020,Sri Lanka,4.325,13886.651372868899,22.4205185814566,,69.25131518,84.682,68.77961402682286
2020,State of Palestine,4.517,,,,,94.064,
2020,Swaziland,4.308,,,,,,
2020,Sweden,7.363,59458.280529196934,5.36986329823469,1.19764105277864,70.73289273,68.832,86.84427806213392
2020,Switzerland,7.571,79270.8713687141,9.12641120132556,0.543944872228796,70.8688369,76.021,80.8239074824481
2020,Taiwan Province of China,6.584,,,,,,
2020,Tajikistan,5.466,3724.7489591465974,31.4350206909239,0.892370798940089,62.34402703,82.778,65.95110753968254
2020,Tanzania,3.623,3449.82153320313,22.5094861470273,3.74921291744897,,,56.29665490196079
2020,Thailand,5.985,19950.284406314742,25.1774583777729,,66.74703575,60.647,74.07080891690008
2020,Togo,4.107,2861.2979624051295,36.9850943715423,,55.93008645,71.252,55.5933302054155
2020,Tunisia,4.596,11955.59836984789,17.004974740635,4.69348024650292,66.2405825,71.252,71.87266123843476
2020,Turkmenistan,5.066,15630.914519252932,28.717031653575,,60.5071479,76.49,58.07983579365079
2020,Türkiye,4.948,,,,66.03379113,82.331,69.9497506080521
2020,Uganda,4.636,2678.009072022927,33.4244237039788,10.0321315001,57.68586334,69.58,52.35026440746753
2020,Ukraine,4.875,17092.5390625,15.9929635073004,3.80035686872931,62.9945096,74.047,73.43659281274282
2020,United Arab Emirates,6.561,66808.62092560282,47.9198581382905,0.687938137215929,68.60732431,90.251,70.53125961718021
2020,United Kingdom,7.064,47930.5490378931,9.52171570283834,0.94577935310667,,86.043,82.55919290154291
2020,United States,6.951,67406.8311325507,7.73512626395484,6.35465593745812,,,75.8061985530809
2020,Uruguay,6.431,27788.174960019605,11.9353074773879,10.0324569104505,67.32914507,86.249,77.87890168752816
2020,Uzbekistan,6.179,9145.23119844239,32.3909036978102,1.33685174451114,62.81750336,85.421,71.11239417353478
2020,Venezuela,4.892,,,,,,
2020,Viet Nam,5.411,11851.396568564898,25.2817623512854,,66.16425416,86.869,
2020,Yemen,3.658,,,,57.03904432,85.684,
2020,Zambia,4.073,3391.5954115609516,19.448495527814,,53.91470698,53.21,51.2330965458153
2020,Zimbabwe,3.145,4527.7394921925425,13.698771280809,5.02354351291954,52.19894576,33.615,57.02969880050505
2021,Afghanistan,2.404,2144.166570028188,39.7388328758413,4.0324584656778,50.44624351,84.122,45.85377019240021
2021,Albania,5.199,18212.794718287976,15.8337516349214,2.31608568885389,66.68795531,68.118,74.24823736312706
2021,Algeria,5.122,14496.865469729873,16.8669275134746,1.55268752449532,65.54819194,80.037,71.83353217044395
2021,Argentina,5.967,26300.274261175044,13.9190749120157,4.62126366336244,64.7943616,86.095,73.76310717468805
2021,Armenia,5.399,15921.705281964018,30.5313936417254,3.13550776151398,64.01330853,77.074,73.64469439484125
2021,Australia,7.162,58327.414684232484,5.4818683964456,0.743554074825619,70.60635821,82.114,78.11532711145065
2021,Austria,7.163,62968.85387701863,10.7703740394321,0.724875548626241,69.78945352,58.833,85.35778240127927
2021,Azerbaijan,5.173,20111.375695210878,27.2242211332911,1.7001534193041,64.04244286,78.959,72.83051096230159
2021,Bahrain,6.647,54954.67578955323,57.5337113311962,0.0665883809268237,64.23784447,97.889,61.51280031746033
2021,Bangladesh,5.155,7441.069139612541,73.1105267513781,,63.05118978,97.969,62.4663191049147
2021,Belarus,5.821,27611.180113515707,13.8648907796671,,63.70762409,74.067,79.03262608780109
2021,Belgium,6.805,60669.21377465336,10.7283609930744,1.08030153549307,69.79467895,78.569,80.91787897690544
2021,Benin,4.623,3464.2886286745,40.8353843252766,,55.71581111,72.912,58.13249129318394
2021,Bolivia,5.6,11202.440983670711,28.1172356323428,3.50161189331694,,,68.5043233270202
2021,Bosnia and Herzegovina,5.768,18286.661497717454,25.6011826273789,0.986160622452258,64.98581956,51.288,73.32211767758386
2021,Botswana,3.471,17960.625444743728,13.9720494964628,11.3681767255945,53.10367193,69.472,62.73142611607143
2021,Brazil,6.293,18075.706004906784,13.6869644159129,20.5048626655709,61.8265355,79.343,72.17042256599609
2021,Bulgaria,5.371,30958.983023833225,20.3137843906143,1.29412653402161,62.3889052,60.263,75.49072502334268
2021,Burkina Faso,4.67,2486.4309314776174,37.330661427955,,54.56242197,49.884,52.6684597718254
2021,Cambodia,4.64,6225.532654747405,19.5777877942962,,60.63072299,68.292,62.6269047754329
2021,Cameroon,5.048,4793.556282001956,53.1474397977025,,54.00702693,74.543,57.31792803454715
2021,Canada,7.025,56995.09520207115,7.83769210708607,2.08300518200199,69.7835968,76.248,79.0186448433919
2021,Chad,4.251,2435.0727465109867,40.2491809011673,,51.51506012,51.67,42.16252720734127
2021,Chile,6.172,29106.635652205307,22.0634868594571,4.65658124495601,67.65230473,81.865,78.12857146676852
2021,China,5.585,20843.297834737652,31.918522723712,,68.58451615,83.659,74.162864917762
2021,Colombia,5.781,17383.090172829532,16.6640289062553,25.5801274097033,65.02156489,81.626,69.78374250275867
2021,Comoros,4.609,3449.0435745318014,9.93169178429907,,59.01938606,86.593,52.9279568627451
2021,Congo,5.075,,,,54.83573617,91.764,
2021,Costa Rica,6.582,24083.59881824373,18.054990422746,11.6205820666553,67.63481911,73.761,72.99083397419572
2021,Croatia,6.125,36930.076102199,15.8311978587026,0.840847880426335,66.80261522,54.487,82.1587263305322
2021,Cyprus,6.221,47632.5703125,16.4064238159329,1.21459779542909,70.74237452,75.746,75.55387070674426
2021,Czechia,6.92,47796.0337408466,13.9271630754611,0.44631485186264,66.65716215,60.162,82.53454019695582
2021,Côte d’Ivoire,5.235,,,,,,
2021,Denmark,7.636,69327.99821652696,7.83233153264872,0.631746832067094,70.05689094,64.891,85.84750846277905
2021,Dominican Republic,5.737,22053.458986995527,13.666329634232,10.5362752855436,63.56255142,85.614,71.37020906332229
2021,Ecuador,5.533,13507.444563837455,18.605495375963,14.1156873894402,64.34154411,77.692,69.7880820261438
2021,Egypt,4.288,,,,60.36317424,97.046,
2021,El Salvador,6.12,10809.713399517961,28.6065883877576,17.343956146806,62.19610022,76.191,67.56756586028351
2021,Estonia,6.341,44247.419897187276,7.22114742755663,1.95231911106406,66.74032525,65.141,81.48548034971566
2021,Eswatini,4.396,9990.434919512047,17.8762333514337,12.5145709802017,47.46740336,23.709,56.08804613095238
2021,Ethiopia,4.241,2588.4131021377825,23.7887266123944,,58.82731284,64.907,53.42131299603174
2021,Finland,7.821,56790.376617769165,5.26109490666293,1.28133981222055,69.92942246,60.967,87.36498290990056
2021,France,6.687,52517.335490585516,9.93627290816782,1.11071518973766,70.08345936,62.181,83.51365217299042
2021,Gabon,4.958,18523.579803213495,30.4548421034181,,56.25886929,83.2,63.07917289915967
2021,Gambia,5.164,,,,55.84254371,75.055,
2021,Georgia,4.973,18915.653400526273,19.566218652052,,62.475847,64.413,73.5662483065954
2021,Germany,7.034,62630.7748127737,9.90412103549472,0.830375419597212,68.93389132,73.105,83.62776466768526
2021,Ghana,4.872,6607.502973783208,29.2960702713952,1.85431966533681,57.88251828,77.051,62.44681514727102
2021,Greece,5.948,33528.227120251475,15.6616318007135,0.841244735958326,68.55281799,67.356,78.40703716153129
2021,Guatemala,6.262,11825.141273764038,31.1657290720303,20.2458705569498,59.25327698,73.276,60.03423888040064
2021,Guinea,4.891,3738.8051255133023,27.0984815291413,,53.42625796,54.001,54.70261269841269
2021,Honduras,6.022,6202.980788120369,30.2857858448489,38.2025965034663,60.04648065,59.444,61.1051269289534
2021,Hong Kong SAR of China,5.425,,,,,,
2021,Hungary,6.086,38887.190952715355,14.3835277703063,0.772570691377117,64.8387919,62.62,81.33874191364191
2021,Iceland,7.557,62720.79168327966,5.81227571822743,0.536705993798362,71.37048597,75.955,81.80935574229693
2021,India,3.777,7818.657017575041,55.6234726382873,2.92249230234054,58.14674818,83.531,65.85454614845938
2021,Indonesia,5.24,12757.07464402037,19.9850538348218,,60.66924698,85.931,70.11639290382819
2021,Iran,4.888,,,,,,
2021,Iraq,4.941,12731.75357551284,48.7958205411035,,61.0158187,87.539,60.65910793650794
2021,Ireland,7.041,116702.85817484997,8.08642354824427,0.437512696568737,70.00318423,55.005,79.42589010270774
2021,Israel,7.364,46151.10082040303,21.2769390267208,1.9344902218508,70.75752541,93.621,74.03002527831646
2021,Italy,6.467,49825.39341118482,14.908654546733,0.50728829294141,70.56465521,76.784,79.90432436550378
2021,Jamaica,5.85,10430.690977175882,22.2134550045398,51.9438139904003,61.72002219,72.445,69.33326413292589
2021,Japan,6.039,45999.46179668955,11.541008097897,0.226767585297115,73.39518386,91.175,80.60311584395997
2021,Jordan,4.152,10056.561126123857,30.9456076388942,1.03014940057956,65.06663803,93.522,68.2049027926322
2021,Kazakhstan,6.234,32945.85157258231,20.7882543073739,2.84649159527772,61.55451989,76.874,71.68163734217171
2021,Kenya,4.543,5338.852433827813,20.7417100078724,5.25374641584713,58.21708276,75.71,61.6697580298786
2021,Kosovo,6.455,12362.421018121306,,1.89497747704421,,,
2021,Kuwait,6.106,50651.95753370912,61.9693860366375,,67.78423277,96.241,58.361852004477
2021,Kyrgyzstan,5.828,,,,63.42427397,75.803,
2021,Lao PDR,5.14,8080.435532499231,26.0671819322606,,,,60.97391059027777
2021,Latvia,6.18,36912.013060216064,15.6506457326208,3.02293132059141,63.76267358,57.363,81.05264497495968
2021,Lebanon,2.955,11599.775508376539,25.2265566483814,,63.21642704,89.712,63.4559079059829
2021,Lesotho,3.512,2544.7824955121414,27.1127701740992,,44.63433272,38.266,53.26985094246031
2021,Liberia,5.122,1539.20892304674,16.8624791037979,,53.96099924,59.052,50.29913179892004
2021,Libya,5.33,12641.509771407456,22.0481982301485,,62.05697061,75.527,56.27549880952381
2021,Lithuania,6.446,45897.37150263274,13.1257678749685,2.57650105788629,64.22813311,58.134,77.9818516085222
2021,Luxembourg,7.404,136772.44375329168,8.97511853947365,0.624732536382861,71.23441146,69.319,77.48438987644302
2021,Madagascar,4.339,1577.432460565288,12.7391892591544,,55.13701841,43.334,52.67370737628385
2021,Malawi,3.75,1687.5935817965067,15.6967269641745,,54.6681734,65.757,55.77956860119048
2021,Malaysia,5.711,29822.849183161834,14.1005683018031,0.708818550137325,63.9469182,82.443,69.57223991596639
2021,Mali,4.479,2796.227937954306,34.9143864868661,,53.55714781,47.576,52.35220907738095
2021,Malta,6.447,56823.9958525022,11.9224212348358,0.38140534520521,70.7127916,95.19,78.58579080298786
2021,Mauritania,4.153,5836.565808218969,48.987965577262,,60.39312204,59.534,55.60799493251847
2021,Mauritius,6.071,23010.20138269057,14.2401161185035,2.65703154091809,63.63169692,90.873,67.58059019607843
2021,Mexico,6.128,20782.58774409054,16.8243083628705,27.9675034061893,61.43518472,77.371,69.22481799932095
2021,Mongolia,5.761,14792.250908642214,48.7495925005672,6.16826672303943,61.31316296,70.622,67.43628605248918
2021,Montenegro,5.547,23689.97910906513,18.5616072203119,2.48405855422824,65.14714539,81.808,74.09810642135642
2021,Morocco,5.06,8623.265625,18.8808973994063,1.93752077304373,62.33965438,78.132,70.19505581232494
2021,Mozambique,5.048,1457.2354093092151,13.3097982315407,,49.71591103,50.816,53.01114154995332
2021,Myanmar,4.394,5178.447182171636,36.8613783730995,28.6567343550508,59.75064952,69.369,61.69812762074527
2021,Namibia,4.459,9709.099306467706,14.4518731743436,11.2077806904171,52.82296302,42.211,66.87076531279179
2021,Nepal,5.377,4546.229700062892,56.8352288944933,,60.20389397,72.736,67.2320954680736
2021,Netherlands,7.415,68573.56487864471,10.0302491904906,0.710637312796065,,84.401,80.30049248529248
2021,New Zealand,7.2,48202.091336823345,6.64525633790746,1.15511953382508,69.98321689,76.286,79.14376391819985
2021,Nicaragua,6.165,7119.168747826008,20.0656114146273,11.3473196321723,64.61449366,64.458,64.60721872082166
2021,Niger,5.003,1587.8478490732912,62.6985995228804,,52.60991521,49.952,48.08540024801587
2021,Nigeria,4.552,7588.478855870022,63.7505486555452,,54.94979444,80.843,54.08376775740599
2021,North Cyprus,5.467,,,,,,
2021,North Macedonia,5.199,22144.192425273224,22.1217769876626,0.756303996391349,63.71234821,70.672,73.4850245603355
2021,Norway,7.365,92205.76986360489,6.32535191211004,0.536233629966067,71.15530529,64.682,83.74141520407697
2021,Pakistan,4.516,5367.273647147621,58.590150324952,3.78657227562101,56.89014881,88.222,57.12184421330304
2021,Panama,6.309,30932.762778051412,14.7545659474275,12.6570480772218,66.73552793,68.434,68.83136441303793
2021,Paraguay,5.578,15400.944633242812,15.7732462771943,7.85436422886151,60.87813875,59.646,67.67645330537518
2021,Peru,5.559,15285.770685239548,28.9466302805559,8.60480803979216,62.98693141,73.212,72.13853574399457
2021,Philippines,5.904,8857.789951155139,22.7416729471695,,58.76780317,84.895,68.07326587301587
2021,Poland,6.123,41059.5847829682,18.6068862351858,0.717659927064458,65.52082086,60.121,81.46673229809406
2021,Portugal,6.016,38657.66772234286,8.90743352046322,0.789147831496343,69.51926959,70.655,80.75614295475766
2021,Republic of Korea,5.935,,,,72.45058607,90.171,
2021,Republic of Moldova,5.857,,,,61.21177955,53.41,
2021,Romania,6.477,37534.00026435487,16.1003744255086,1.26765356960595,63.8471267,54.792,76.89168604108309
2021,Russian Federation,5.459,38638.4296875,12.9278827390739,6.76512531955806,60.93955704,78.9,73.80799080657903
2021,Rwanda,3.268,2776.3927638792316,37.0965668074397,,58.71232412,92.517,59.94670881132755
2021,Saudi Arabia,6.523,62690.49666459286,73.6731291479972,,65.64451254,83.85,61.41428899470898
2021,Senegal,5.046,4173.677413996166,42.371884937796,,58.90300084,70.243,61.99868496732027
2021,Serbia,6.178,23406.306565711737,19.0942900855095,1.1264836301447,63.87476741,65.008,78.05379704635641
2021,Sierra Leone,3.574,2849.3886583900926,21.3670032854365,,53.12722422,57.693,55.34510039470334
2021,Singapore,6.48,133990.18678210382,13.8183890637078,0.108180423309996,73.64695048,99.916,72.01087158730158
2021,Slovakia,6.391,,,,64.94128359,53.569,
2021,Slovenia,6.63,45922.66326001342,12.7146140710229,0.425835133669648,69.35553821,50.414,80.81081648841355
2021,South Africa,5.194,13681.954814481312,27.7225927797214,40.9429825270973,52.75708232,,64.8598628681776
2021,Spain,6.476,44251.66582226214,10.2366414392856,0.607512242916661,71.10701546,78.768,80.77666078431373
2021,Sri Lanka,4.362,14316.135222556668,21.4624506663055,,66.72826261,84.815,69.60006631440456
2021,State of Palestine,4.483,,,,,94.232,
2021,Sweden,7.384,62190.85269838252,5.82496147194208,1.08485573554827,71.11832049,68.96,86.32735331890333
2021,Switzerland,7.512,83524.98328801953,9.5328942364051,0.482369204585241,71.14915936,76.235,80.59008331043957
2021,Taiwan Province of China,6.512,,,,,,
2021,Tajikistan,5.377,3985.9124761121852,34.7938330280456,,63.0851038,83.152,66.6270226686508
2021,Tanzania,3.702,3493.0830078125,20.59925012622,,,,56.3781562218827
2021,Thailand,5.891,20236.976040878446,23.8087317782197,,65.75672573,60.98,74.50422936507937
2021,Togo,4.112,2952.097300669849,34.5087889494952,,55.84901463,71.72,57.7840451914099
2021,Tunisia,4.516,12444.3264026887,20.064818139673,,63.57980464,71.301,71.96668405907818
2021,Turkmenistan,5.474,16259.870005188437,35.1310852664652,,60.82372958,76.871,57.29305780219781
2021,Türkiye,4.744,,,,65.20501151,82.422,68.9075769201387
2021,Uganda,4.603,2684.9203593974353,32.2662841882816,8.52084677875181,57.22439375,71.168,54.19524566197691
2021,Ukraine,5.084,17846.408203125,15.7278049885396,3.77663964401616,61.55215691,74.166,74.16608446033133
2021,United Arab Emirates,6.576,68580.13129126764,56.3065448613774,0.44948191080481,67.27370093,90.49,69.83650471521942
2021,United Kingdom,6.943,51840.44242455153,9.99579607939085,1.11868407522333,,86.119,82.43053908868909
2021,United States,6.977,71441.23198059498,8.231389869812,6.77972198500888,,,75.81486357694591
2021,Uruguay,6.474,29431.873883336113,11.1461992677525,9.00875836787795,64.9870654,86.293,77.61276316983671
2021,Uzbekistan,6.063,9705.600545656924,34.2032324656807,1.39879762685076,63.3588737,85.795,72.33838240231991
2021,Venezuela,4.925,,,,,,
2021,Viet Nam,5.485,12048.901993553598,25.2349538086608,,65.35112469,87.003,
2021,Yemen,4.197,,,,56.46367823,85.469,
2021,Zambia,3.76,3503.034914183715,19.5925009286197,,52.97009434,53.617,51.30782471139973
2021,Zimbabwe,2.995,4827.109601659941,15.1447088758431,6.2162875596387,51.24891236,33.839,56.96252734487734
2022,Afghanistan,1.859,1981.7101681056113,40.2067792804569,,,83.844,45.35046547138048
2022,Albania,5.277,19388.792727935066,16.4538233724819,1.6975478920699,,68.342,74.62927681224005
2022,Algeria,5.329,14782.20029702472,19.1821741766237,1.74812144835182,,80.289,71.00110530515236
2022,Argentina,6.024,27825.0273492567,15.8656062718096,4.31202462020709,,86.142,74.62770788345642
2022,Armenia,5.342,17886.178387716784,29.3633535061781,2.74222289100063,,77.158,74.22115104166666
2022,Australia,7.095,60029.13291907325,5.30273651659332,0.839663105025691,,82.027,78.32928024785673
2022,Austria,7.097,65694.45915014677,10.6275168759367,0.871514782049046,,58.942,85.36817110771172
2022,Bahrain,6.173,57572.997981017965,62.6696652208807,0.195636140255462,,97.919,61.87462597883599
2022,Bangladesh,4.282,7888.1638909830435,63.2199514017555,,,97.98,63.15972398989898
2022,Belgium,6.859,62602.92704697653,10.074123834212,,,78.721,81.00181067690478
2022,Benin,4.374,3588.3251993814706,41.496929120914,,,73.242,58.32880385154061
2022,Bolivia,5.684,11487.714879919436,30.5651114620926,4.01584677979597,,,68.2306278589466
2022,Bosnia and Herzegovina,5.633,19298.117076437047,27.1094617563555,1.09211115070447,,51.384,73.50025893665159
2022,Botswana,3.435,18647.373458883187,13.3955374058688,,,69.735,63.4320054811508
2022,Brazil,6.125,18554.04618285662,14.946073685839,20.0811754127452,,79.434,72.82969932942876
2022,Bulgaria,5.466,32433.658756962646,22.8155719307165,1.11341216291447,,60.422,75.64708790849673
2022,Burkina Faso,4.638,2469.199569412594,41.5553296753411,,,50.356,52.51060942460317
2022,Cambodia,4.393,6458.3681488083985,19.8334520389805,,,68.518,62.71909950847764
2022,Cameroon,4.973,4843.6503820291655,56.6299237952112,6.76008919336955,,74.884,57.42385268228504
2022,Canada,6.961,58583.129986013795,6.38948485769886,2.27195104620383,,76.254,79.31884816653934
2022,Chad,4.397,2449.4825105229634,42.4135112395066,,,51.858,42.94664171626984
2022,Chile,6.334,29560.45138057852,29.1705232939256,6.80201256720408,,81.966,78.88829842967489
2022,China,5.818,21499.312555975706,31.8957749766111,,,83.674,74.21428674136321
2022,Colombia,5.63,18458.720946070363,18.8527177779036,24.9488076386337,,81.786,70.19256438969526
2022,Comoros,3.545,3465.8402271704995,12.0356986217286,,,86.847,53.67912408963585
2022,Congo,5.267,,,,,91.798,
2022,Costa Rica,6.609,25290.008746697484,18.2413082350632,12.908902016219,,73.851,73.28752523130464
2022,Croatia,6.125,39863.91093776488,16.8333506097167,0.79344217483012,,54.585,81.94887651727358
2022,Cyprus,6.13,50840.9140625,21.3967671637857,0.600884802872229,,75.819,74.98046944983123
2022,Czechia,6.845,48390.66167867495,12.8501106624388,0.81512474266184,,60.257,82.86942144764959
2022,Côte d’Ivoire,5.053,,,,,,
2022,DR Congo,3.207,,,,,,
2022,Denmark,7.586,69089.46924922892,8.20415192314087,0.982567307766424,,64.991,85.8472050207962
2022,Dominican Republic,5.569,22986.95808104995,12.8281909827094,12.3678475675698,,85.709,72.19765895934133
2022,Ecuador,5.559,14186.638854462459,19.8012550282051,27.4126359684417,,77.897,70.16719173669469
2022,Egypt,4.17,,,,,97.155,
2022,El Salvador,6.122,11085.616616955323,29.793836814941,7.89768799960639,,76.308,67.66614280196927
2022,Estonia,6.455,43124.61965637754,6.63187069919039,1.48138107676406,,65.264,81.85776044053986
2022,Ethiopia,4.091,2655.5927674363893,23.5261339843168,,,65.417,54.61271334325397
2022,Finland,7.804,57068.305647807356,5.11856750896099,1.23893509757691,,61.061,87.60593165919049
2022,France,6.661,53673.81374064215,10.3836622746905,1.23873280289769,,62.25,83.7704404210169
2022,Gabon,5.035,18662.049797047206,32.1853662714696,,,83.305,62.97718085901028
2022,Gambia,4.279,,,,,75.251,
2022,Georgia,5.109,20966.528039113447,19.351565028902,,,64.515,73.69199369323486
2022,Germany,6.892,63777.929102929935,9.64877683820048,0.815829208272123,,73.186,84.03728730583144
2022,Ghana,4.605,6728.45413832472,30.0880306483719,1.83111773115644,,77.253,62.71974045921399
2022,Greece,5.931,35828.175664177565,16.3030538124793,1.12365161805833,,67.535,78.30234954587895
2022,Guatemala,6.15,12144.480046159735,28.3120937251037,22.0474401521257,,73.632,59.79084626941685
2022,Guinea,5.072,3792.0106883627727,27.6046011191563,,,54.402,55.30321022408964
2022,Honduras,6.023,6352.587101777318,29.6637651594529,34.9679353875888,,59.81,60.95950027586792
2022,Hong Kong SAR of China,5.308,,,,,,
2022,Hungary,6.041,40610.971136823806,13.9643061911554,0.970642654757226,,62.689,80.84375854180543
2022,Iceland,7.53,66581.24418010024,4.87771243846275,1.05164773481651,,76.047,82.56624033613447
2022,India,4.036,8347.384786470864,50.6577446303517,2.81530423021647,,83.668,67.06439176003735
2022,Indonesia,5.277,13334.265394763685,19.7659265420197,0.303768746039586,,85.958,70.17378636788051
2022,Iran,4.876,,,,,,
2022,Iraq,4.941,13433.397716695561,59.5284377287451,,,87.573,60.97773984593839
2022,Ireland,6.911,123007.4764865099,8.10103504227002,0.861054139659655,,55.195,79.94325719378661
2022,Israel,7.473,48132.36372051771,23.0791533108637,1.62581066709758,,93.679,74.12775736910147
2022,Italy,6.405,52333.32742706041,16.2350417959884,0.540095240763765,,76.817,80.20774349376114
2022,Jamaica,5.703,11096.637708532093,20.7985769822432,53.1146007388142,,72.533,69.66266294032764
2022,Japan,6.129,46819.360613609024,12.4368126972419,0.231204479818001,,91.225,80.7650254271872
2022,Jordan,4.12,10158.473877152373,33.3041989417809,1.11937678075855,,93.578,68.60206489686783
2022,Kazakhstan,6.144,33506.26148932374,18.9935714383546,2.55058633787163,,77.058,71.90358266143578
2022,Kenya,4.487,5491.693782802457,20.77459729359,4.87166844718499,,76.066,62.65088011204482
2022,Kosovo,6.368,13022.462744150202,,,,,
2022,Kyrgyzstan,5.825,,,,,76.084,
2022,Lao PDR,5.111,8183.032864726526,25.3425878362043,,,,61.7609078125
2022,Latvia,6.213,37718.70979583672,13.9221548814057,3.56181584561495,,57.592,81.78280854341739
2022,Lebanon,2.392,11474.750584555837,27.98267173145,,,89.799,62.54194571213102
2022,Liberia,4.042,1578.9983706917492,18.0264041675687,,,59.061,50.47418843786932
2022,Lithuania,6.763,46642.59472510857,11.0994312721468,2.37848472418186,,58.34,78.9756516297428
2022,Luxembourg,7.228,132570.83227262617,9.07553744912506,1.5306610542428,,69.903,78.30572392225831
2022,Madagascar,4.019,1602.428051975288,13.7055222398519,,,43.764,52.61801223155929
2022,Malawi,3.495,1659.9593382516805,20.1661455127716,,,67.051,55.54744626623376
2022,Malaysia,6.012,32129.221782011253,15.3331668435575,0.691732496782795,,82.601,69.74205256769375
2022,Mali,4.198,2813.8109596256463,37.3348886349998,,,48.051,52.40087589285714
2022,Malta,6.3,56874.43393273677,11.578291572615,1.51460075124197,,95.272,78.33140378151262
2022,Mauritania,4.724,6053.261781247681,45.0399461631116,,,59.922,55.63952155589509
2022,Mauritius,5.902,25005.06661457229,15.054806246095,2.27249663925174,,90.868,67.90922036199098
2022,Mexico,6.33,21391.857369884536,16.6329908517605,25.8814968854168,,77.415,70.30264920210509
2022,Mongolia,5.84,15310.434946916346,40.9215812032638,5.96571485950299,,70.744,67.89016195661976
2022,Montenegro,5.722,25583.315569061866,18.6822081301969,2.60311804733607,,81.841,74.25623044733045
2022,Morocco,4.903,8690.4482421875,21.3232528983588,1.65554646642091,,78.162,70.6413780812325
2022,Mozambique,4.954,1476.7343291702634,16.045018396151,,,51.582,53.04811288515405
2022,Myanmar,4.372,5350.476668999314,32.8498528834077,3.90276297667527,,69.376,62.45479806892454
2022,Namibia,4.631,9953.097524034909,16.6999376084699,,,42.635,67.16385700280114
2022,Nepal,5.36,4763.387510739456,50.6322528228936,,,72.873,68.68675834911616
2022,Netherlands,7.403,71324.03602294251,9.71599320228502,0.798685419651381,,84.504,80.65103253478549
2022,New Zealand,7.123,49842.98453341615,6.98542238085309,1.46149415952832,,76.291,78.310720181728
2022,Nicaragua,6.259,7277.820416525839,20.8229199248067,,,64.518,64.6850991129785
2022,Niger,4.501,1724.8969942521517,74.5735734758223,,,50.462,47.86227177579364
2022,Nigeria,4.981,7752.262064952472,70.6169092406565,,,81.096,54.50708808250574
2022,North Macedonia,5.254,22822.233399425928,22.5016591432148,0.978137007650662,,70.801,73.94585336174242
2022,Norway,7.315,95109.8201605729,6.02028911555586,0.549772609467286,,64.889,84.04363934398934
2022,Pakistan,4.555,5526.279283102131,57.8617671689119,4.07754321000689,,88.448,57.46146681129329
2022,Panama,6.265,33915.16933063093,15.213921782961,11.3389170493456,,68.549,69.22621378066377
2022,Paraguay,5.738,15222.892022859845,14.3967643392135,7.57344466296988,,59.91,67.09975018037518
2022,Peru,5.526,15566.524261256262,32.4787651622913,,,73.412,72.39960471946355
2022,Philippines,5.523,9457.103954028831,24.241932485757,,,84.979,68.71090989729225
2022,Poland,6.26,43405.021579744105,15.8902118298564,0.703386223722305,,60.197,82.03154171547408
2022,Portugal,5.968,41070.8611529744,9.24389572463552,0.719971949892832,,70.796,80.4514562218827
2022,Republic of Korea,5.951,,,,,90.233,
2022,Republic of Moldova,5.819,,,,,53.456,
2022,Romania,6.589,39256.82608549771,16.410091955998,1.28868853637199,,54.873,77.07713333333334
2022,Russian Federation,5.661,38214.69140625,11.7967766756222,,,78.982,73.97732555483732
2022,Saudi Arabia,6.463,67178.59022749063,77.7937502863318,,,84.046,61.88649039682539
2022,Senegal,4.855,4228.733826436619,39.328601950874,,,70.611,62.19018912231559
2022,Serbia,6.144,24651.847818352915,19.5487459666309,1.08964325742373,,65.187,78.15813993506494
2022,Sierra Leone,3.138,2934.7332634038976,22.3654861743939,,,57.706,56.10067723453017
2022,Singapore,6.587,134828.0013926137,15.0924840424926,0.123896338057884,,99.906,72.26214984126985
2022,Slovakia,6.469,,,,,53.616,
2022,Slovenia,6.65,47058.88659600281,13.6531875986125,0.614590956625007,,50.515,80.87428451744334
2022,South Africa,5.275,13767.496758993606,28.5062817047988,43.7202551331462,,,65.04247517188693
2022,Spain,6.436,46733.48097805359,11.9338447646942,0.679512839473507,,78.898,80.79277865631103
2022,Sri Lanka,4.442,13249.065050520132,24.0274945850207,,,84.947,69.00967154740681
2022,State of Palestine,4.908,,,,,94.393,
2022,Sweden,7.395,62544.50022486441,5.68785506406734,1.10609575089503,,69.086,86.5742944147356
2022,Switzerland,7.24,85762.28291743038,10.174784111954,0.477697117734824,,76.445,81.17294731379732
2022,Taiwan Province of China,6.535,,,,,,
2022,Tajikistan,5.33,4213.756183626869,34.3869193134356,,,83.51,65.29712713293651
2022,Tanzania,3.694,3546.98095703125,21.8389520235848,,,,56.92263117731942
2022,Thailand,5.843,20768.480009357656,23.7248825508583,,,61.313,74.81231111111111
2022,Togo,4.137,3086.408787423343,35.8141758880983,,,72.166,58.13423510737628
2022,Tunisia,4.497,12712.223454530023,22.397309689228,,,71.35,71.92715135387488
2022,Türkiye,4.614,,,,,82.513,69.76089057788619
2022,Uganda,4.432,2724.9060956840863,31.8919228193081,8.75663044480037,,72.662,54.01154140963203
2022,Ukraine,5.071,13787.12109375,14.0233703256144,,,74.291,74.07780522793179
2022,United Arab Emirates,6.571,70075.63837394999,67.6947186324117,0.693218125037315,,90.712,69.82093300653595
2022,United Kingdom,6.796,53979.76791162336,10.016644435978,,,86.193,82.51227824659001
2022,United States,6.894,72828.74309071893,7.4282378905124,6.51267429794199,,,75.56613811907047
2022,Uruguay,6.494,30840.07098276756,11.789659192261,11.2948931452974,,86.337,77.87760611382083
2022,Uzbekistan,6.014,10091.38778699989,32.8550742639477,,,86.154,73.17452843406593
2022,Venezuela,5.211,,,,,,
2022,Viet Nam,5.763,12979.763898371073,25.5235044035632,,,87.136,
2022,Zambia,3.982,3585.1237908434655,23.4901848842686,,,54.002,51.90734418740981
2022,Zimbabwe,3.204,5036.7831773223925,17.3901790946352,6.75833125350771,,34.055,56.93172586129148
2023,Afghanistan,1.721,1983.8126199290873,37.9483109911724,,,83.578,45.09750431457432
2023,Albania,5.304,20501.64707267415,15.5141032036885,1.38708340817063,,68.569,74.77885694550548
2023,Algeria,5.364,15159.324237341518,16.5394687279881,1.16107238811947,,80.533,71.29428742042272
2023,Argentina,6.188,27230.396849668192,14.3465949932455,4.49291137824536,,86.189,73.884133600713
2023,Armenia,5.455,19402.75109155784,28.5532304553511,2.20833575400906,,77.242,74.69790282738094
2023,Australia,7.057,60684.95962048829,6.41473930057816,0.854406035826682,,81.942,78.60339467787115
2023,Austria,6.905,64536.2076307547,10.0337620235066,0.876191031111463,,59.05,85.49124308330559
2023,Azerbaijan,4.893,21310.738691502233,23.7138875571912,2.16122820563689,,79.02,74.0390041170635
2023,Bahrain,5.959,57819.905183124225,56.5654845582004,,,97.948,62.65660708994709
2023,Bangladesh,3.886,8242.397989772422,69.2525518340174,,,97.991,64.69449657499364
2023,Belgium,6.894,63042.00998763087,8.44918716609445,,,78.872,81.09885683858626
2023,Benin,4.377,3721.2125481480793,39.6565559870988,,,73.556,58.75718370681606
2023,Bolivia,5.784,11616.157559515917,28.1374394437756,4.41843313132273,,,68.38235282738096
2023,Bosnia and Herzegovina,5.877,19804.91814656348,26.0886959562752,1.22446173133237,,51.482,73.5519215937657
2023,Botswana,3.383,18932.480271233406,13.2435593608353,,,69.989,64.21052472718254
2023,Brazil,6.272,19079.81221340277,13.3827173243912,19.2752957673079,,79.526,73.52053040488923
2023,Bulgaria,5.463,33073.68030934533,19.6823426211069,1.08890737415431,,60.583,75.90181484593838
2023,Burkina Faso,4.548,2486.2066981287094,37.3246424541393,,,50.808,52.78819846230159
2023,Cambodia,4.341,6695.291947637226,19.4262068786841,,,68.737,63.94156321248196
2023,Cameroon,4.874,4875.2512076800485,55.603592684544,,,75.207,57.34904890501656
2023,Canada,6.9,58088.37780779945,6.55039237938261,1.97968887560784,,76.259,79.28008793396145
2023,Chad,4.471,2433.533309627074,42.9595249298994,,,52.032,42.98669995039682
2023,Chile,6.36,29600.418861316757,23.1032480114662,6.34829073035101,,82.067,78.75449471606824
2023,China,5.973,22687.251953432795,31.991575365069,,,83.689,74.48374977375565
2023,Colombia,5.695,18406.624233849125,18.3566187713727,24.9134420347488,,81.942,71.2866224301842
2023,Comoros,3.566,3508.1586233154544,10.1727579725379,,,87.092,54.04198886554622
2023,Congo,5.221,,,,,91.83,
2023,Costa Rica,6.955,26378.540994192583,17.6979830088429,17.7454798727379,,73.939,73.28513338001868
2023,Croatia,5.942,41320.25799577197,15.7786705432032,0.667347104040825,,54.684,81.94035630252101
2023,Cyprus,6.068,51674.90234375,16.0691610763589,0.81785876397005,,75.891,74.54731376499316
2023,Czechia,6.822,47558.410676331405,12.7487592084261,0.767827757917044,,60.352,82.98325831945832
2023,Côte d’Ivoire,5.08,,,,,,
2023,DR Congo,3.295,,,,,,
2023,Denmark,7.583,68993.90311003616,7.50264703002735,0.840599404536194,,65.089,85.91749721585606
2023,Dominican Republic,5.823,23282.489507105423,13.5127642846618,10.9166976980638,,85.803,72.39162328961888
2023,Ecuador,5.725,14321.164829561092,18.6084478897872,45.7228145164847,,78.098,70.20914561157795
2023,Egypt,3.977,,,,,97.26,
2023,El Salvador,6.469,11404.334226268531,29.5862475987305,,,76.424,67.60839695696461
2023,Estonia,6.448,41284.77468755315,5.91844561892566,1.53599045052794,,65.388,82.20117757405994
2023,Eswatini,3.502,10181.50407303966,16.7458644287773,,,24.092,57.75521812996033
2023,Ethiopia,3.861,2757.9592362609947,23.8032820424199,,,65.9,54.82477395833334
2023,Finland,7.741,56051.770112950064,4.56663882609005,0.98193498501344,,61.154,87.70709251957193
2023,France,6.609,54296.723089773055,8.22738625697416,1.33506280409367,,62.319,83.62555580595877
2023,Gabon,5.106,18701.422776632266,31.3215918230835,,,83.405,63.37022602707751
2023,Gambia,4.485,,,,,75.437,
2023,Georgia,5.185,22590.529364914593,18.5711667549529,,,64.616,73.49382308802309
2023,Germany,6.719,63140.19490996694,8.81223056430691,0.910722780231795,,73.267,84.21627695017399
2023,Ghana,4.289,6808.537750039638,28.143601284493,,,77.446,62.95453810797047
2023,Greece,5.934,36700.51346310555,14.118664022908,0.839605274224601,,67.72,78.43157258297258
2023,Guatemala,6.287,12380.371512199612,29.6792763049113,23.3657267272051,,73.978,60.32871665393431
2023,Guinea,5.023,3904.82395527998,27.2639917651602,,,54.785,56.01125186741363
2023,Honduras,5.968,6467.880035278305,30.7188969730187,31.4424316507577,,60.164,61.22477745522453
2023,Hong Kong SAR of China,5.316,,,,,,
2023,Hungary,6.017,40333.25468881178,13.7155825810085,0.722657964901225,,62.759,80.6835543928294
2023,Iceland,7.525,69268.12214042238,4.93296364385632,1.29013114183057,,76.136,82.46146685340804
2023,India,4.054,8870.550276093447,54.0522242217331,,,83.802,67.54927875816993
2023,Indonesia,5.568,13889.949501285811,20.8444642120249,,,85.985,70.34852833800187
2023,Iran,4.923,,,,,,
2023,Iraq,5.166,13202.322807385595,49.4713662187955,,,87.606,61.31739087301587
2023,Ireland,6.838,117659.728593716,7.51222073505132,0.654270171245596,,55.379,80.36271425600545
2023,Israel,7.341,47671.247692608595,21.9008483431459,,,93.734,74.25436446168212
2023,Italy,6.324,52842.62888317576,14.291805636343,0.568072449338316,,76.849,80.11802988286225
2023,Jamaica,5.842,11398.812039464106,21.6535070203861,49.4403451527686,,72.622,69.37603022663609
2023,Japan,6.06,47387.217254252326,11.4519383176575,0.229153196964695,,91.276,80.76756823340058
2023,Jordan,4.186,10308.782198633686,32.6320116469358,0.987830151085125,,93.632,68.99182886851712
2023,Kazakhstan,6.188,34703.23492866036,19.5961413356991,,,77.238,72.30907336309524
2023,Kenya,4.47,5691.825134744166,20.252365609383,,,76.409,64.96098155929039
2023,Kosovo,6.561,14240.203032036463,,,,,
2023,Kuwait,6.951,47790.193323914384,62.3484361793193,,,96.37,59.79320682132682
2023,Kyrgyzstan,5.714,,,,,76.355,
2023,Lao PDR,5.139,8372.155918744065,25.9762899979383,,,,62.56226852678571
2023,Latvia,6.234,37277.721722131726,13.0121664059875,2.49681788529087,,57.822,81.92210348017996
2023,Lebanon,2.707,11330.268738742221,26.6948532836253,,,89.885,62.74922232277527
2023,Lesotho,3.186,2592.4570129526005,26.4379773450967,,,39.275,54.59586321924603
2023,Liberia,4.269,1616.923733566953,17.9178293051068,,,59.07,51.04146138779521
2023,Libya,5.866,12476.597494408254,20.014492731108,,,75.72,58.11786785714286
2023,Lithuania,6.818,46333.900696520606,10.7455249948656,2.62779952622526,,58.545,79.6002372633902
2023,Luxembourg,7.122,130048.92227314721,7.42989857852829,,,70.469,78.43828843344156
2023,Madagascar,4.228,1629.6055225488976,12.3865755564591,,,44.173,52.77591895424836
2023,Malawi,3.421,1649.2987323455052,16.7211601349048,,,68.28,55.59931585046898
2023,Malaysia,5.975,32857.66766007743,15.8650142432827,0.734492430713877,,82.754,70.39747096171804
2023,Mali,4.232,2861.4805806331437,35.5240450338273,,,48.497,52.74160024801588
2023,Malta,6.346,60459.76551826439,10.8087176501156,0.562898250512237,,95.352,79.0224392623716
2023,Mauritania,4.505,6276.475210756528,46.5013986975929,,,60.288,56.18286546982429
2023,Mauritius,5.816,26471.035142289216,14.0610818595338,,,90.863,67.63372380593262
2023,Mexico,6.678,21864.92361041453,16.6099613756465,24.8589948436701,,77.459,70.53332786690434
2023,Mongolia,5.696,16222.86388985287,42.6916874423772,5.91503475082916,,70.863,68.06516842983405
2023,Montenegro,5.707,27243.404228981002,18.4546520922672,0.789201202111271,,81.873,74.5568921101774
2023,Morocco,4.795,8915.3515625,18.7206508843713,1.70500474577332,,78.192,71.2001670401494
2023,Mozambique,5.216,1512.667296096708,13.7216828951578,,,52.304,53.37277978524743
2023,Myanmar,4.354,5364.137970344292,35.0665284656219,2.57510107248619,,69.383,62.67158356676005
2023,Namibia,4.832,10126.235955561075,14.2253008498779,,,43.038,67.42629066293183
2023,Nepal,5.158,4861.230303797002,53.2003436952498,,,73.01,68.79711598575037
2023,Netherlands,7.319,70198.95460223609,8.58757364083248,0.690893081283378,,84.606,80.87976867968634
2023,New Zealand,7.029,49592.58755120981,6.88138507182829,,,76.296,78.61136810290404
2023,Nicaragua,6.284,7496.530565575048,20.4180839334698,,,64.577,64.78492079831933
2023,Niger,4.556,1712.970317265209,65.2302894952218,,,50.94,48.58450166847042
2023,Nigeria,4.881,7843.003990076752,65.740618883028,15.7466808233499,,81.338,55.25956431542315
2023,North Macedonia,5.369,23455.22213181764,21.8117148685703,1.52854990019388,,70.932,74.06484833603896
2023,Norway,7.302,94364.96417543356,5.52141079375347,0.724747049690651,,65.093,84.31165420559832
2023,Pakistan,4.657,5418.769318929704,58.3745179541935,4.33487075793336,,88.667,57.68553723694607
2023,Panama,6.358,35872.97192000688,15.1210531361735,11.7072934419645,,68.661,68.82747910194382
2023,Paraguay,5.977,15831.584983130846,15.327993717276,6.7795163925492,,60.167,67.80727008026695
2023,Peru,5.841,15342.274135964233,31.0938536450575,,,73.609,72.53229901111959
2023,Philippines,6.048,9898.532945881065,22.2053003753671,4.34759149828352,,85.061,69.74179705882354
2023,Poland,6.442,43672.76680149465,16.522574789688,0.802314721828908,,60.273,82.32214376342613
2023,Portugal,6.03,41768.25830968737,8.76550462748695,,,70.937,80.92798328664797
2023,Republic of Korea,6.058,,,,,90.295,
2023,Republic of Moldova,5.816,,,,,53.503,
2023,Romania,6.491,40116.68914169041,16.007729806639,1.10887485110282,,54.956,77.76157091503266
2023,Russian Federation,5.785,39881.44921875,11.5661567768194,,,79.065,74.06101031746033
2023,Saudi Arabia,6.594,64481.844192728786,73.5179752363051,,,84.234,62.87548285714286
2023,Senegal,4.969,4304.761487217733,41.6483649398667,,,70.961,62.63840438842205
2023,Serbia,6.411,25735.133477419517,19.3375514552379,1.31400205013848,,65.368,78.43689858856422
2023,Sierra Leone,3.245,3034.946081925047,22.461260523478,,,57.718,56.100728168237
2023,Singapore,6.523,130296.84378926073,15.1427300261359,0.0690954942050905,,99.897,72.25041492063492
2023,Slovakia,6.257,,,,,53.663,
2023,Slovenia,6.743,47986.41958558214,12.5550625384956,0.566466326409227,,50.616,81.40250846277905
2023,South Africa,5.422,13695.375569407595,27.7247110277789,,,,65.14039665138783
2023,Spain,6.421,47322.59370045036,10.0808338779581,0.690855954769765,,79.027,80.77006678125794
2023,Sri Lanka,3.898,13065.069830572234,22.6820308390395,,,85.077,68.7458599439776
2023,State of Palestine,4.879,,,,,94.548,
2023,Sweden,7.344,62122.5116950792,5.25938129137927,1.14675703743944,,69.211,86.8057385620915
2023,Switzerland,7.06,85383.35645040081,8.32022270668715,0.597481940544685,,76.651,81.22006545329671
2023,Taiwan Province of China,6.503,,,,,,
2023,Tajikistan,5.281,4472.324137877705,33.3455362132125,,,83.854,66.24879087301586
2023,Tanzania,3.781,3620.79345703125,20.1699588964355,,,,57.31627983617689
2023,Thailand,5.976,21245.270677187928,23.4870743016258,,,61.646,75.31882259570496
2023,Togo,4.214,3215.8230002248797,34.3346739146749,,,72.593,58.51171704014939
2023,Tunisia,4.422,12650.961515816594,18.874792802061,,,71.398,71.77699271708683
2023,Türkiye,4.975,,,,,82.603,70.16320481985335
2023,Uganda,4.372,2791.0557688586127,31.2148242708861,8.97308867739149,,74.071,54.30499714556277
2023,Ukraine,4.873,15916.9580078125,14.854701604932,,,74.423,74.74185588751526
2023,United Arab Emirates,6.733,70239.83283372284,57.1867315267375,,,90.918,70.557010410831
2023,United Kingdom,6.749,53423.422633829156,9.46282991802458,,,86.266,82.47230381775088
2023,United States,6.725,74351.6718197429,6.96804491055748,5.76340794073065,,,75.68897292511411
2023,Uruguay,6.611,31100.96968898817,10.8548023885457,11.2453054170348,,86.381,77.49569897977838
2023,Uzbekistan,6.195,10514.09557214471,32.7713715610547,,,86.499,72.89212721306471
2023,Venezuela,5.607,,,,,,
2023,Viet Nam,6.043,13534.799784301644,24.7845479100313,,,87.266,
2023,Yemen,3.561,,,,,85.077,
2023,Zambia,3.502,3673.4841969922013,20.2430489112714,,,54.365,52.27157992875181
2023,Zimbabwe,3.341,5218.04526596398,15.0254734850511,,,34.263,57.09338627344878
